solid ASCII
  facet normal 0.000000e+00 9.991168e-01 -4.201935e-02
    outer loop
      vertex   5.000000e+00 2.200000e+00 1.626667e+02
      vertex   6.000000e+00 2.200000e+00 1.626667e+02
      vertex   5.000000e+00 2.185169e+00 1.623140e+02
    endloop
  endfacet
  facet normal 0.000000e+00 9.991168e-01 -4.201935e-02
    outer loop
      vertex   5.000000e+00 2.185169e+00 1.623140e+02
      vertex   6.000000e+00 2.200000e+00 1.626667e+02
      vertex   6.000000e+00 2.185169e+00 1.623140e+02
    endloop
  endfacet
  facet normal 0.000000e+00 9.920605e-01 -1.257613e-01
    outer loop
      vertex   5.000000e+00 2.185169e+00 1.623140e+02
      vertex   6.000000e+00 2.185169e+00 1.623140e+02
      vertex   5.000000e+00 2.140780e+00 1.619639e+02
    endloop
  endfacet
  facet normal 0.000000e+00 9.920605e-01 -1.257613e-01
    outer loop
      vertex   5.000000e+00 2.140780e+00 1.619639e+02
      vertex   6.000000e+00 2.185169e+00 1.623140e+02
      vertex   6.000000e+00 2.140780e+00 1.619639e+02
    endloop
  endfacet
  facet normal 0.000000e+00 9.779978e-01 -2.086150e-01
    outer loop
      vertex   5.000000e+00 2.140780e+00 1.619639e+02
      vertex   6.000000e+00 2.140780e+00 1.619639e+02
      vertex   5.000000e+00 2.067146e+00 1.616187e+02
    endloop
  endfacet
  facet normal 0.000000e+00 9.779978e-01 -2.086150e-01
    outer loop
      vertex   5.000000e+00 2.067146e+00 1.616187e+02
      vertex   6.000000e+00 2.140780e+00 1.619639e+02
      vertex   6.000000e+00 2.067146e+00 1.616187e+02
    endloop
  endfacet
  facet normal 0.000000e+00 9.570280e-01 -2.899954e-01
    outer loop
      vertex   5.000000e+00 2.067146e+00 1.616187e+02
      vertex   6.000000e+00 2.067146e+00 1.616187e+02
      vertex   5.000000e+00 1.964789e+00 1.612809e+02
    endloop
  endfacet
  facet normal 0.000000e+00 9.570280e-01 -2.899954e-01
    outer loop
      vertex   5.000000e+00 1.964789e+00 1.612809e+02
      vertex   6.000000e+00 2.067146e+00 1.616187e+02
      vertex   6.000000e+00 1.964789e+00 1.612809e+02
    endloop
  endfacet
  facet normal 0.000000e+00 9.292992e-01 -3.693277e-01
    outer loop
      vertex   5.000000e+00 1.964789e+00 1.612809e+02
      vertex   6.000000e+00 1.964789e+00 1.612809e+02
      vertex   5.000000e+00 1.834430e+00 1.609529e+02
    endloop
  endfacet
  facet normal 0.000000e+00 9.292992e-01 -3.693277e-01
    outer loop
      vertex   5.000000e+00 1.834430e+00 1.609529e+02
      vertex   6.000000e+00 1.964789e+00 1.612809e+02
      vertex   6.000000e+00 1.834430e+00 1.609529e+02
    endloop
  endfacet
  facet normal 0.000000e+00 8.950072e-01 -4.460517e-01
    outer loop
      vertex   5.000000e+00 1.834430e+00 1.609529e+02
      vertex   6.000000e+00 1.834430e+00 1.609529e+02
      vertex   5.000000e+00 1.676991e+00 1.606370e+02
    endloop
  endfacet
  facet normal 0.000000e+00 8.950072e-01 -4.460517e-01
    outer loop
      vertex   5.000000e+00 1.676991e+00 1.606370e+02
      vertex   6.000000e+00 1.834430e+00 1.609529e+02
      vertex   6.000000e+00 1.676991e+00 1.606370e+02
    endloop
  endfacet
  facet normal 0.000000e+00 8.543942e-01 -5.196253e-01
    outer loop
      vertex   5.000000e+00 1.676991e+00 1.606370e+02
      vertex   6.000000e+00 1.676991e+00 1.606370e+02
      vertex   5.000000e+00 1.493582e+00 1.603354e+02
    endloop
  endfacet
  facet normal 0.000000e+00 8.543942e-01 -5.196253e-01
    outer loop
      vertex   5.000000e+00 1.493582e+00 1.603354e+02
      vertex   6.000000e+00 1.676991e+00 1.606370e+02
      vertex   6.000000e+00 1.493582e+00 1.603354e+02
    endloop
  endfacet
  facet normal 0.000000e+00 8.077471e-01 -5.895292e-01
    outer loop
      vertex   5.000000e+00 1.493582e+00 1.603354e+02
      vertex   6.000000e+00 1.493582e+00 1.603354e+02
      vertex   5.000000e+00 1.285501e+00 1.600503e+02
    endloop
  endfacet
  facet normal 0.000000e+00 8.077471e-01 -5.895292e-01
    outer loop
      vertex   5.000000e+00 1.285501e+00 1.600503e+02
      vertex   6.000000e+00 1.493582e+00 1.603354e+02
      vertex   6.000000e+00 1.285501e+00 1.600503e+02
    endloop
  endfacet
  facet normal 0.000000e+00 7.553952e-01 -6.552695e-01
    outer loop
      vertex   5.000000e+00 1.285501e+00 1.600503e+02
      vertex   6.000000e+00 1.285501e+00 1.600503e+02
      vertex   5.000000e+00 1.054215e+00 1.597837e+02
    endloop
  endfacet
  facet normal 1.677314e-16 7.553952e-01 -6.552695e-01
    outer loop
      vertex   5.000000e+00 1.054215e+00 1.597837e+02
      vertex   6.000000e+00 1.285501e+00 1.600503e+02
      vertex   6.000000e+00 1.054215e+00 1.597837e+02
    endloop
  endfacet
  facet normal 1.549224e-16 6.977084e-01 -7.163819e-01
    outer loop
      vertex   5.000000e+00 1.054215e+00 1.597837e+02
      vertex   6.000000e+00 1.054215e+00 1.597837e+02
      vertex   5.000000e+00 8.013591e-01 1.595374e+02
    endloop
  endfacet
  facet normal 0.000000e+00 6.977084e-01 -7.163819e-01
    outer loop
      vertex   5.000000e+00 8.013591e-01 1.595374e+02
      vertex   6.000000e+00 1.054215e+00 1.597837e+02
      vertex   6.000000e+00 8.013591e-01 1.595374e+02
    endloop
  endfacet
  facet normal 0.000000e+00 6.350940e-01 -7.724349e-01
    outer loop
      vertex   5.000000e+00 8.013591e-01 1.595374e+02
      vertex   6.000000e+00 8.013591e-01 1.595374e+02
      vertex   5.000000e+00 5.287185e-01 1.593132e+02
    endloop
  endfacet
  facet normal -1.410192e-16 6.350940e-01 -7.724349e-01
    outer loop
      vertex   5.000000e+00 5.287185e-01 1.593132e+02
      vertex   6.000000e+00 8.013591e-01 1.595374e+02
      vertex   6.000000e+00 5.287185e-01 1.593132e+02
    endloop
  endfacet
  facet normal -1.261200e-16 5.679942e-01 -8.230326e-01
    outer loop
      vertex   5.000000e+00 5.287185e-01 1.593132e+02
      vertex   6.000000e+00 5.287185e-01 1.593132e+02
      vertex   5.000000e+00 2.382189e-01 1.591127e+02
    endloop
  endfacet
  facet normal -2.364751e-16 5.679942e-01 -8.230326e-01
    outer loop
      vertex   5.000000e+00 2.382189e-01 1.591127e+02
      vertex   6.000000e+00 5.287185e-01 1.593132e+02
      vertex   6.000000e+00 2.382189e-01 1.591127e+02
    endloop
  endfacet
  facet normal -2.068691e-16 4.968830e-01 -8.678176e-01
    outer loop
      vertex   5.000000e+00 2.382189e-01 1.591127e+02
      vertex   6.000000e+00 2.382189e-01 1.591127e+02
      vertex   5.000000e+00 -6.808822e-02 1.589374e+02
    endloop
  endfacet
  facet normal -2.758255e-16 4.968830e-01 -8.678176e-01
    outer loop
      vertex   5.000000e+00 -6.808822e-02 1.589374e+02
      vertex   6.000000e+00 2.382189e-01 1.591127e+02
      vertex   6.000000e+00 -6.808822e-02 1.589374e+02
    endloop
  endfacet
  facet normal -2.344028e-16 4.222625e-01 -9.064736e-01
    outer loop
      vertex   5.000000e+00 -6.808822e-02 1.589374e+02
      vertex   6.000000e+00 -6.808822e-02 1.589374e+02
      vertex   5.000000e+00 -3.880394e-01 1.587883e+02
    endloop
  endfacet
  facet normal -4.688056e-17 4.222625e-01 -9.064736e-01
    outer loop
      vertex   5.000000e+00 -3.880394e-01 1.587883e+02
      vertex   6.000000e+00 -6.808822e-02 1.589374e+02
      vertex   6.000000e+00 -3.880394e-01 1.587883e+02
    endloop
  endfacet
  facet normal -3.826493e-17 3.446598e-01 -9.387277e-01
    outer loop
      vertex   5.000000e+00 -3.880394e-01 1.587883e+02
      vertex   6.000000e+00 -3.880394e-01 1.587883e+02
      vertex   5.000000e+00 -7.193751e-01 1.586667e+02
    endloop
  endfacet
  facet normal 0.000000e+00 3.446598e-01 -9.387277e-01
    outer loop
      vertex   5.000000e+00 -7.193751e-01 1.586667e+02
      vertex   6.000000e+00 -3.880394e-01 1.587883e+02
      vertex   6.000000e+00 -7.193751e-01 1.586667e+02
    endloop
  endfacet
  facet normal 0.000000e+00 1.000000e+00 -3.481086e-15
    outer loop
      vertex   6.000000e+00 2.200000e+00 1.730000e+02
      vertex   6.000000e+00 2.200000e+00 1.626667e+02
      vertex   5.000000e+00 2.200000e+00 1.730000e+02
    endloop
  endfacet
  facet normal 0.000000e+00 1.000000e+00 -3.481086e-15
    outer loop
      vertex   5.000000e+00 2.200000e+00 1.730000e+02
      vertex   6.000000e+00 2.200000e+00 1.626667e+02
      vertex   5.000000e+00 2.200000e+00 1.626667e+02
    endloop
  endfacet
  facet normal -0.000000e+00 3.446598e-01 9.387277e-01
    outer loop
      vertex   5.000000e+00 -7.193751e-01 1.770000e+02
      vertex   6.000000e+00 -7.193751e-01 1.770000e+02
      vertex   5.000000e+00 -3.880394e-01 1.768783e+02
    endloop
  endfacet
  facet normal 2.869869e-16 3.446598e-01 9.387277e-01
    outer loop
      vertex   5.000000e+00 -3.880394e-01 1.768783e+02
      vertex   6.000000e+00 -7.193751e-01 1.770000e+02
      vertex   6.000000e+00 -3.880394e-01 1.768783e+02
    endloop
  endfacet
  facet normal 3.516042e-16 4.222625e-01 9.064736e-01
    outer loop
      vertex   5.000000e+00 -3.880394e-01 1.768783e+02
      vertex   6.000000e+00 -3.880394e-01 1.768783e+02
      vertex   5.000000e+00 -6.808822e-02 1.767293e+02
    endloop
  endfacet
  facet normal -0.000000e+00 4.222625e-01 9.064736e-01
    outer loop
      vertex   5.000000e+00 -6.808822e-02 1.767293e+02
      vertex   6.000000e+00 -3.880394e-01 1.768783e+02
      vertex   6.000000e+00 -6.808822e-02 1.767293e+02
    endloop
  endfacet
  facet normal -0.000000e+00 4.968830e-01 8.678176e-01
    outer loop
      vertex   5.000000e+00 -6.808822e-02 1.767293e+02
      vertex   6.000000e+00 -6.808822e-02 1.767293e+02
      vertex   5.000000e+00 2.382189e-01 1.765539e+02
    endloop
  endfacet
  facet normal 4.137382e-16 4.968830e-01 8.678176e-01
    outer loop
      vertex   5.000000e+00 2.382189e-01 1.765539e+02
      vertex   6.000000e+00 -6.808822e-02 1.767293e+02
      vertex   6.000000e+00 2.382189e-01 1.765539e+02
    endloop
  endfacet
  facet normal 4.729502e-16 5.679942e-01 8.230326e-01
    outer loop
      vertex   5.000000e+00 2.382189e-01 1.765539e+02
      vertex   6.000000e+00 2.382189e-01 1.765539e+02
      vertex   5.000000e+00 5.287185e-01 1.763534e+02
    endloop
  endfacet
  facet normal 3.153001e-16 5.679942e-01 8.230326e-01
    outer loop
      vertex   5.000000e+00 5.287185e-01 1.763534e+02
      vertex   6.000000e+00 2.382189e-01 1.765539e+02
      vertex   6.000000e+00 5.287185e-01 1.763534e+02
    endloop
  endfacet
  facet normal 3.525480e-16 6.350940e-01 7.724349e-01
    outer loop
      vertex   5.000000e+00 5.287185e-01 1.763534e+02
      vertex   6.000000e+00 5.287185e-01 1.763534e+02
      vertex   5.000000e+00 8.013591e-01 1.761293e+02
    endloop
  endfacet
  facet normal -0.000000e+00 6.350940e-01 7.724349e-01
    outer loop
      vertex   5.000000e+00 8.013591e-01 1.761293e+02
      vertex   6.000000e+00 5.287185e-01 1.763534e+02
      vertex   6.000000e+00 8.013591e-01 1.761293e+02
    endloop
  endfacet
  facet normal -0.000000e+00 6.977084e-01 7.163819e-01
    outer loop
      vertex   5.000000e+00 8.013591e-01 1.761293e+02
      vertex   6.000000e+00 8.013591e-01 1.761293e+02
      vertex   5.000000e+00 1.054215e+00 1.758830e+02
    endloop
  endfacet
  facet normal -0.000000e+00 6.977084e-01 7.163819e-01
    outer loop
      vertex   5.000000e+00 1.054215e+00 1.758830e+02
      vertex   6.000000e+00 8.013591e-01 1.761293e+02
      vertex   6.000000e+00 1.054215e+00 1.758830e+02
    endloop
  endfacet
  facet normal -0.000000e+00 7.553952e-01 6.552695e-01
    outer loop
      vertex   5.000000e+00 1.054215e+00 1.758830e+02
      vertex   6.000000e+00 1.054215e+00 1.758830e+02
      vertex   5.000000e+00 1.285501e+00 1.756164e+02
    endloop
  endfacet
  facet normal -0.000000e+00 7.553952e-01 6.552695e-01
    outer loop
      vertex   5.000000e+00 1.285501e+00 1.756164e+02
      vertex   6.000000e+00 1.054215e+00 1.758830e+02
      vertex   6.000000e+00 1.285501e+00 1.756164e+02
    endloop
  endfacet
  facet normal -0.000000e+00 8.077471e-01 5.895292e-01
    outer loop
      vertex   5.000000e+00 1.285501e+00 1.756164e+02
      vertex   6.000000e+00 1.285501e+00 1.756164e+02
      vertex   5.000000e+00 1.493582e+00 1.753313e+02
    endloop
  endfacet
  facet normal -0.000000e+00 8.077471e-01 5.895292e-01
    outer loop
      vertex   5.000000e+00 1.493582e+00 1.753313e+02
      vertex   6.000000e+00 1.285501e+00 1.756164e+02
      vertex   6.000000e+00 1.493582e+00 1.753313e+02
    endloop
  endfacet
  facet normal -0.000000e+00 8.543942e-01 5.196253e-01
    outer loop
      vertex   5.000000e+00 1.493582e+00 1.753313e+02
      vertex   6.000000e+00 1.493582e+00 1.753313e+02
      vertex   5.000000e+00 1.676991e+00 1.750297e+02
    endloop
  endfacet
  facet normal 5.691409e-16 8.543942e-01 5.196253e-01
    outer loop
      vertex   5.000000e+00 1.676991e+00 1.750297e+02
      vertex   6.000000e+00 1.493582e+00 1.753313e+02
      vertex   6.000000e+00 1.676991e+00 1.750297e+02
    endloop
  endfacet
  facet normal 5.961946e-16 8.950072e-01 4.460517e-01
    outer loop
      vertex   5.000000e+00 1.676991e+00 1.750297e+02
      vertex   6.000000e+00 1.676991e+00 1.750297e+02
      vertex   5.000000e+00 1.834430e+00 1.747138e+02
    endloop
  endfacet
  facet normal -0.000000e+00 8.950072e-01 4.460517e-01
    outer loop
      vertex   5.000000e+00 1.834430e+00 1.747138e+02
      vertex   6.000000e+00 1.676991e+00 1.750297e+02
      vertex   6.000000e+00 1.834430e+00 1.747138e+02
    endloop
  endfacet
  facet normal -0.000000e+00 9.292992e-01 3.693277e-01
    outer loop
      vertex   5.000000e+00 1.834430e+00 1.747138e+02
      vertex   6.000000e+00 1.834430e+00 1.747138e+02
      vertex   5.000000e+00 1.964789e+00 1.743858e+02
    endloop
  endfacet
  facet normal -0.000000e+00 9.292992e-01 3.693277e-01
    outer loop
      vertex   5.000000e+00 1.964789e+00 1.743858e+02
      vertex   6.000000e+00 1.834430e+00 1.747138e+02
      vertex   6.000000e+00 1.964789e+00 1.743858e+02
    endloop
  endfacet
  facet normal -0.000000e+00 9.570280e-01 2.899954e-01
    outer loop
      vertex   5.000000e+00 1.964789e+00 1.743858e+02
      vertex   6.000000e+00 1.964789e+00 1.743858e+02
      vertex   5.000000e+00 2.067146e+00 1.740480e+02
    endloop
  endfacet
  facet normal -0.000000e+00 9.570280e-01 2.899954e-01
    outer loop
      vertex   5.000000e+00 2.067146e+00 1.740480e+02
      vertex   6.000000e+00 1.964789e+00 1.743858e+02
      vertex   6.000000e+00 2.067146e+00 1.740480e+02
    endloop
  endfacet
  facet normal -0.000000e+00 9.779978e-01 2.086150e-01
    outer loop
      vertex   5.000000e+00 2.067146e+00 1.740480e+02
      vertex   6.000000e+00 2.067146e+00 1.740480e+02
      vertex   5.000000e+00 2.140780e+00 1.737028e+02
    endloop
  endfacet
  facet normal -0.000000e+00 9.779978e-01 2.086150e-01
    outer loop
      vertex   5.000000e+00 2.140780e+00 1.737028e+02
      vertex   6.000000e+00 2.067146e+00 1.740480e+02
      vertex   6.000000e+00 2.140780e+00 1.737028e+02
    endloop
  endfacet
  facet normal -0.000000e+00 9.920605e-01 1.257613e-01
    outer loop
      vertex   5.000000e+00 2.140780e+00 1.737028e+02
      vertex   6.000000e+00 2.140780e+00 1.737028e+02
      vertex   5.000000e+00 2.185169e+00 1.733527e+02
    endloop
  endfacet
  facet normal -0.000000e+00 9.920605e-01 1.257613e-01
    outer loop
      vertex   5.000000e+00 2.185169e+00 1.733527e+02
      vertex   6.000000e+00 2.140780e+00 1.737028e+02
      vertex   6.000000e+00 2.185169e+00 1.733527e+02
    endloop
  endfacet
  facet normal -0.000000e+00 9.991168e-01 4.201935e-02
    outer loop
      vertex   5.000000e+00 2.185169e+00 1.733527e+02
      vertex   6.000000e+00 2.185169e+00 1.733527e+02
      vertex   5.000000e+00 2.200000e+00 1.730000e+02
    endloop
  endfacet
  facet normal -0.000000e+00 9.991168e-01 4.201935e-02
    outer loop
      vertex   5.000000e+00 2.200000e+00 1.730000e+02
      vertex   6.000000e+00 2.185169e+00 1.733527e+02
      vertex   6.000000e+00 2.200000e+00 1.730000e+02
    endloop
  endfacet
  facet normal 0.000000e+00 9.991168e-01 -4.201935e-02
    outer loop
      vertex   5.000000e+00 2.200000e+00 1.810000e+02
      vertex   6.000000e+00 2.200000e+00 1.810000e+02
      vertex   5.000000e+00 2.185169e+00 1.806473e+02
    endloop
  endfacet
  facet normal -4.436970e-16 9.991168e-01 -4.201935e-02
    outer loop
      vertex   5.000000e+00 2.185169e+00 1.806473e+02
      vertex   6.000000e+00 2.200000e+00 1.810000e+02
      vertex   6.000000e+00 2.185169e+00 1.806473e+02
    endloop
  endfacet
  facet normal -4.405634e-16 9.920605e-01 -1.257613e-01
    outer loop
      vertex   5.000000e+00 2.185169e+00 1.806473e+02
      vertex   6.000000e+00 2.185169e+00 1.806473e+02
      vertex   5.000000e+00 2.140780e+00 1.802972e+02
    endloop
  endfacet
  facet normal 0.000000e+00 9.920605e-01 -1.257613e-01
    outer loop
      vertex   5.000000e+00 2.140780e+00 1.802972e+02
      vertex   6.000000e+00 2.185169e+00 1.806473e+02
      vertex   6.000000e+00 2.140780e+00 1.802972e+02
    endloop
  endfacet
  facet normal 0.000000e+00 9.779978e-01 -2.086150e-01
    outer loop
      vertex   5.000000e+00 2.140780e+00 1.802972e+02
      vertex   6.000000e+00 2.140780e+00 1.802972e+02
      vertex   5.000000e+00 2.067146e+00 1.799520e+02
    endloop
  endfacet
  facet normal 0.000000e+00 9.779978e-01 -2.086150e-01
    outer loop
      vertex   5.000000e+00 2.067146e+00 1.799520e+02
      vertex   6.000000e+00 2.140780e+00 1.802972e+02
      vertex   6.000000e+00 2.067146e+00 1.799520e+02
    endloop
  endfacet
  facet normal 0.000000e+00 9.570280e-01 -2.899954e-01
    outer loop
      vertex   5.000000e+00 2.067146e+00 1.799520e+02
      vertex   6.000000e+00 2.067146e+00 1.799520e+02
      vertex   5.000000e+00 1.964789e+00 1.796142e+02
    endloop
  endfacet
  facet normal 2.125029e-16 9.570280e-01 -2.899954e-01
    outer loop
      vertex   5.000000e+00 1.964789e+00 1.796142e+02
      vertex   6.000000e+00 2.067146e+00 1.799520e+02
      vertex   6.000000e+00 1.964789e+00 1.796142e+02
    endloop
  endfacet
  facet normal 2.063459e-16 9.292992e-01 -3.693277e-01
    outer loop
      vertex   5.000000e+00 1.964789e+00 1.796142e+02
      vertex   6.000000e+00 1.964789e+00 1.796142e+02
      vertex   5.000000e+00 1.834430e+00 1.792862e+02
    endloop
  endfacet
  facet normal 8.253835e-16 9.292992e-01 -3.693277e-01
    outer loop
      vertex   5.000000e+00 1.834430e+00 1.792862e+02
      vertex   6.000000e+00 1.964789e+00 1.796142e+02
      vertex   6.000000e+00 1.834430e+00 1.792862e+02
    endloop
  endfacet
  facet normal 7.949261e-16 8.950072e-01 -4.460517e-01
    outer loop
      vertex   5.000000e+00 1.834430e+00 1.792862e+02
      vertex   6.000000e+00 1.834430e+00 1.792862e+02
      vertex   5.000000e+00 1.676991e+00 1.789703e+02
    endloop
  endfacet
  facet normal 5.961946e-16 8.950072e-01 -4.460517e-01
    outer loop
      vertex   5.000000e+00 1.676991e+00 1.789703e+02
      vertex   6.000000e+00 1.834430e+00 1.792862e+02
      vertex   6.000000e+00 1.676991e+00 1.789703e+02
    endloop
  endfacet
  facet normal 5.691409e-16 8.543942e-01 -5.196253e-01
    outer loop
      vertex   5.000000e+00 1.676991e+00 1.789703e+02
      vertex   6.000000e+00 1.676991e+00 1.789703e+02
      vertex   5.000000e+00 1.493582e+00 1.786687e+02
    endloop
  endfacet
  facet normal 9.485681e-16 8.543942e-01 -5.196253e-01
    outer loop
      vertex   5.000000e+00 1.493582e+00 1.786687e+02
      vertex   6.000000e+00 1.676991e+00 1.789703e+02
      vertex   6.000000e+00 1.493582e+00 1.786687e+02
    endloop
  endfacet
  facet normal 8.967794e-16 8.077471e-01 -5.895292e-01
    outer loop
      vertex   5.000000e+00 1.493582e+00 1.786687e+02
      vertex   6.000000e+00 1.493582e+00 1.786687e+02
      vertex   5.000000e+00 1.285501e+00 1.783836e+02
    endloop
  endfacet
  facet normal 1.614203e-15 8.077471e-01 -5.895292e-01
    outer loop
      vertex   5.000000e+00 1.285501e+00 1.783836e+02
      vertex   6.000000e+00 1.493582e+00 1.786687e+02
      vertex   6.000000e+00 1.285501e+00 1.783836e+02
    endloop
  endfacet
  facet normal 1.509583e-15 7.553952e-01 -6.552695e-01
    outer loop
      vertex   5.000000e+00 1.285501e+00 1.783836e+02
      vertex   6.000000e+00 1.285501e+00 1.783836e+02
      vertex   5.000000e+00 1.054215e+00 1.781170e+02
    endloop
  endfacet
  facet normal 1.677314e-15 7.553952e-01 -6.552695e-01
    outer loop
      vertex   5.000000e+00 1.054215e+00 1.781170e+02
      vertex   6.000000e+00 1.285501e+00 1.783836e+02
      vertex   6.000000e+00 1.054215e+00 1.781170e+02
    endloop
  endfacet
  facet normal 1.549224e-15 6.977084e-01 -7.163819e-01
    outer loop
      vertex   5.000000e+00 1.054215e+00 1.781170e+02
      vertex   6.000000e+00 1.054215e+00 1.781170e+02
      vertex   5.000000e+00 8.013591e-01 1.778707e+02
    endloop
  endfacet
  facet normal 1.781607e-15 6.977084e-01 -7.163819e-01
    outer loop
      vertex   5.000000e+00 8.013591e-01 1.778707e+02
      vertex   6.000000e+00 1.054215e+00 1.781170e+02
      vertex   6.000000e+00 8.013591e-01 1.778707e+02
    endloop
  endfacet
  facet normal 1.621721e-15 6.350940e-01 -7.724349e-01
    outer loop
      vertex   5.000000e+00 8.013591e-01 1.778707e+02
      vertex   6.000000e+00 8.013591e-01 1.778707e+02
      vertex   5.000000e+00 5.287185e-01 1.776466e+02
    endloop
  endfacet
  facet normal 1.974269e-15 6.350940e-01 -7.724349e-01
    outer loop
      vertex   5.000000e+00 5.287185e-01 1.776466e+02
      vertex   6.000000e+00 8.013591e-01 1.778707e+02
      vertex   6.000000e+00 5.287185e-01 1.776466e+02
    endloop
  endfacet
  facet normal 1.765681e-15 5.679942e-01 -8.230326e-01
    outer loop
      vertex   5.000000e+00 5.287185e-01 1.776466e+02
      vertex   6.000000e+00 5.287185e-01 1.776466e+02
      vertex   5.000000e+00 2.382189e-01 1.774461e+02
    endloop
  endfacet
  facet normal 1.970626e-15 5.679942e-01 -8.230326e-01
    outer loop
      vertex   5.000000e+00 2.382189e-01 1.774461e+02
      vertex   6.000000e+00 5.287185e-01 1.776466e+02
      vertex   6.000000e+00 2.382189e-01 1.774461e+02
    endloop
  endfacet
  facet normal 1.723909e-15 4.968830e-01 -8.678176e-01
    outer loop
      vertex   5.000000e+00 2.382189e-01 1.774461e+02
      vertex   6.000000e+00 2.382189e-01 1.774461e+02
      vertex   5.000000e+00 -6.808822e-02 1.772707e+02
    endloop
  endfacet
  facet normal 2.275560e-15 4.968830e-01 -8.678176e-01
    outer loop
      vertex   5.000000e+00 -6.808822e-02 1.772707e+02
      vertex   6.000000e+00 2.382189e-01 1.774461e+02
      vertex   6.000000e+00 -6.808822e-02 1.772707e+02
    endloop
  endfacet
  facet normal 1.933823e-15 4.222625e-01 -9.064736e-01
    outer loop
      vertex   5.000000e+00 -6.808822e-02 1.772707e+02
      vertex   6.000000e+00 -6.808822e-02 1.772707e+02
      vertex   5.000000e+00 -3.880394e-01 1.771217e+02
    endloop
  endfacet
  facet normal 2.226826e-15 4.222625e-01 -9.064736e-01
    outer loop
      vertex   5.000000e+00 -3.880394e-01 1.771217e+02
      vertex   6.000000e+00 -6.808822e-02 1.772707e+02
      vertex   6.000000e+00 -3.880394e-01 1.771217e+02
    endloop
  endfacet
  facet normal 1.817584e-15 3.446598e-01 -9.387277e-01
    outer loop
      vertex   5.000000e+00 -3.880394e-01 1.771217e+02
      vertex   6.000000e+00 -3.880394e-01 1.771217e+02
      vertex   5.000000e+00 -7.193751e-01 1.770000e+02
    endloop
  endfacet
  facet normal 0.000000e+00 3.446598e-01 -9.387277e-01
    outer loop
      vertex   5.000000e+00 -7.193751e-01 1.770000e+02
      vertex   6.000000e+00 -3.880394e-01 1.771217e+02
      vertex   6.000000e+00 -7.193751e-01 1.770000e+02
    endloop
  endfacet
  facet normal 0.000000e+00 1.000000e+00 8.180591e-16
    outer loop
      vertex   6.000000e+00 2.200000e+00 2.000000e+02
      vertex   6.000000e+00 2.200000e+00 1.810000e+02
      vertex   5.000000e+00 2.200000e+00 2.000000e+02
    endloop
  endfacet
  facet normal 0.000000e+00 1.000000e+00 8.180591e-16
    outer loop
      vertex   5.000000e+00 2.200000e+00 2.000000e+02
      vertex   6.000000e+00 2.200000e+00 1.810000e+02
      vertex   5.000000e+00 2.200000e+00 1.810000e+02
    endloop
  endfacet
  facet normal -0.000000e+00 -1.000000e+00 -4.557758e-16
    outer loop
      vertex   6.000000e+00 1.200000e+00 1.810000e+02
      vertex   6.000000e+00 1.200000e+00 2.000000e+02
      vertex   5.000000e+00 1.200000e+00 1.810000e+02
    endloop
  endfacet
  facet normal 0.000000e+00 -1.000000e+00 -4.557758e-16
    outer loop
      vertex   5.000000e+00 1.200000e+00 1.810000e+02
      vertex   6.000000e+00 1.200000e+00 2.000000e+02
      vertex   5.000000e+00 1.200000e+00 2.000000e+02
    endloop
  endfacet
  facet normal 2.179042e-17 -4.906767e-02 9.987955e-01
    outer loop
      vertex   5.000000e+00 -2.000000e+00 1.778000e+02
      vertex   6.000000e+00 -2.000000e+00 1.778000e+02
      vertex   5.000000e+00 -1.686345e+00 1.778154e+02
    endloop
  endfacet
  facet normal -1.089521e-17 -4.906767e-02 9.987955e-01
    outer loop
      vertex   5.000000e+00 -1.686345e+00 1.778154e+02
      vertex   6.000000e+00 -2.000000e+00 1.778000e+02
      vertex   6.000000e+00 -1.686345e+00 1.778154e+02
    endloop
  endfacet
  facet normal -3.258071e-17 -1.467305e-01 9.891765e-01
    outer loop
      vertex   5.000000e+00 -1.686345e+00 1.778154e+02
      vertex   6.000000e+00 -1.686345e+00 1.778154e+02
      vertex   5.000000e+00 -1.375711e+00 1.778615e+02
    endloop
  endfacet
  facet normal -6.516142e-17 -1.467305e-01 9.891765e-01
    outer loop
      vertex   5.000000e+00 -1.375711e+00 1.778615e+02
      vertex   6.000000e+00 -1.686345e+00 1.778154e+02
      vertex   6.000000e+00 -1.375711e+00 1.778615e+02
    endloop
  endfacet
  facet normal -1.079049e-16 -2.429802e-01 9.700313e-01
    outer loop
      vertex   5.000000e+00 -1.375711e+00 1.778615e+02
      vertex   6.000000e+00 -1.375711e+00 1.778615e+02
      vertex   5.000000e+00 -1.071089e+00 1.779378e+02
    endloop
  endfacet
  facet normal 5.395244e-17 -2.429802e-01 9.700313e-01
    outer loop
      vertex   5.000000e+00 -1.071089e+00 1.779378e+02
      vertex   6.000000e+00 -1.375711e+00 1.778615e+02
      vertex   6.000000e+00 -1.071089e+00 1.779378e+02
    endloop
  endfacet
  facet normal 7.480457e-17 -3.368899e-01 9.415441e-01
    outer loop
      vertex   5.000000e+00 -1.071089e+00 1.779378e+02
      vertex   6.000000e+00 -1.071089e+00 1.779378e+02
      vertex   5.000000e+00 -7.754130e-01 1.780436e+02
    endloop
  endfacet
  facet normal 0.000000e+00 -3.368899e-01 9.415441e-01
    outer loop
      vertex   5.000000e+00 -7.754130e-01 1.780436e+02
      vertex   6.000000e+00 -1.071089e+00 1.779378e+02
      vertex   6.000000e+00 -7.754130e-01 1.780436e+02
    endloop
  endfacet
  facet normal 0.000000e+00 -4.275551e-01 9.039893e-01
    outer loop
      vertex   5.000000e+00 -7.754130e-01 1.780436e+02
      vertex   6.000000e+00 -7.754130e-01 1.780436e+02
      vertex   5.000000e+00 -4.915304e-01 1.781779e+02
    endloop
  endfacet
  facet normal 0.000000e+00 -4.275551e-01 9.039893e-01
    outer loop
      vertex   5.000000e+00 -4.915304e-01 1.781779e+02
      vertex   6.000000e+00 -7.754130e-01 1.780436e+02
      vertex   6.000000e+00 -4.915304e-01 1.781779e+02
    endloop
  endfacet
  facet normal 0.000000e+00 -5.141027e-01 8.577286e-01
    outer loop
      vertex   5.000000e+00 -4.915304e-01 1.781779e+02
      vertex   6.000000e+00 -4.915304e-01 1.781779e+02
      vertex   5.000000e+00 -2.221752e-01 1.783393e+02
    endloop
  endfacet
  facet normal 0.000000e+00 -5.141027e-01 8.577286e-01
    outer loop
      vertex   5.000000e+00 -2.221752e-01 1.783393e+02
      vertex   6.000000e+00 -4.915304e-01 1.781779e+02
      vertex   6.000000e+00 -2.221752e-01 1.783393e+02
    endloop
  endfacet
  facet normal 0.000000e+00 -5.956993e-01 8.032075e-01
    outer loop
      vertex   5.000000e+00 -2.221752e-01 1.783393e+02
      vertex   6.000000e+00 -2.221752e-01 1.783393e+02
      vertex   5.000000e+00 3.005852e-02 1.785264e+02
    endloop
  endfacet
  facet normal 0.000000e+00 -5.956993e-01 8.032075e-01
    outer loop
      vertex   5.000000e+00 3.005852e-02 1.785264e+02
      vertex   6.000000e+00 -2.221752e-01 1.783393e+02
      vertex   6.000000e+00 3.005852e-02 1.785264e+02
    endloop
  endfacet
  facet normal 0.000000e+00 -6.715590e-01 7.409511e-01
    outer loop
      vertex   5.000000e+00 3.005852e-02 1.785264e+02
      vertex   6.000000e+00 3.005852e-02 1.785264e+02
      vertex   5.000000e+00 2.627417e-01 1.787373e+02
    endloop
  endfacet
  facet normal 0.000000e+00 -6.715590e-01 7.409511e-01
    outer loop
      vertex   5.000000e+00 2.627417e-01 1.787373e+02
      vertex   6.000000e+00 3.005852e-02 1.785264e+02
      vertex   6.000000e+00 2.627417e-01 1.787373e+02
    endloop
  endfacet
  facet normal 0.000000e+00 -7.409511e-01 6.715590e-01
    outer loop
      vertex   5.000000e+00 2.627417e-01 1.787373e+02
      vertex   6.000000e+00 2.627417e-01 1.787373e+02
      vertex   5.000000e+00 4.736335e-01 1.789699e+02
    endloop
  endfacet
  facet normal 0.000000e+00 -7.409511e-01 6.715590e-01
    outer loop
      vertex   5.000000e+00 4.736335e-01 1.789699e+02
      vertex   6.000000e+00 2.627417e-01 1.787373e+02
      vertex   6.000000e+00 4.736335e-01 1.789699e+02
    endloop
  endfacet
  facet normal 0.000000e+00 -8.032075e-01 5.956993e-01
    outer loop
      vertex   5.000000e+00 4.736335e-01 1.789699e+02
      vertex   6.000000e+00 4.736335e-01 1.789699e+02
      vertex   5.000000e+00 6.607028e-01 1.792222e+02
    endloop
  endfacet
  facet normal 0.000000e+00 -8.032075e-01 5.956993e-01
    outer loop
      vertex   5.000000e+00 6.607028e-01 1.792222e+02
      vertex   6.000000e+00 4.736335e-01 1.789699e+02
      vertex   6.000000e+00 6.607028e-01 1.792222e+02
    endloop
  endfacet
  facet normal 0.000000e+00 -8.577286e-01 5.141027e-01
    outer loop
      vertex   5.000000e+00 6.607028e-01 1.792222e+02
      vertex   6.000000e+00 6.607028e-01 1.792222e+02
      vertex   5.000000e+00 8.221481e-01 1.794915e+02
    endloop
  endfacet
  facet normal 0.000000e+00 -8.577286e-01 5.141027e-01
    outer loop
      vertex   5.000000e+00 8.221481e-01 1.794915e+02
      vertex   6.000000e+00 6.607028e-01 1.792222e+02
      vertex   6.000000e+00 8.221481e-01 1.794915e+02
    endloop
  endfacet
  facet normal 0.000000e+00 -9.039893e-01 4.275551e-01
    outer loop
      vertex   5.000000e+00 8.221481e-01 1.794915e+02
      vertex   6.000000e+00 8.221481e-01 1.794915e+02
      vertex   5.000000e+00 9.564145e-01 1.797754e+02
    endloop
  endfacet
  facet normal 0.000000e+00 -9.039893e-01 4.275551e-01
    outer loop
      vertex   5.000000e+00 9.564145e-01 1.797754e+02
      vertex   6.000000e+00 8.221481e-01 1.794915e+02
      vertex   6.000000e+00 9.564145e-01 1.797754e+02
    endloop
  endfacet
  facet normal 0.000000e+00 -9.415441e-01 3.368899e-01
    outer loop
      vertex   5.000000e+00 9.564145e-01 1.797754e+02
      vertex   6.000000e+00 9.564145e-01 1.797754e+02
      vertex   5.000000e+00 1.062209e+00 1.800711e+02
    endloop
  endfacet
  facet normal 0.000000e+00 -9.415441e-01 3.368899e-01
    outer loop
      vertex   5.000000e+00 1.062209e+00 1.800711e+02
      vertex   6.000000e+00 9.564145e-01 1.797754e+02
      vertex   6.000000e+00 1.062209e+00 1.800711e+02
    endloop
  endfacet
  facet normal 0.000000e+00 -9.700313e-01 2.429802e-01
    outer loop
      vertex   5.000000e+00 1.062209e+00 1.800711e+02
      vertex   6.000000e+00 1.062209e+00 1.800711e+02
      vertex   5.000000e+00 1.138513e+00 1.803757e+02
    endloop
  endfacet
  facet normal 0.000000e+00 -9.700313e-01 2.429802e-01
    outer loop
      vertex   5.000000e+00 1.138513e+00 1.803757e+02
      vertex   6.000000e+00 1.062209e+00 1.800711e+02
      vertex   6.000000e+00 1.138513e+00 1.803757e+02
    endloop
  endfacet
  facet normal 0.000000e+00 -9.891765e-01 1.467305e-01
    outer loop
      vertex   5.000000e+00 1.138513e+00 1.803757e+02
      vertex   6.000000e+00 1.138513e+00 1.803757e+02
      vertex   5.000000e+00 1.184591e+00 1.806863e+02
    endloop
  endfacet
  facet normal 0.000000e+00 -9.891765e-01 1.467305e-01
    outer loop
      vertex   5.000000e+00 1.184591e+00 1.806863e+02
      vertex   6.000000e+00 1.138513e+00 1.803757e+02
      vertex   6.000000e+00 1.184591e+00 1.806863e+02
    endloop
  endfacet
  facet normal 0.000000e+00 -9.987955e-01 4.906767e-02
    outer loop
      vertex   5.000000e+00 1.184591e+00 1.806863e+02
      vertex   6.000000e+00 1.184591e+00 1.806863e+02
      vertex   5.000000e+00 1.200000e+00 1.810000e+02
    endloop
  endfacet
  facet normal 0.000000e+00 -9.987955e-01 4.906767e-02
    outer loop
      vertex   5.000000e+00 1.200000e+00 1.810000e+02
      vertex   6.000000e+00 1.184591e+00 1.806863e+02
      vertex   6.000000e+00 1.200000e+00 1.810000e+02
    endloop
  endfacet
  facet normal 0.000000e+00 -0.000000e+00 1.000000e+00
    outer loop
      vertex   6.000000e+00 -4.800000e+00 1.778000e+02
      vertex   6.000000e+00 -2.000000e+00 1.778000e+02
      vertex   5.000000e+00 -4.800000e+00 1.778000e+02
    endloop
  endfacet
  facet normal 0.000000e+00 0.000000e+00 1.000000e+00
    outer loop
      vertex   5.000000e+00 -4.800000e+00 1.778000e+02
      vertex   6.000000e+00 -2.000000e+00 1.778000e+02
      vertex   5.000000e+00 -2.000000e+00 1.778000e+02
    endloop
  endfacet
  facet normal 0.000000e+00 -1.000000e+00 0.000000e+00
    outer loop
      vertex   6.000000e+00 -4.800000e+00 1.762000e+02
      vertex   6.000000e+00 -4.800000e+00 1.778000e+02
      vertex   5.000000e+00 -4.800000e+00 1.762000e+02
    endloop
  endfacet
  facet normal 0.000000e+00 -1.000000e+00 0.000000e+00
    outer loop
      vertex   5.000000e+00 -4.800000e+00 1.762000e+02
      vertex   6.000000e+00 -4.800000e+00 1.778000e+02
      vertex   5.000000e+00 -4.800000e+00 1.778000e+02
    endloop
  endfacet
  facet normal -0.000000e+00 -0.000000e+00 -1.000000e+00
    outer loop
      vertex   6.000000e+00 -2.000000e+00 1.762000e+02
      vertex   6.000000e+00 -4.800000e+00 1.762000e+02
      vertex   5.000000e+00 -2.000000e+00 1.762000e+02
    endloop
  endfacet
  facet normal 0.000000e+00 0.000000e+00 -1.000000e+00
    outer loop
      vertex   5.000000e+00 -2.000000e+00 1.762000e+02
      vertex   6.000000e+00 -4.800000e+00 1.762000e+02
      vertex   5.000000e+00 -4.800000e+00 1.762000e+02
    endloop
  endfacet
  facet normal 0.000000e+00 -9.987955e-01 -4.906767e-02
    outer loop
      vertex   5.000000e+00 1.200000e+00 1.730000e+02
      vertex   6.000000e+00 1.200000e+00 1.730000e+02
      vertex   5.000000e+00 1.184591e+00 1.733137e+02
    endloop
  endfacet
  facet normal 4.435543e-16 -9.987955e-01 -4.906767e-02
    outer loop
      vertex   5.000000e+00 1.184591e+00 1.733137e+02
      vertex   6.000000e+00 1.200000e+00 1.730000e+02
      vertex   6.000000e+00 1.184591e+00 1.733137e+02
    endloop
  endfacet
  facet normal 4.392826e-16 -9.891765e-01 -1.467305e-01
    outer loop
      vertex   5.000000e+00 1.184591e+00 1.733137e+02
      vertex   6.000000e+00 1.184591e+00 1.733137e+02
      vertex   5.000000e+00 1.138513e+00 1.736243e+02
    endloop
  endfacet
  facet normal 0.000000e+00 -9.891765e-01 -1.467305e-01
    outer loop
      vertex   5.000000e+00 1.138513e+00 1.736243e+02
      vertex   6.000000e+00 1.184591e+00 1.733137e+02
      vertex   6.000000e+00 1.138513e+00 1.736243e+02
    endloop
  endfacet
  facet normal 0.000000e+00 -9.700313e-01 -2.429802e-01
    outer loop
      vertex   5.000000e+00 1.138513e+00 1.736243e+02
      vertex   6.000000e+00 1.138513e+00 1.736243e+02
      vertex   5.000000e+00 1.062209e+00 1.739289e+02
    endloop
  endfacet
  facet normal 0.000000e+00 -9.700313e-01 -2.429802e-01
    outer loop
      vertex   5.000000e+00 1.062209e+00 1.739289e+02
      vertex   6.000000e+00 1.138513e+00 1.736243e+02
      vertex   6.000000e+00 1.062209e+00 1.739289e+02
    endloop
  endfacet
  facet normal 0.000000e+00 -9.415441e-01 -3.368899e-01
    outer loop
      vertex   5.000000e+00 1.062209e+00 1.739289e+02
      vertex   6.000000e+00 1.062209e+00 1.739289e+02
      vertex   5.000000e+00 9.564145e-01 1.742246e+02
    endloop
  endfacet
  facet normal -9.574986e-15 -9.415441e-01 -3.368899e-01
    outer loop
      vertex   5.000000e+00 9.564145e-01 1.742246e+02
      vertex   6.000000e+00 1.062209e+00 1.739289e+02
      vertex   6.000000e+00 9.564145e-01 1.742246e+02
    endloop
  endfacet
  facet normal -1.215185e-14 -9.039893e-01 -4.275551e-01
    outer loop
      vertex   5.000000e+00 9.564145e-01 1.742246e+02
      vertex   6.000000e+00 9.564145e-01 1.742246e+02
      vertex   5.000000e+00 8.221481e-01 1.745085e+02
    endloop
  endfacet
  facet normal 0.000000e+00 -9.039893e-01 -4.275551e-01
    outer loop
      vertex   5.000000e+00 8.221481e-01 1.745085e+02
      vertex   6.000000e+00 9.564145e-01 1.742246e+02
      vertex   6.000000e+00 8.221481e-01 1.745085e+02
    endloop
  endfacet
  facet normal 0.000000e+00 -8.577286e-01 -5.141027e-01
    outer loop
      vertex   5.000000e+00 8.221481e-01 1.745085e+02
      vertex   6.000000e+00 8.221481e-01 1.745085e+02
      vertex   5.000000e+00 6.607028e-01 1.747778e+02
    endloop
  endfacet
  facet normal 0.000000e+00 -8.577286e-01 -5.141027e-01
    outer loop
      vertex   5.000000e+00 6.607028e-01 1.747778e+02
      vertex   6.000000e+00 8.221481e-01 1.745085e+02
      vertex   6.000000e+00 6.607028e-01 1.747778e+02
    endloop
  endfacet
  facet normal 0.000000e+00 -8.032075e-01 -5.956993e-01
    outer loop
      vertex   5.000000e+00 6.607028e-01 1.747778e+02
      vertex   6.000000e+00 6.607028e-01 1.747778e+02
      vertex   5.000000e+00 4.736335e-01 1.750301e+02
    endloop
  endfacet
  facet normal 0.000000e+00 -8.032075e-01 -5.956993e-01
    outer loop
      vertex   5.000000e+00 4.736335e-01 1.750301e+02
      vertex   6.000000e+00 6.607028e-01 1.747778e+02
      vertex   6.000000e+00 4.736335e-01 1.750301e+02
    endloop
  endfacet
  facet normal 0.000000e+00 -7.409511e-01 -6.715590e-01
    outer loop
      vertex   5.000000e+00 4.736335e-01 1.750301e+02
      vertex   6.000000e+00 4.736335e-01 1.750301e+02
      vertex   5.000000e+00 2.627417e-01 1.752627e+02
    endloop
  endfacet
  facet normal 0.000000e+00 -7.409511e-01 -6.715590e-01
    outer loop
      vertex   5.000000e+00 2.627417e-01 1.752627e+02
      vertex   6.000000e+00 4.736335e-01 1.750301e+02
      vertex   6.000000e+00 2.627417e-01 1.752627e+02
    endloop
  endfacet
  facet normal 0.000000e+00 -6.715590e-01 -7.409511e-01
    outer loop
      vertex   5.000000e+00 2.627417e-01 1.752627e+02
      vertex   6.000000e+00 2.627417e-01 1.752627e+02
      vertex   5.000000e+00 3.005852e-02 1.754736e+02
    endloop
  endfacet
  facet normal 0.000000e+00 -6.715590e-01 -7.409511e-01
    outer loop
      vertex   5.000000e+00 3.005852e-02 1.754736e+02
      vertex   6.000000e+00 2.627417e-01 1.752627e+02
      vertex   6.000000e+00 3.005852e-02 1.754736e+02
    endloop
  endfacet
  facet normal 0.000000e+00 -5.956993e-01 -8.032075e-01
    outer loop
      vertex   5.000000e+00 3.005852e-02 1.754736e+02
      vertex   6.000000e+00 3.005852e-02 1.754736e+02
      vertex   5.000000e+00 -2.221752e-01 1.756607e+02
    endloop
  endfacet
  facet normal 0.000000e+00 -5.956993e-01 -8.032075e-01
    outer loop
      vertex   5.000000e+00 -2.221752e-01 1.756607e+02
      vertex   6.000000e+00 3.005852e-02 1.754736e+02
      vertex   6.000000e+00 -2.221752e-01 1.756607e+02
    endloop
  endfacet
  facet normal 0.000000e+00 -5.141027e-01 -8.577286e-01
    outer loop
      vertex   5.000000e+00 -2.221752e-01 1.756607e+02
      vertex   6.000000e+00 -2.221752e-01 1.756607e+02
      vertex   5.000000e+00 -4.915304e-01 1.758221e+02
    endloop
  endfacet
  facet normal 0.000000e+00 -5.141027e-01 -8.577286e-01
    outer loop
      vertex   5.000000e+00 -4.915304e-01 1.758221e+02
      vertex   6.000000e+00 -2.221752e-01 1.756607e+02
      vertex   6.000000e+00 -4.915304e-01 1.758221e+02
    endloop
  endfacet
  facet normal 0.000000e+00 -4.275551e-01 -9.039893e-01
    outer loop
      vertex   5.000000e+00 -4.915304e-01 1.758221e+02
      vertex   6.000000e+00 -4.915304e-01 1.758221e+02
      vertex   5.000000e+00 -7.754130e-01 1.759564e+02
    endloop
  endfacet
  facet normal 0.000000e+00 -4.275551e-01 -9.039893e-01
    outer loop
      vertex   5.000000e+00 -7.754130e-01 1.759564e+02
      vertex   6.000000e+00 -4.915304e-01 1.758221e+02
      vertex   6.000000e+00 -7.754130e-01 1.759564e+02
    endloop
  endfacet
  facet normal 0.000000e+00 -3.368899e-01 -9.415441e-01
    outer loop
      vertex   5.000000e+00 -7.754130e-01 1.759564e+02
      vertex   6.000000e+00 -7.754130e-01 1.759564e+02
      vertex   5.000000e+00 -1.071089e+00 1.760622e+02
    endloop
  endfacet
  facet normal 2.244137e-16 -3.368899e-01 -9.415441e-01
    outer loop
      vertex   5.000000e+00 -1.071089e+00 1.760622e+02
      vertex   6.000000e+00 -7.754130e-01 1.759564e+02
      vertex   6.000000e+00 -1.071089e+00 1.760622e+02
    endloop
  endfacet
  facet normal 1.618573e-16 -2.429802e-01 -9.700313e-01
    outer loop
      vertex   5.000000e+00 -1.071089e+00 1.760622e+02
      vertex   6.000000e+00 -1.071089e+00 1.760622e+02
      vertex   5.000000e+00 -1.375711e+00 1.761385e+02
    endloop
  endfacet
  facet normal 0.000000e+00 -2.429802e-01 -9.700313e-01
    outer loop
      vertex   5.000000e+00 -1.375711e+00 1.761385e+02
      vertex   6.000000e+00 -1.071089e+00 1.760622e+02
      vertex   6.000000e+00 -1.375711e+00 1.761385e+02
    endloop
  endfacet
  facet normal 0.000000e+00 -1.467305e-01 -9.891765e-01
    outer loop
      vertex   5.000000e+00 -1.375711e+00 1.761385e+02
      vertex   6.000000e+00 -1.375711e+00 1.761385e+02
      vertex   5.000000e+00 -1.686345e+00 1.761846e+02
    endloop
  endfacet
  facet normal 0.000000e+00 -1.467305e-01 -9.891765e-01
    outer loop
      vertex   5.000000e+00 -1.686345e+00 1.761846e+02
      vertex   6.000000e+00 -1.375711e+00 1.761385e+02
      vertex   6.000000e+00 -1.686345e+00 1.761846e+02
    endloop
  endfacet
  facet normal 0.000000e+00 -4.906767e-02 -9.987955e-01
    outer loop
      vertex   5.000000e+00 -1.686345e+00 1.761846e+02
      vertex   6.000000e+00 -1.686345e+00 1.761846e+02
      vertex   5.000000e+00 -2.000000e+00 1.762000e+02
    endloop
  endfacet
  facet normal 0.000000e+00 -4.906767e-02 -9.987955e-01
    outer loop
      vertex   5.000000e+00 -2.000000e+00 1.762000e+02
      vertex   6.000000e+00 -1.686345e+00 1.761846e+02
      vertex   6.000000e+00 -2.000000e+00 1.762000e+02
    endloop
  endfacet
  facet normal 0.000000e+00 -1.000000e+00 3.975315e-15
    outer loop
      vertex   6.000000e+00 1.200000e+00 1.626667e+02
      vertex   6.000000e+00 1.200000e+00 1.730000e+02
      vertex   5.000000e+00 1.200000e+00 1.626667e+02
    endloop
  endfacet
  facet normal 0.000000e+00 -1.000000e+00 3.975315e-15
    outer loop
      vertex   5.000000e+00 1.200000e+00 1.626667e+02
      vertex   6.000000e+00 1.200000e+00 1.730000e+02
      vertex   5.000000e+00 1.200000e+00 1.730000e+02
    endloop
  endfacet
  facet normal 0.000000e+00 -4.906767e-02 9.987955e-01
    outer loop
      vertex   5.000000e+00 -2.000000e+00 1.594667e+02
      vertex   6.000000e+00 -2.000000e+00 1.594667e+02
      vertex   5.000000e+00 -1.686345e+00 1.594821e+02
    endloop
  endfacet
  facet normal -2.179042e-17 -4.906767e-02 9.987955e-01
    outer loop
      vertex   5.000000e+00 -1.686345e+00 1.594821e+02
      vertex   6.000000e+00 -2.000000e+00 1.594667e+02
      vertex   6.000000e+00 -1.686345e+00 1.594821e+02
    endloop
  endfacet
  facet normal -6.516142e-17 -1.467305e-01 9.891765e-01
    outer loop
      vertex   5.000000e+00 -1.686345e+00 1.594821e+02
      vertex   6.000000e+00 -1.686345e+00 1.594821e+02
      vertex   5.000000e+00 -1.375711e+00 1.595282e+02
    endloop
  endfacet
  facet normal -6.516142e-17 -1.467305e-01 9.891765e-01
    outer loop
      vertex   5.000000e+00 -1.375711e+00 1.595282e+02
      vertex   6.000000e+00 -1.686345e+00 1.594821e+02
      vertex   6.000000e+00 -1.375711e+00 1.595282e+02
    endloop
  endfacet
  facet normal -1.079049e-16 -2.429802e-01 9.700313e-01
    outer loop
      vertex   5.000000e+00 -1.375711e+00 1.595282e+02
      vertex   6.000000e+00 -1.375711e+00 1.595282e+02
      vertex   5.000000e+00 -1.071089e+00 1.596045e+02
    endloop
  endfacet
  facet normal 5.395244e-17 -2.429802e-01 9.700313e-01
    outer loop
      vertex   5.000000e+00 -1.071089e+00 1.596045e+02
      vertex   6.000000e+00 -1.375711e+00 1.595282e+02
      vertex   6.000000e+00 -1.071089e+00 1.596045e+02
    endloop
  endfacet
  facet normal 7.480457e-17 -3.368899e-01 9.415441e-01
    outer loop
      vertex   5.000000e+00 -1.071089e+00 1.596045e+02
      vertex   6.000000e+00 -1.071089e+00 1.596045e+02
      vertex   5.000000e+00 -7.754130e-01 1.597103e+02
    endloop
  endfacet
  facet normal 0.000000e+00 -3.368899e-01 9.415441e-01
    outer loop
      vertex   5.000000e+00 -7.754130e-01 1.597103e+02
      vertex   6.000000e+00 -1.071089e+00 1.596045e+02
      vertex   6.000000e+00 -7.754130e-01 1.597103e+02
    endloop
  endfacet
  facet normal 0.000000e+00 -4.275551e-01 9.039893e-01
    outer loop
      vertex   5.000000e+00 -7.754130e-01 1.597103e+02
      vertex   6.000000e+00 -7.754130e-01 1.597103e+02
      vertex   5.000000e+00 -4.915304e-01 1.598445e+02
    endloop
  endfacet
  facet normal -1.186704e-16 -4.275551e-01 9.039893e-01
    outer loop
      vertex   5.000000e+00 -4.915304e-01 1.598445e+02
      vertex   6.000000e+00 -7.754130e-01 1.597103e+02
      vertex   6.000000e+00 -4.915304e-01 1.598445e+02
    endloop
  endfacet
  facet normal -1.426922e-16 -5.141027e-01 8.577286e-01
    outer loop
      vertex   5.000000e+00 -4.915304e-01 1.598445e+02
      vertex   6.000000e+00 -4.915304e-01 1.598445e+02
      vertex   5.000000e+00 -2.221752e-01 1.600060e+02
    endloop
  endfacet
  facet normal 0.000000e+00 -5.141027e-01 8.577286e-01
    outer loop
      vertex   5.000000e+00 -2.221752e-01 1.600060e+02
      vertex   6.000000e+00 -4.915304e-01 1.598445e+02
      vertex   6.000000e+00 -2.221752e-01 1.600060e+02
    endloop
  endfacet
  facet normal 0.000000e+00 -5.956993e-01 8.032075e-01
    outer loop
      vertex   5.000000e+00 -2.221752e-01 1.600060e+02
      vertex   6.000000e+00 -2.221752e-01 1.600060e+02
      vertex   5.000000e+00 3.005852e-02 1.601930e+02
    endloop
  endfacet
  facet normal 0.000000e+00 -5.956993e-01 8.032075e-01
    outer loop
      vertex   5.000000e+00 3.005852e-02 1.601930e+02
      vertex   6.000000e+00 -2.221752e-01 1.600060e+02
      vertex   6.000000e+00 3.005852e-02 1.601930e+02
    endloop
  endfacet
  facet normal 0.000000e+00 -6.715590e-01 7.409511e-01
    outer loop
      vertex   5.000000e+00 3.005852e-02 1.601930e+02
      vertex   6.000000e+00 3.005852e-02 1.601930e+02
      vertex   5.000000e+00 2.627417e-01 1.604039e+02
    endloop
  endfacet
  facet normal 0.000000e+00 -6.715590e-01 7.409511e-01
    outer loop
      vertex   5.000000e+00 2.627417e-01 1.604039e+02
      vertex   6.000000e+00 3.005852e-02 1.601930e+02
      vertex   6.000000e+00 2.627417e-01 1.604039e+02
    endloop
  endfacet
  facet normal 0.000000e+00 -7.409511e-01 6.715590e-01
    outer loop
      vertex   5.000000e+00 2.627417e-01 1.604039e+02
      vertex   6.000000e+00 2.627417e-01 1.604039e+02
      vertex   5.000000e+00 4.736335e-01 1.606366e+02
    endloop
  endfacet
  facet normal 0.000000e+00 -7.409511e-01 6.715590e-01
    outer loop
      vertex   5.000000e+00 4.736335e-01 1.606366e+02
      vertex   6.000000e+00 2.627417e-01 1.604039e+02
      vertex   6.000000e+00 4.736335e-01 1.606366e+02
    endloop
  endfacet
  facet normal 0.000000e+00 -8.032075e-01 5.956993e-01
    outer loop
      vertex   5.000000e+00 4.736335e-01 1.606366e+02
      vertex   6.000000e+00 4.736335e-01 1.606366e+02
      vertex   5.000000e+00 6.607028e-01 1.608888e+02
    endloop
  endfacet
  facet normal 0.000000e+00 -8.032075e-01 5.956993e-01
    outer loop
      vertex   5.000000e+00 6.607028e-01 1.608888e+02
      vertex   6.000000e+00 4.736335e-01 1.606366e+02
      vertex   6.000000e+00 6.607028e-01 1.608888e+02
    endloop
  endfacet
  facet normal 0.000000e+00 -8.577286e-01 5.141027e-01
    outer loop
      vertex   5.000000e+00 6.607028e-01 1.608888e+02
      vertex   6.000000e+00 6.607028e-01 1.608888e+02
      vertex   5.000000e+00 8.221481e-01 1.611582e+02
    endloop
  endfacet
  facet normal 0.000000e+00 -8.577286e-01 5.141027e-01
    outer loop
      vertex   5.000000e+00 8.221481e-01 1.611582e+02
      vertex   6.000000e+00 6.607028e-01 1.608888e+02
      vertex   6.000000e+00 8.221481e-01 1.611582e+02
    endloop
  endfacet
  facet normal 0.000000e+00 -9.039893e-01 4.275551e-01
    outer loop
      vertex   5.000000e+00 8.221481e-01 1.611582e+02
      vertex   6.000000e+00 8.221481e-01 1.611582e+02
      vertex   5.000000e+00 9.564145e-01 1.614421e+02
    endloop
  endfacet
  facet normal 0.000000e+00 -9.039893e-01 4.275551e-01
    outer loop
      vertex   5.000000e+00 9.564145e-01 1.614421e+02
      vertex   6.000000e+00 8.221481e-01 1.611582e+02
      vertex   6.000000e+00 9.564145e-01 1.614421e+02
    endloop
  endfacet
  facet normal 0.000000e+00 -9.415441e-01 3.368899e-01
    outer loop
      vertex   5.000000e+00 9.564145e-01 1.614421e+02
      vertex   6.000000e+00 9.564145e-01 1.614421e+02
      vertex   5.000000e+00 1.062209e+00 1.617378e+02
    endloop
  endfacet
  facet normal 0.000000e+00 -9.415441e-01 3.368899e-01
    outer loop
      vertex   5.000000e+00 1.062209e+00 1.617378e+02
      vertex   6.000000e+00 9.564145e-01 1.614421e+02
      vertex   6.000000e+00 1.062209e+00 1.617378e+02
    endloop
  endfacet
  facet normal 0.000000e+00 -9.700313e-01 2.429802e-01
    outer loop
      vertex   5.000000e+00 1.062209e+00 1.617378e+02
      vertex   6.000000e+00 1.062209e+00 1.617378e+02
      vertex   5.000000e+00 1.138513e+00 1.620424e+02
    endloop
  endfacet
  facet normal 0.000000e+00 -9.700313e-01 2.429802e-01
    outer loop
      vertex   5.000000e+00 1.138513e+00 1.620424e+02
      vertex   6.000000e+00 1.062209e+00 1.617378e+02
      vertex   6.000000e+00 1.138513e+00 1.620424e+02
    endloop
  endfacet
  facet normal 0.000000e+00 -9.891765e-01 1.467305e-01
    outer loop
      vertex   5.000000e+00 1.138513e+00 1.620424e+02
      vertex   6.000000e+00 1.138513e+00 1.620424e+02
      vertex   5.000000e+00 1.184591e+00 1.623530e+02
    endloop
  endfacet
  facet normal 0.000000e+00 -9.891765e-01 1.467305e-01
    outer loop
      vertex   5.000000e+00 1.184591e+00 1.623530e+02
      vertex   6.000000e+00 1.138513e+00 1.620424e+02
      vertex   6.000000e+00 1.184591e+00 1.623530e+02
    endloop
  endfacet
  facet normal 0.000000e+00 -9.987955e-01 4.906767e-02
    outer loop
      vertex   5.000000e+00 1.184591e+00 1.623530e+02
      vertex   6.000000e+00 1.184591e+00 1.623530e+02
      vertex   5.000000e+00 1.200000e+00 1.626667e+02
    endloop
  endfacet
  facet normal 0.000000e+00 -9.987955e-01 4.906767e-02
    outer loop
      vertex   5.000000e+00 1.200000e+00 1.626667e+02
      vertex   6.000000e+00 1.184591e+00 1.623530e+02
      vertex   6.000000e+00 1.200000e+00 1.626667e+02
    endloop
  endfacet
  facet normal 0.000000e+00 -0.000000e+00 1.000000e+00
    outer loop
      vertex   6.000000e+00 -4.800000e+00 1.594667e+02
      vertex   6.000000e+00 -2.000000e+00 1.594667e+02
      vertex   5.000000e+00 -4.800000e+00 1.594667e+02
    endloop
  endfacet
  facet normal 0.000000e+00 0.000000e+00 1.000000e+00
    outer loop
      vertex   5.000000e+00 -4.800000e+00 1.594667e+02
      vertex   6.000000e+00 -2.000000e+00 1.594667e+02
      vertex   5.000000e+00 -2.000000e+00 1.594667e+02
    endloop
  endfacet
  facet normal 0.000000e+00 -1.000000e+00 0.000000e+00
    outer loop
      vertex   6.000000e+00 -4.800000e+00 1.578667e+02
      vertex   6.000000e+00 -4.800000e+00 1.594667e+02
      vertex   5.000000e+00 -4.800000e+00 1.578667e+02
    endloop
  endfacet
  facet normal 0.000000e+00 -1.000000e+00 0.000000e+00
    outer loop
      vertex   5.000000e+00 -4.800000e+00 1.578667e+02
      vertex   6.000000e+00 -4.800000e+00 1.594667e+02
      vertex   5.000000e+00 -4.800000e+00 1.594667e+02
    endloop
  endfacet
  facet normal -0.000000e+00 -0.000000e+00 -1.000000e+00
    outer loop
      vertex   6.000000e+00 -2.000000e+00 1.578667e+02
      vertex   6.000000e+00 -4.800000e+00 1.578667e+02
      vertex   5.000000e+00 -2.000000e+00 1.578667e+02
    endloop
  endfacet
  facet normal 0.000000e+00 0.000000e+00 -1.000000e+00
    outer loop
      vertex   5.000000e+00 -2.000000e+00 1.578667e+02
      vertex   6.000000e+00 -4.800000e+00 1.578667e+02
      vertex   5.000000e+00 -4.800000e+00 1.578667e+02
    endloop
  endfacet
  facet normal 0.000000e+00 -9.987955e-01 -4.906767e-02
    outer loop
      vertex   5.000000e+00 1.200000e+00 1.546667e+02
      vertex   6.000000e+00 1.200000e+00 1.546667e+02
      vertex   5.000000e+00 1.184591e+00 1.549803e+02
    endloop
  endfacet
  facet normal 0.000000e+00 -9.987955e-01 -4.906767e-02
    outer loop
      vertex   5.000000e+00 1.184591e+00 1.549803e+02
      vertex   6.000000e+00 1.200000e+00 1.546667e+02
      vertex   6.000000e+00 1.184591e+00 1.549803e+02
    endloop
  endfacet
  facet normal 0.000000e+00 -9.891765e-01 -1.467305e-01
    outer loop
      vertex   5.000000e+00 1.184591e+00 1.549803e+02
      vertex   6.000000e+00 1.184591e+00 1.549803e+02
      vertex   5.000000e+00 1.138513e+00 1.552910e+02
    endloop
  endfacet
  facet normal 0.000000e+00 -9.891765e-01 -1.467305e-01
    outer loop
      vertex   5.000000e+00 1.138513e+00 1.552910e+02
      vertex   6.000000e+00 1.184591e+00 1.549803e+02
      vertex   6.000000e+00 1.138513e+00 1.552910e+02
    endloop
  endfacet
  facet normal 0.000000e+00 -9.700313e-01 -2.429802e-01
    outer loop
      vertex   5.000000e+00 1.138513e+00 1.552910e+02
      vertex   6.000000e+00 1.138513e+00 1.552910e+02
      vertex   5.000000e+00 1.062209e+00 1.555956e+02
    endloop
  endfacet
  facet normal 0.000000e+00 -9.700313e-01 -2.429802e-01
    outer loop
      vertex   5.000000e+00 1.062209e+00 1.555956e+02
      vertex   6.000000e+00 1.138513e+00 1.552910e+02
      vertex   6.000000e+00 1.062209e+00 1.555956e+02
    endloop
  endfacet
  facet normal 0.000000e+00 -9.415441e-01 -3.368899e-01
    outer loop
      vertex   5.000000e+00 1.062209e+00 1.555956e+02
      vertex   6.000000e+00 1.062209e+00 1.555956e+02
      vertex   5.000000e+00 9.564145e-01 1.558913e+02
    endloop
  endfacet
  facet normal 0.000000e+00 -9.415441e-01 -3.368899e-01
    outer loop
      vertex   5.000000e+00 9.564145e-01 1.558913e+02
      vertex   6.000000e+00 1.062209e+00 1.555956e+02
      vertex   6.000000e+00 9.564145e-01 1.558913e+02
    endloop
  endfacet
  facet normal 0.000000e+00 -9.039893e-01 -4.275551e-01
    outer loop
      vertex   5.000000e+00 9.564145e-01 1.558913e+02
      vertex   6.000000e+00 9.564145e-01 1.558913e+02
      vertex   5.000000e+00 8.221481e-01 1.561751e+02
    endloop
  endfacet
  facet normal 0.000000e+00 -9.039893e-01 -4.275551e-01
    outer loop
      vertex   5.000000e+00 8.221481e-01 1.561751e+02
      vertex   6.000000e+00 9.564145e-01 1.558913e+02
      vertex   6.000000e+00 8.221481e-01 1.561751e+02
    endloop
  endfacet
  facet normal 0.000000e+00 -8.577286e-01 -5.141027e-01
    outer loop
      vertex   5.000000e+00 8.221481e-01 1.561751e+02
      vertex   6.000000e+00 8.221481e-01 1.561751e+02
      vertex   5.000000e+00 6.607028e-01 1.564445e+02
    endloop
  endfacet
  facet normal 0.000000e+00 -8.577286e-01 -5.141027e-01
    outer loop
      vertex   5.000000e+00 6.607028e-01 1.564445e+02
      vertex   6.000000e+00 8.221481e-01 1.561751e+02
      vertex   6.000000e+00 6.607028e-01 1.564445e+02
    endloop
  endfacet
  facet normal 0.000000e+00 -8.032075e-01 -5.956993e-01
    outer loop
      vertex   5.000000e+00 6.607028e-01 1.564445e+02
      vertex   6.000000e+00 6.607028e-01 1.564445e+02
      vertex   5.000000e+00 4.736335e-01 1.566967e+02
    endloop
  endfacet
  facet normal 0.000000e+00 -8.032075e-01 -5.956993e-01
    outer loop
      vertex   5.000000e+00 4.736335e-01 1.566967e+02
      vertex   6.000000e+00 6.607028e-01 1.564445e+02
      vertex   6.000000e+00 4.736335e-01 1.566967e+02
    endloop
  endfacet
  facet normal 0.000000e+00 -7.409511e-01 -6.715590e-01
    outer loop
      vertex   5.000000e+00 4.736335e-01 1.566967e+02
      vertex   6.000000e+00 4.736335e-01 1.566967e+02
      vertex   5.000000e+00 2.627417e-01 1.569294e+02
    endloop
  endfacet
  facet normal 0.000000e+00 -7.409511e-01 -6.715590e-01
    outer loop
      vertex   5.000000e+00 2.627417e-01 1.569294e+02
      vertex   6.000000e+00 4.736335e-01 1.566967e+02
      vertex   6.000000e+00 2.627417e-01 1.569294e+02
    endloop
  endfacet
  facet normal 0.000000e+00 -6.715590e-01 -7.409511e-01
    outer loop
      vertex   5.000000e+00 2.627417e-01 1.569294e+02
      vertex   6.000000e+00 2.627417e-01 1.569294e+02
      vertex   5.000000e+00 3.005852e-02 1.571403e+02
    endloop
  endfacet
  facet normal 0.000000e+00 -6.715590e-01 -7.409511e-01
    outer loop
      vertex   5.000000e+00 3.005852e-02 1.571403e+02
      vertex   6.000000e+00 2.627417e-01 1.569294e+02
      vertex   6.000000e+00 3.005852e-02 1.571403e+02
    endloop
  endfacet
  facet normal 0.000000e+00 -5.956993e-01 -8.032075e-01
    outer loop
      vertex   5.000000e+00 3.005852e-02 1.571403e+02
      vertex   6.000000e+00 3.005852e-02 1.571403e+02
      vertex   5.000000e+00 -2.221752e-01 1.573274e+02
    endloop
  endfacet
  facet normal 0.000000e+00 -5.956993e-01 -8.032075e-01
    outer loop
      vertex   5.000000e+00 -2.221752e-01 1.573274e+02
      vertex   6.000000e+00 3.005852e-02 1.571403e+02
      vertex   6.000000e+00 -2.221752e-01 1.573274e+02
    endloop
  endfacet
  facet normal 0.000000e+00 -5.141027e-01 -8.577286e-01
    outer loop
      vertex   5.000000e+00 -2.221752e-01 1.573274e+02
      vertex   6.000000e+00 -2.221752e-01 1.573274e+02
      vertex   5.000000e+00 -4.915304e-01 1.574888e+02
    endloop
  endfacet
  facet normal 0.000000e+00 -5.141027e-01 -8.577286e-01
    outer loop
      vertex   5.000000e+00 -4.915304e-01 1.574888e+02
      vertex   6.000000e+00 -2.221752e-01 1.573274e+02
      vertex   6.000000e+00 -4.915304e-01 1.574888e+02
    endloop
  endfacet
  facet normal 0.000000e+00 -4.275551e-01 -9.039893e-01
    outer loop
      vertex   5.000000e+00 -4.915304e-01 1.574888e+02
      vertex   6.000000e+00 -4.915304e-01 1.574888e+02
      vertex   5.000000e+00 -7.754130e-01 1.576231e+02
    endloop
  endfacet
  facet normal 0.000000e+00 -4.275551e-01 -9.039893e-01
    outer loop
      vertex   5.000000e+00 -7.754130e-01 1.576231e+02
      vertex   6.000000e+00 -4.915304e-01 1.574888e+02
      vertex   6.000000e+00 -7.754130e-01 1.576231e+02
    endloop
  endfacet
  facet normal 0.000000e+00 -3.368899e-01 -9.415441e-01
    outer loop
      vertex   5.000000e+00 -7.754130e-01 1.576231e+02
      vertex   6.000000e+00 -7.754130e-01 1.576231e+02
      vertex   5.000000e+00 -1.071089e+00 1.577289e+02
    endloop
  endfacet
  facet normal 0.000000e+00 -3.368899e-01 -9.415441e-01
    outer loop
      vertex   5.000000e+00 -1.071089e+00 1.577289e+02
      vertex   6.000000e+00 -7.754130e-01 1.576231e+02
      vertex   6.000000e+00 -1.071089e+00 1.577289e+02
    endloop
  endfacet
  facet normal 0.000000e+00 -2.429802e-01 -9.700313e-01
    outer loop
      vertex   5.000000e+00 -1.071089e+00 1.577289e+02
      vertex   6.000000e+00 -1.071089e+00 1.577289e+02
      vertex   5.000000e+00 -1.375711e+00 1.578052e+02
    endloop
  endfacet
  facet normal 0.000000e+00 -2.429802e-01 -9.700313e-01
    outer loop
      vertex   5.000000e+00 -1.375711e+00 1.578052e+02
      vertex   6.000000e+00 -1.071089e+00 1.577289e+02
      vertex   6.000000e+00 -1.375711e+00 1.578052e+02
    endloop
  endfacet
  facet normal 0.000000e+00 -1.467305e-01 -9.891765e-01
    outer loop
      vertex   5.000000e+00 -1.375711e+00 1.578052e+02
      vertex   6.000000e+00 -1.375711e+00 1.578052e+02
      vertex   5.000000e+00 -1.686345e+00 1.578513e+02
    endloop
  endfacet
  facet normal 0.000000e+00 -1.467305e-01 -9.891765e-01
    outer loop
      vertex   5.000000e+00 -1.686345e+00 1.578513e+02
      vertex   6.000000e+00 -1.375711e+00 1.578052e+02
      vertex   6.000000e+00 -1.686345e+00 1.578513e+02
    endloop
  endfacet
  facet normal 0.000000e+00 -4.906767e-02 -9.987955e-01
    outer loop
      vertex   5.000000e+00 -1.686345e+00 1.578513e+02
      vertex   6.000000e+00 -1.686345e+00 1.578513e+02
      vertex   5.000000e+00 -2.000000e+00 1.578667e+02
    endloop
  endfacet
  facet normal 0.000000e+00 -4.906767e-02 -9.987955e-01
    outer loop
      vertex   5.000000e+00 -2.000000e+00 1.578667e+02
      vertex   6.000000e+00 -1.686345e+00 1.578513e+02
      vertex   6.000000e+00 -2.000000e+00 1.578667e+02
    endloop
  endfacet
  facet normal 0.000000e+00 -1.000000e+00 1.396732e-15
    outer loop
      vertex   6.000000e+00 1.200000e+00 1.443333e+02
      vertex   6.000000e+00 1.200000e+00 1.546667e+02
      vertex   5.000000e+00 1.200000e+00 1.443333e+02
    endloop
  endfacet
  facet normal 0.000000e+00 -1.000000e+00 1.396732e-15
    outer loop
      vertex   5.000000e+00 1.200000e+00 1.443333e+02
      vertex   6.000000e+00 1.200000e+00 1.546667e+02
      vertex   5.000000e+00 1.200000e+00 1.546667e+02
    endloop
  endfacet
  facet normal -2.179042e-17 -4.906767e-02 9.987955e-01
    outer loop
      vertex   5.000000e+00 -2.000000e+00 1.411333e+02
      vertex   6.000000e+00 -2.000000e+00 1.411333e+02
      vertex   5.000000e+00 -1.686345e+00 1.411487e+02
    endloop
  endfacet
  facet normal -1.089521e-17 -4.906767e-02 9.987955e-01
    outer loop
      vertex   5.000000e+00 -1.686345e+00 1.411487e+02
      vertex   6.000000e+00 -2.000000e+00 1.411333e+02
      vertex   6.000000e+00 -1.686345e+00 1.411487e+02
    endloop
  endfacet
  facet normal -3.258071e-17 -1.467305e-01 9.891765e-01
    outer loop
      vertex   5.000000e+00 -1.686345e+00 1.411487e+02
      vertex   6.000000e+00 -1.686345e+00 1.411487e+02
      vertex   5.000000e+00 -1.375711e+00 1.411948e+02
    endloop
  endfacet
  facet normal -6.516142e-17 -1.467305e-01 9.891765e-01
    outer loop
      vertex   5.000000e+00 -1.375711e+00 1.411948e+02
      vertex   6.000000e+00 -1.686345e+00 1.411487e+02
      vertex   6.000000e+00 -1.375711e+00 1.411948e+02
    endloop
  endfacet
  facet normal -1.079049e-16 -2.429802e-01 9.700313e-01
    outer loop
      vertex   5.000000e+00 -1.375711e+00 1.411948e+02
      vertex   6.000000e+00 -1.375711e+00 1.411948e+02
      vertex   5.000000e+00 -1.071089e+00 1.412711e+02
    endloop
  endfacet
  facet normal 5.395244e-17 -2.429802e-01 9.700313e-01
    outer loop
      vertex   5.000000e+00 -1.071089e+00 1.412711e+02
      vertex   6.000000e+00 -1.375711e+00 1.411948e+02
      vertex   6.000000e+00 -1.071089e+00 1.412711e+02
    endloop
  endfacet
  facet normal 7.480457e-17 -3.368899e-01 9.415441e-01
    outer loop
      vertex   5.000000e+00 -1.071089e+00 1.412711e+02
      vertex   6.000000e+00 -1.071089e+00 1.412711e+02
      vertex   5.000000e+00 -7.754130e-01 1.413769e+02
    endloop
  endfacet
  facet normal 0.000000e+00 -3.368899e-01 9.415441e-01
    outer loop
      vertex   5.000000e+00 -7.754130e-01 1.413769e+02
      vertex   6.000000e+00 -1.071089e+00 1.412711e+02
      vertex   6.000000e+00 -7.754130e-01 1.413769e+02
    endloop
  endfacet
  facet normal 0.000000e+00 -4.275551e-01 9.039893e-01
    outer loop
      vertex   5.000000e+00 -7.754130e-01 1.413769e+02
      vertex   6.000000e+00 -7.754130e-01 1.413769e+02
      vertex   5.000000e+00 -4.915304e-01 1.415112e+02
    endloop
  endfacet
  facet normal -1.186704e-16 -4.275551e-01 9.039893e-01
    outer loop
      vertex   5.000000e+00 -4.915304e-01 1.415112e+02
      vertex   6.000000e+00 -7.754130e-01 1.413769e+02
      vertex   6.000000e+00 -4.915304e-01 1.415112e+02
    endloop
  endfacet
  facet normal -1.426922e-16 -5.141027e-01 8.577286e-01
    outer loop
      vertex   5.000000e+00 -4.915304e-01 1.415112e+02
      vertex   6.000000e+00 -4.915304e-01 1.415112e+02
      vertex   5.000000e+00 -2.221752e-01 1.416726e+02
    endloop
  endfacet
  facet normal 0.000000e+00 -5.141027e-01 8.577286e-01
    outer loop
      vertex   5.000000e+00 -2.221752e-01 1.416726e+02
      vertex   6.000000e+00 -4.915304e-01 1.415112e+02
      vertex   6.000000e+00 -2.221752e-01 1.416726e+02
    endloop
  endfacet
  facet normal 0.000000e+00 -5.956993e-01 8.032075e-01
    outer loop
      vertex   5.000000e+00 -2.221752e-01 1.416726e+02
      vertex   6.000000e+00 -2.221752e-01 1.416726e+02
      vertex   5.000000e+00 3.005852e-02 1.418597e+02
    endloop
  endfacet
  facet normal 0.000000e+00 -5.956993e-01 8.032075e-01
    outer loop
      vertex   5.000000e+00 3.005852e-02 1.418597e+02
      vertex   6.000000e+00 -2.221752e-01 1.416726e+02
      vertex   6.000000e+00 3.005852e-02 1.418597e+02
    endloop
  endfacet
  facet normal 0.000000e+00 -6.715590e-01 7.409511e-01
    outer loop
      vertex   5.000000e+00 3.005852e-02 1.418597e+02
      vertex   6.000000e+00 3.005852e-02 1.418597e+02
      vertex   5.000000e+00 2.627417e-01 1.420706e+02
    endloop
  endfacet
  facet normal 0.000000e+00 -6.715590e-01 7.409511e-01
    outer loop
      vertex   5.000000e+00 2.627417e-01 1.420706e+02
      vertex   6.000000e+00 3.005852e-02 1.418597e+02
      vertex   6.000000e+00 2.627417e-01 1.420706e+02
    endloop
  endfacet
  facet normal 0.000000e+00 -7.409511e-01 6.715590e-01
    outer loop
      vertex   5.000000e+00 2.627417e-01 1.420706e+02
      vertex   6.000000e+00 2.627417e-01 1.420706e+02
      vertex   5.000000e+00 4.736335e-01 1.423033e+02
    endloop
  endfacet
  facet normal 0.000000e+00 -7.409511e-01 6.715590e-01
    outer loop
      vertex   5.000000e+00 4.736335e-01 1.423033e+02
      vertex   6.000000e+00 2.627417e-01 1.420706e+02
      vertex   6.000000e+00 4.736335e-01 1.423033e+02
    endloop
  endfacet
  facet normal 0.000000e+00 -8.032075e-01 5.956993e-01
    outer loop
      vertex   5.000000e+00 4.736335e-01 1.423033e+02
      vertex   6.000000e+00 4.736335e-01 1.423033e+02
      vertex   5.000000e+00 6.607028e-01 1.425555e+02
    endloop
  endfacet
  facet normal 0.000000e+00 -8.032075e-01 5.956993e-01
    outer loop
      vertex   5.000000e+00 6.607028e-01 1.425555e+02
      vertex   6.000000e+00 4.736335e-01 1.423033e+02
      vertex   6.000000e+00 6.607028e-01 1.425555e+02
    endloop
  endfacet
  facet normal 0.000000e+00 -8.577286e-01 5.141027e-01
    outer loop
      vertex   5.000000e+00 6.607028e-01 1.425555e+02
      vertex   6.000000e+00 6.607028e-01 1.425555e+02
      vertex   5.000000e+00 8.221481e-01 1.428249e+02
    endloop
  endfacet
  facet normal 0.000000e+00 -8.577286e-01 5.141027e-01
    outer loop
      vertex   5.000000e+00 8.221481e-01 1.428249e+02
      vertex   6.000000e+00 6.607028e-01 1.425555e+02
      vertex   6.000000e+00 8.221481e-01 1.428249e+02
    endloop
  endfacet
  facet normal 0.000000e+00 -9.039893e-01 4.275551e-01
    outer loop
      vertex   5.000000e+00 8.221481e-01 1.428249e+02
      vertex   6.000000e+00 8.221481e-01 1.428249e+02
      vertex   5.000000e+00 9.564145e-01 1.431087e+02
    endloop
  endfacet
  facet normal 0.000000e+00 -9.039893e-01 4.275551e-01
    outer loop
      vertex   5.000000e+00 9.564145e-01 1.431087e+02
      vertex   6.000000e+00 8.221481e-01 1.428249e+02
      vertex   6.000000e+00 9.564145e-01 1.431087e+02
    endloop
  endfacet
  facet normal 0.000000e+00 -9.415441e-01 3.368899e-01
    outer loop
      vertex   5.000000e+00 9.564145e-01 1.431087e+02
      vertex   6.000000e+00 9.564145e-01 1.431087e+02
      vertex   5.000000e+00 1.062209e+00 1.434044e+02
    endloop
  endfacet
  facet normal 0.000000e+00 -9.415441e-01 3.368899e-01
    outer loop
      vertex   5.000000e+00 1.062209e+00 1.434044e+02
      vertex   6.000000e+00 9.564145e-01 1.431087e+02
      vertex   6.000000e+00 1.062209e+00 1.434044e+02
    endloop
  endfacet
  facet normal 0.000000e+00 -9.700313e-01 2.429802e-01
    outer loop
      vertex   5.000000e+00 1.062209e+00 1.434044e+02
      vertex   6.000000e+00 1.062209e+00 1.434044e+02
      vertex   5.000000e+00 1.138513e+00 1.437090e+02
    endloop
  endfacet
  facet normal 0.000000e+00 -9.700313e-01 2.429802e-01
    outer loop
      vertex   5.000000e+00 1.138513e+00 1.437090e+02
      vertex   6.000000e+00 1.062209e+00 1.434044e+02
      vertex   6.000000e+00 1.138513e+00 1.437090e+02
    endloop
  endfacet
  facet normal 0.000000e+00 -9.891765e-01 1.467305e-01
    outer loop
      vertex   5.000000e+00 1.138513e+00 1.437090e+02
      vertex   6.000000e+00 1.138513e+00 1.437090e+02
      vertex   5.000000e+00 1.184591e+00 1.440197e+02
    endloop
  endfacet
  facet normal 0.000000e+00 -9.891765e-01 1.467305e-01
    outer loop
      vertex   5.000000e+00 1.184591e+00 1.440197e+02
      vertex   6.000000e+00 1.138513e+00 1.437090e+02
      vertex   6.000000e+00 1.184591e+00 1.440197e+02
    endloop
  endfacet
  facet normal 0.000000e+00 -9.987955e-01 4.906767e-02
    outer loop
      vertex   5.000000e+00 1.184591e+00 1.440197e+02
      vertex   6.000000e+00 1.184591e+00 1.440197e+02
      vertex   5.000000e+00 1.200000e+00 1.443333e+02
    endloop
  endfacet
  facet normal 0.000000e+00 -9.987955e-01 4.906767e-02
    outer loop
      vertex   5.000000e+00 1.200000e+00 1.443333e+02
      vertex   6.000000e+00 1.184591e+00 1.440197e+02
      vertex   6.000000e+00 1.200000e+00 1.443333e+02
    endloop
  endfacet
  facet normal 0.000000e+00 -0.000000e+00 1.000000e+00
    outer loop
      vertex   6.000000e+00 -4.800000e+00 1.411333e+02
      vertex   6.000000e+00 -2.000000e+00 1.411333e+02
      vertex   5.000000e+00 -4.800000e+00 1.411333e+02
    endloop
  endfacet
  facet normal 0.000000e+00 0.000000e+00 1.000000e+00
    outer loop
      vertex   5.000000e+00 -4.800000e+00 1.411333e+02
      vertex   6.000000e+00 -2.000000e+00 1.411333e+02
      vertex   5.000000e+00 -2.000000e+00 1.411333e+02
    endloop
  endfacet
  facet normal 0.000000e+00 -1.000000e+00 0.000000e+00
    outer loop
      vertex   6.000000e+00 -4.800000e+00 1.395333e+02
      vertex   6.000000e+00 -4.800000e+00 1.411333e+02
      vertex   5.000000e+00 -4.800000e+00 1.395333e+02
    endloop
  endfacet
  facet normal 0.000000e+00 -1.000000e+00 0.000000e+00
    outer loop
      vertex   5.000000e+00 -4.800000e+00 1.395333e+02
      vertex   6.000000e+00 -4.800000e+00 1.411333e+02
      vertex   5.000000e+00 -4.800000e+00 1.411333e+02
    endloop
  endfacet
  facet normal -0.000000e+00 -0.000000e+00 -1.000000e+00
    outer loop
      vertex   6.000000e+00 -2.000000e+00 1.395333e+02
      vertex   6.000000e+00 -4.800000e+00 1.395333e+02
      vertex   5.000000e+00 -2.000000e+00 1.395333e+02
    endloop
  endfacet
  facet normal 0.000000e+00 0.000000e+00 -1.000000e+00
    outer loop
      vertex   5.000000e+00 -2.000000e+00 1.395333e+02
      vertex   6.000000e+00 -4.800000e+00 1.395333e+02
      vertex   5.000000e+00 -4.800000e+00 1.395333e+02
    endloop
  endfacet
  facet normal 0.000000e+00 -9.987955e-01 -4.906767e-02
    outer loop
      vertex   5.000000e+00 1.200000e+00 1.363333e+02
      vertex   6.000000e+00 1.200000e+00 1.363333e+02
      vertex   5.000000e+00 1.184591e+00 1.366470e+02
    endloop
  endfacet
  facet normal 0.000000e+00 -9.987955e-01 -4.906767e-02
    outer loop
      vertex   5.000000e+00 1.184591e+00 1.366470e+02
      vertex   6.000000e+00 1.200000e+00 1.363333e+02
      vertex   6.000000e+00 1.184591e+00 1.366470e+02
    endloop
  endfacet
  facet normal 0.000000e+00 -9.891765e-01 -1.467305e-01
    outer loop
      vertex   5.000000e+00 1.184591e+00 1.366470e+02
      vertex   6.000000e+00 1.184591e+00 1.366470e+02
      vertex   5.000000e+00 1.138513e+00 1.369576e+02
    endloop
  endfacet
  facet normal 0.000000e+00 -9.891765e-01 -1.467305e-01
    outer loop
      vertex   5.000000e+00 1.138513e+00 1.369576e+02
      vertex   6.000000e+00 1.184591e+00 1.366470e+02
      vertex   6.000000e+00 1.138513e+00 1.369576e+02
    endloop
  endfacet
  facet normal 0.000000e+00 -9.700313e-01 -2.429802e-01
    outer loop
      vertex   5.000000e+00 1.138513e+00 1.369576e+02
      vertex   6.000000e+00 1.138513e+00 1.369576e+02
      vertex   5.000000e+00 1.062209e+00 1.372622e+02
    endloop
  endfacet
  facet normal 0.000000e+00 -9.700313e-01 -2.429802e-01
    outer loop
      vertex   5.000000e+00 1.062209e+00 1.372622e+02
      vertex   6.000000e+00 1.138513e+00 1.369576e+02
      vertex   6.000000e+00 1.062209e+00 1.372622e+02
    endloop
  endfacet
  facet normal 0.000000e+00 -9.415441e-01 -3.368899e-01
    outer loop
      vertex   5.000000e+00 1.062209e+00 1.372622e+02
      vertex   6.000000e+00 1.062209e+00 1.372622e+02
      vertex   5.000000e+00 9.564145e-01 1.375579e+02
    endloop
  endfacet
  facet normal 0.000000e+00 -9.415441e-01 -3.368899e-01
    outer loop
      vertex   5.000000e+00 9.564145e-01 1.375579e+02
      vertex   6.000000e+00 1.062209e+00 1.372622e+02
      vertex   6.000000e+00 9.564145e-01 1.375579e+02
    endloop
  endfacet
  facet normal 0.000000e+00 -9.039893e-01 -4.275551e-01
    outer loop
      vertex   5.000000e+00 9.564145e-01 1.375579e+02
      vertex   6.000000e+00 9.564145e-01 1.375579e+02
      vertex   5.000000e+00 8.221481e-01 1.378418e+02
    endloop
  endfacet
  facet normal 0.000000e+00 -9.039893e-01 -4.275551e-01
    outer loop
      vertex   5.000000e+00 8.221481e-01 1.378418e+02
      vertex   6.000000e+00 9.564145e-01 1.375579e+02
      vertex   6.000000e+00 8.221481e-01 1.378418e+02
    endloop
  endfacet
  facet normal 0.000000e+00 -8.577286e-01 -5.141027e-01
    outer loop
      vertex   5.000000e+00 8.221481e-01 1.378418e+02
      vertex   6.000000e+00 8.221481e-01 1.378418e+02
      vertex   5.000000e+00 6.607028e-01 1.381112e+02
    endloop
  endfacet
  facet normal 0.000000e+00 -8.577286e-01 -5.141027e-01
    outer loop
      vertex   5.000000e+00 6.607028e-01 1.381112e+02
      vertex   6.000000e+00 8.221481e-01 1.378418e+02
      vertex   6.000000e+00 6.607028e-01 1.381112e+02
    endloop
  endfacet
  facet normal 0.000000e+00 -8.032075e-01 -5.956993e-01
    outer loop
      vertex   5.000000e+00 6.607028e-01 1.381112e+02
      vertex   6.000000e+00 6.607028e-01 1.381112e+02
      vertex   5.000000e+00 4.736335e-01 1.383634e+02
    endloop
  endfacet
  facet normal 0.000000e+00 -8.032075e-01 -5.956993e-01
    outer loop
      vertex   5.000000e+00 4.736335e-01 1.383634e+02
      vertex   6.000000e+00 6.607028e-01 1.381112e+02
      vertex   6.000000e+00 4.736335e-01 1.383634e+02
    endloop
  endfacet
  facet normal 0.000000e+00 -7.409511e-01 -6.715590e-01
    outer loop
      vertex   5.000000e+00 4.736335e-01 1.383634e+02
      vertex   6.000000e+00 4.736335e-01 1.383634e+02
      vertex   5.000000e+00 2.627417e-01 1.385961e+02
    endloop
  endfacet
  facet normal 0.000000e+00 -7.409511e-01 -6.715590e-01
    outer loop
      vertex   5.000000e+00 2.627417e-01 1.385961e+02
      vertex   6.000000e+00 4.736335e-01 1.383634e+02
      vertex   6.000000e+00 2.627417e-01 1.385961e+02
    endloop
  endfacet
  facet normal 0.000000e+00 -6.715590e-01 -7.409511e-01
    outer loop
      vertex   5.000000e+00 2.627417e-01 1.385961e+02
      vertex   6.000000e+00 2.627417e-01 1.385961e+02
      vertex   5.000000e+00 3.005852e-02 1.388070e+02
    endloop
  endfacet
  facet normal 0.000000e+00 -6.715590e-01 -7.409511e-01
    outer loop
      vertex   5.000000e+00 3.005852e-02 1.388070e+02
      vertex   6.000000e+00 2.627417e-01 1.385961e+02
      vertex   6.000000e+00 3.005852e-02 1.388070e+02
    endloop
  endfacet
  facet normal 0.000000e+00 -5.956993e-01 -8.032075e-01
    outer loop
      vertex   5.000000e+00 3.005852e-02 1.388070e+02
      vertex   6.000000e+00 3.005852e-02 1.388070e+02
      vertex   5.000000e+00 -2.221752e-01 1.389940e+02
    endloop
  endfacet
  facet normal 0.000000e+00 -5.956993e-01 -8.032075e-01
    outer loop
      vertex   5.000000e+00 -2.221752e-01 1.389940e+02
      vertex   6.000000e+00 3.005852e-02 1.388070e+02
      vertex   6.000000e+00 -2.221752e-01 1.389940e+02
    endloop
  endfacet
  facet normal 0.000000e+00 -5.141027e-01 -8.577286e-01
    outer loop
      vertex   5.000000e+00 -2.221752e-01 1.389940e+02
      vertex   6.000000e+00 -2.221752e-01 1.389940e+02
      vertex   5.000000e+00 -4.915304e-01 1.391555e+02
    endloop
  endfacet
  facet normal 0.000000e+00 -5.141027e-01 -8.577286e-01
    outer loop
      vertex   5.000000e+00 -4.915304e-01 1.391555e+02
      vertex   6.000000e+00 -2.221752e-01 1.389940e+02
      vertex   6.000000e+00 -4.915304e-01 1.391555e+02
    endloop
  endfacet
  facet normal 0.000000e+00 -4.275551e-01 -9.039893e-01
    outer loop
      vertex   5.000000e+00 -4.915304e-01 1.391555e+02
      vertex   6.000000e+00 -4.915304e-01 1.391555e+02
      vertex   5.000000e+00 -7.754130e-01 1.392897e+02
    endloop
  endfacet
  facet normal 0.000000e+00 -4.275551e-01 -9.039893e-01
    outer loop
      vertex   5.000000e+00 -7.754130e-01 1.392897e+02
      vertex   6.000000e+00 -4.915304e-01 1.391555e+02
      vertex   6.000000e+00 -7.754130e-01 1.392897e+02
    endloop
  endfacet
  facet normal 0.000000e+00 -3.368899e-01 -9.415441e-01
    outer loop
      vertex   5.000000e+00 -7.754130e-01 1.392897e+02
      vertex   6.000000e+00 -7.754130e-01 1.392897e+02
      vertex   5.000000e+00 -1.071089e+00 1.393955e+02
    endloop
  endfacet
  facet normal 0.000000e+00 -3.368899e-01 -9.415441e-01
    outer loop
      vertex   5.000000e+00 -1.071089e+00 1.393955e+02
      vertex   6.000000e+00 -7.754130e-01 1.392897e+02
      vertex   6.000000e+00 -1.071089e+00 1.393955e+02
    endloop
  endfacet
  facet normal 0.000000e+00 -2.429802e-01 -9.700313e-01
    outer loop
      vertex   5.000000e+00 -1.071089e+00 1.393955e+02
      vertex   6.000000e+00 -1.071089e+00 1.393955e+02
      vertex   5.000000e+00 -1.375711e+00 1.394718e+02
    endloop
  endfacet
  facet normal 0.000000e+00 -2.429802e-01 -9.700313e-01
    outer loop
      vertex   5.000000e+00 -1.375711e+00 1.394718e+02
      vertex   6.000000e+00 -1.071089e+00 1.393955e+02
      vertex   6.000000e+00 -1.375711e+00 1.394718e+02
    endloop
  endfacet
  facet normal 0.000000e+00 -1.467305e-01 -9.891765e-01
    outer loop
      vertex   5.000000e+00 -1.375711e+00 1.394718e+02
      vertex   6.000000e+00 -1.375711e+00 1.394718e+02
      vertex   5.000000e+00 -1.686345e+00 1.395179e+02
    endloop
  endfacet
  facet normal 0.000000e+00 -1.467305e-01 -9.891765e-01
    outer loop
      vertex   5.000000e+00 -1.686345e+00 1.395179e+02
      vertex   6.000000e+00 -1.375711e+00 1.394718e+02
      vertex   6.000000e+00 -1.686345e+00 1.395179e+02
    endloop
  endfacet
  facet normal 0.000000e+00 -4.906767e-02 -9.987955e-01
    outer loop
      vertex   5.000000e+00 -1.686345e+00 1.395179e+02
      vertex   6.000000e+00 -1.686345e+00 1.395179e+02
      vertex   5.000000e+00 -2.000000e+00 1.395333e+02
    endloop
  endfacet
  facet normal -1.089521e-17 -4.906767e-02 -9.987955e-01
    outer loop
      vertex   5.000000e+00 -2.000000e+00 1.395333e+02
      vertex   6.000000e+00 -1.686345e+00 1.395179e+02
      vertex   6.000000e+00 -2.000000e+00 1.395333e+02
    endloop
  endfacet
  facet normal -0.000000e+00 -1.000000e+00 -8.595275e-16
    outer loop
      vertex   6.000000e+00 1.200000e+00 1.260000e+02
      vertex   6.000000e+00 1.200000e+00 1.363333e+02
      vertex   5.000000e+00 1.200000e+00 1.260000e+02
    endloop
  endfacet
  facet normal 0.000000e+00 -1.000000e+00 -8.595275e-16
    outer loop
      vertex   5.000000e+00 1.200000e+00 1.260000e+02
      vertex   6.000000e+00 1.200000e+00 1.363333e+02
      vertex   5.000000e+00 1.200000e+00 1.363333e+02
    endloop
  endfacet
  facet normal 0.000000e+00 -4.906767e-02 9.987955e-01
    outer loop
      vertex   5.000000e+00 -2.000000e+00 1.228000e+02
      vertex   6.000000e+00 -2.000000e+00 1.228000e+02
      vertex   5.000000e+00 -1.686345e+00 1.228154e+02
    endloop
  endfacet
  facet normal -2.179042e-17 -4.906767e-02 9.987955e-01
    outer loop
      vertex   5.000000e+00 -1.686345e+00 1.228154e+02
      vertex   6.000000e+00 -2.000000e+00 1.228000e+02
      vertex   6.000000e+00 -1.686345e+00 1.228154e+02
    endloop
  endfacet
  facet normal -6.516142e-17 -1.467305e-01 9.891765e-01
    outer loop
      vertex   5.000000e+00 -1.686345e+00 1.228154e+02
      vertex   6.000000e+00 -1.686345e+00 1.228154e+02
      vertex   5.000000e+00 -1.375711e+00 1.228615e+02
    endloop
  endfacet
  facet normal 0.000000e+00 -1.467305e-01 9.891765e-01
    outer loop
      vertex   5.000000e+00 -1.375711e+00 1.228615e+02
      vertex   6.000000e+00 -1.686345e+00 1.228154e+02
      vertex   6.000000e+00 -1.375711e+00 1.228615e+02
    endloop
  endfacet
  facet normal 0.000000e+00 -2.429802e-01 9.700313e-01
    outer loop
      vertex   5.000000e+00 -1.375711e+00 1.228615e+02
      vertex   6.000000e+00 -1.375711e+00 1.228615e+02
      vertex   5.000000e+00 -1.071089e+00 1.229378e+02
    endloop
  endfacet
  facet normal -1.079049e-16 -2.429802e-01 9.700313e-01
    outer loop
      vertex   5.000000e+00 -1.071089e+00 1.229378e+02
      vertex   6.000000e+00 -1.375711e+00 1.228615e+02
      vertex   6.000000e+00 -1.071089e+00 1.229378e+02
    endloop
  endfacet
  facet normal -1.496091e-16 -3.368899e-01 9.415441e-01
    outer loop
      vertex   5.000000e+00 -1.071089e+00 1.229378e+02
      vertex   6.000000e+00 -1.071089e+00 1.229378e+02
      vertex   5.000000e+00 -7.754130e-01 1.230436e+02
    endloop
  endfacet
  facet normal -1.122069e-16 -3.368899e-01 9.415441e-01
    outer loop
      vertex   5.000000e+00 -7.754130e-01 1.230436e+02
      vertex   6.000000e+00 -1.071089e+00 1.229378e+02
      vertex   6.000000e+00 -7.754130e-01 1.230436e+02
    endloop
  endfacet
  facet normal -1.424045e-16 -4.275551e-01 9.039893e-01
    outer loop
      vertex   5.000000e+00 -7.754130e-01 1.230436e+02
      vertex   6.000000e+00 -7.754130e-01 1.230436e+02
      vertex   5.000000e+00 -4.915304e-01 1.231779e+02
    endloop
  endfacet
  facet normal 1.186704e-16 -4.275551e-01 9.039893e-01
    outer loop
      vertex   5.000000e+00 -4.915304e-01 1.231779e+02
      vertex   6.000000e+00 -7.754130e-01 1.230436e+02
      vertex   6.000000e+00 -4.915304e-01 1.231779e+02
    endloop
  endfacet
  facet normal 1.426922e-16 -5.141027e-01 8.577286e-01
    outer loop
      vertex   5.000000e+00 -4.915304e-01 1.231779e+02
      vertex   6.000000e+00 -4.915304e-01 1.231779e+02
      vertex   5.000000e+00 -2.221752e-01 1.233393e+02
    endloop
  endfacet
  facet normal 0.000000e+00 -5.141027e-01 8.577286e-01
    outer loop
      vertex   5.000000e+00 -2.221752e-01 1.233393e+02
      vertex   6.000000e+00 -4.915304e-01 1.231779e+02
      vertex   6.000000e+00 -2.221752e-01 1.233393e+02
    endloop
  endfacet
  facet normal 0.000000e+00 -5.956993e-01 8.032075e-01
    outer loop
      vertex   5.000000e+00 -2.221752e-01 1.233393e+02
      vertex   6.000000e+00 -2.221752e-01 1.233393e+02
      vertex   5.000000e+00 3.005852e-02 1.235264e+02
    endloop
  endfacet
  facet normal 0.000000e+00 -5.956993e-01 8.032075e-01
    outer loop
      vertex   5.000000e+00 3.005852e-02 1.235264e+02
      vertex   6.000000e+00 -2.221752e-01 1.233393e+02
      vertex   6.000000e+00 3.005852e-02 1.235264e+02
    endloop
  endfacet
  facet normal 0.000000e+00 -6.715590e-01 7.409511e-01
    outer loop
      vertex   5.000000e+00 3.005852e-02 1.235264e+02
      vertex   6.000000e+00 3.005852e-02 1.235264e+02
      vertex   5.000000e+00 2.627417e-01 1.237373e+02
    endloop
  endfacet
  facet normal 0.000000e+00 -6.715590e-01 7.409511e-01
    outer loop
      vertex   5.000000e+00 2.627417e-01 1.237373e+02
      vertex   6.000000e+00 3.005852e-02 1.235264e+02
      vertex   6.000000e+00 2.627417e-01 1.237373e+02
    endloop
  endfacet
  facet normal 0.000000e+00 -7.409511e-01 6.715590e-01
    outer loop
      vertex   5.000000e+00 2.627417e-01 1.237373e+02
      vertex   6.000000e+00 2.627417e-01 1.237373e+02
      vertex   5.000000e+00 4.736335e-01 1.239699e+02
    endloop
  endfacet
  facet normal 0.000000e+00 -7.409511e-01 6.715590e-01
    outer loop
      vertex   5.000000e+00 4.736335e-01 1.239699e+02
      vertex   6.000000e+00 2.627417e-01 1.237373e+02
      vertex   6.000000e+00 4.736335e-01 1.239699e+02
    endloop
  endfacet
  facet normal 0.000000e+00 -8.032075e-01 5.956993e-01
    outer loop
      vertex   5.000000e+00 4.736335e-01 1.239699e+02
      vertex   6.000000e+00 4.736335e-01 1.239699e+02
      vertex   5.000000e+00 6.607028e-01 1.242222e+02
    endloop
  endfacet
  facet normal 0.000000e+00 -8.032075e-01 5.956993e-01
    outer loop
      vertex   5.000000e+00 6.607028e-01 1.242222e+02
      vertex   6.000000e+00 4.736335e-01 1.239699e+02
      vertex   6.000000e+00 6.607028e-01 1.242222e+02
    endloop
  endfacet
  facet normal 0.000000e+00 -8.577286e-01 5.141027e-01
    outer loop
      vertex   5.000000e+00 6.607028e-01 1.242222e+02
      vertex   6.000000e+00 6.607028e-01 1.242222e+02
      vertex   5.000000e+00 8.221481e-01 1.244915e+02
    endloop
  endfacet
  facet normal 5.713620e-16 -8.577286e-01 5.141027e-01
    outer loop
      vertex   5.000000e+00 8.221481e-01 1.244915e+02
      vertex   6.000000e+00 6.607028e-01 1.242222e+02
      vertex   6.000000e+00 8.221481e-01 1.244915e+02
    endloop
  endfacet
  facet normal 6.021778e-16 -9.039893e-01 4.275551e-01
    outer loop
      vertex   5.000000e+00 8.221481e-01 1.244915e+02
      vertex   6.000000e+00 8.221481e-01 1.244915e+02
      vertex   5.000000e+00 9.564145e-01 1.247754e+02
    endloop
  endfacet
  facet normal 0.000000e+00 -9.039893e-01 4.275551e-01
    outer loop
      vertex   5.000000e+00 9.564145e-01 1.247754e+02
      vertex   6.000000e+00 8.221481e-01 1.244915e+02
      vertex   6.000000e+00 9.564145e-01 1.247754e+02
    endloop
  endfacet
  facet normal 0.000000e+00 -9.415441e-01 3.368899e-01
    outer loop
      vertex   5.000000e+00 9.564145e-01 1.247754e+02
      vertex   6.000000e+00 9.564145e-01 1.247754e+02
      vertex   5.000000e+00 1.062209e+00 1.250711e+02
    endloop
  endfacet
  facet normal 0.000000e+00 -9.415441e-01 3.368899e-01
    outer loop
      vertex   5.000000e+00 1.062209e+00 1.250711e+02
      vertex   6.000000e+00 9.564145e-01 1.247754e+02
      vertex   6.000000e+00 1.062209e+00 1.250711e+02
    endloop
  endfacet
  facet normal 0.000000e+00 -9.700313e-01 2.429802e-01
    outer loop
      vertex   5.000000e+00 1.062209e+00 1.250711e+02
      vertex   6.000000e+00 1.062209e+00 1.250711e+02
      vertex   5.000000e+00 1.138513e+00 1.253757e+02
    endloop
  endfacet
  facet normal 0.000000e+00 -9.700313e-01 2.429802e-01
    outer loop
      vertex   5.000000e+00 1.138513e+00 1.253757e+02
      vertex   6.000000e+00 1.062209e+00 1.250711e+02
      vertex   6.000000e+00 1.138513e+00 1.253757e+02
    endloop
  endfacet
  facet normal 0.000000e+00 -9.891765e-01 1.467305e-01
    outer loop
      vertex   5.000000e+00 1.138513e+00 1.253757e+02
      vertex   6.000000e+00 1.138513e+00 1.253757e+02
      vertex   5.000000e+00 1.184591e+00 1.256863e+02
    endloop
  endfacet
  facet normal 0.000000e+00 -9.891765e-01 1.467305e-01
    outer loop
      vertex   5.000000e+00 1.184591e+00 1.256863e+02
      vertex   6.000000e+00 1.138513e+00 1.253757e+02
      vertex   6.000000e+00 1.184591e+00 1.256863e+02
    endloop
  endfacet
  facet normal 0.000000e+00 -9.987955e-01 4.906767e-02
    outer loop
      vertex   5.000000e+00 1.184591e+00 1.256863e+02
      vertex   6.000000e+00 1.184591e+00 1.256863e+02
      vertex   5.000000e+00 1.200000e+00 1.260000e+02
    endloop
  endfacet
  facet normal 0.000000e+00 -9.987955e-01 4.906767e-02
    outer loop
      vertex   5.000000e+00 1.200000e+00 1.260000e+02
      vertex   6.000000e+00 1.184591e+00 1.256863e+02
      vertex   6.000000e+00 1.200000e+00 1.260000e+02
    endloop
  endfacet
  facet normal 0.000000e+00 -0.000000e+00 1.000000e+00
    outer loop
      vertex   6.000000e+00 -4.800000e+00 1.228000e+02
      vertex   6.000000e+00 -2.000000e+00 1.228000e+02
      vertex   5.000000e+00 -4.800000e+00 1.228000e+02
    endloop
  endfacet
  facet normal 0.000000e+00 0.000000e+00 1.000000e+00
    outer loop
      vertex   5.000000e+00 -4.800000e+00 1.228000e+02
      vertex   6.000000e+00 -2.000000e+00 1.228000e+02
      vertex   5.000000e+00 -2.000000e+00 1.228000e+02
    endloop
  endfacet
  facet normal 0.000000e+00 -1.000000e+00 0.000000e+00
    outer loop
      vertex   6.000000e+00 -4.800000e+00 1.212000e+02
      vertex   6.000000e+00 -4.800000e+00 1.228000e+02
      vertex   5.000000e+00 -4.800000e+00 1.212000e+02
    endloop
  endfacet
  facet normal 0.000000e+00 -1.000000e+00 0.000000e+00
    outer loop
      vertex   5.000000e+00 -4.800000e+00 1.212000e+02
      vertex   6.000000e+00 -4.800000e+00 1.228000e+02
      vertex   5.000000e+00 -4.800000e+00 1.228000e+02
    endloop
  endfacet
  facet normal -0.000000e+00 -0.000000e+00 -1.000000e+00
    outer loop
      vertex   6.000000e+00 1.000000e+00 1.212000e+02
      vertex   6.000000e+00 -4.800000e+00 1.212000e+02
      vertex   5.000000e+00 1.000000e+00 1.212000e+02
    endloop
  endfacet
  facet normal 0.000000e+00 0.000000e+00 -1.000000e+00
    outer loop
      vertex   5.000000e+00 1.000000e+00 1.212000e+02
      vertex   6.000000e+00 -4.800000e+00 1.212000e+02
      vertex   5.000000e+00 -4.800000e+00 1.212000e+02
    endloop
  endfacet
  facet normal 0.000000e+00 9.995066e-01 -3.141076e-02
    outer loop
      vertex   5.000000e+00 8.800000e+00 1.290000e+02
      vertex   6.000000e+00 8.800000e+00 1.290000e+02
      vertex   5.000000e+00 8.784608e+00 1.285102e+02
    endloop
  endfacet
  facet normal 0.000000e+00 9.995066e-01 -3.141076e-02
    outer loop
      vertex   5.000000e+00 8.784608e+00 1.285102e+02
      vertex   6.000000e+00 8.800000e+00 1.290000e+02
      vertex   6.000000e+00 8.784608e+00 1.285102e+02
    endloop
  endfacet
  facet normal 0.000000e+00 9.955620e-01 -9.410831e-02
    outer loop
      vertex   5.000000e+00 8.784608e+00 1.285102e+02
      vertex   6.000000e+00 8.784608e+00 1.285102e+02
      vertex   5.000000e+00 8.738495e+00 1.280224e+02
    endloop
  endfacet
  facet normal 0.000000e+00 9.955620e-01 -9.410831e-02
    outer loop
      vertex   5.000000e+00 8.738495e+00 1.280224e+02
      vertex   6.000000e+00 8.784608e+00 1.285102e+02
      vertex   6.000000e+00 8.738495e+00 1.280224e+02
    endloop
  endfacet
  facet normal 0.000000e+00 9.876883e-01 -1.564345e-01
    outer loop
      vertex   5.000000e+00 8.738495e+00 1.280224e+02
      vertex   6.000000e+00 8.738495e+00 1.280224e+02
      vertex   5.000000e+00 8.661841e+00 1.275384e+02
    endloop
  endfacet
  facet normal 0.000000e+00 9.876883e-01 -1.564345e-01
    outer loop
      vertex   5.000000e+00 8.661841e+00 1.275384e+02
      vertex   6.000000e+00 8.738495e+00 1.280224e+02
      vertex   6.000000e+00 8.661841e+00 1.275384e+02
    endloop
  endfacet
  facet normal 0.000000e+00 9.759168e-01 -2.181432e-01
    outer loop
      vertex   5.000000e+00 8.661841e+00 1.275384e+02
      vertex   6.000000e+00 8.661841e+00 1.275384e+02
      vertex   5.000000e+00 8.554949e+00 1.270602e+02
    endloop
  endfacet
  facet normal 0.000000e+00 9.759168e-01 -2.181432e-01
    outer loop
      vertex   5.000000e+00 8.554949e+00 1.270602e+02
      vertex   6.000000e+00 8.661841e+00 1.275384e+02
      vertex   6.000000e+00 8.554949e+00 1.270602e+02
    endloop
  endfacet
  facet normal 0.000000e+00 9.602937e-01 -2.789911e-01
    outer loop
      vertex   5.000000e+00 8.554949e+00 1.270602e+02
      vertex   6.000000e+00 8.554949e+00 1.270602e+02
      vertex   5.000000e+00 8.418241e+00 1.265897e+02
    endloop
  endfacet
  facet normal 0.000000e+00 9.602937e-01 -2.789911e-01
    outer loop
      vertex   5.000000e+00 8.418241e+00 1.265897e+02
      vertex   6.000000e+00 8.554949e+00 1.270602e+02
      vertex   6.000000e+00 8.418241e+00 1.265897e+02
    endloop
  endfacet
  facet normal 0.000000e+00 9.408808e-01 -3.387379e-01
    outer loop
      vertex   5.000000e+00 8.418241e+00 1.265897e+02
      vertex   6.000000e+00 8.418241e+00 1.265897e+02
      vertex   5.000000e+00 8.252257e+00 1.261286e+02
    endloop
  endfacet
  facet normal 0.000000e+00 9.408808e-01 -3.387379e-01
    outer loop
      vertex   5.000000e+00 8.252257e+00 1.261286e+02
      vertex   6.000000e+00 8.418241e+00 1.265897e+02
      vertex   6.000000e+00 8.252257e+00 1.261286e+02
    endloop
  endfacet
  facet normal 0.000000e+00 9.177546e-01 -3.971479e-01
    outer loop
      vertex   5.000000e+00 8.252257e+00 1.261286e+02
      vertex   6.000000e+00 8.252257e+00 1.261286e+02
      vertex   5.000000e+00 8.057651e+00 1.256789e+02
    endloop
  endfacet
  facet normal 0.000000e+00 9.177546e-01 -3.971479e-01
    outer loop
      vertex   5.000000e+00 8.057651e+00 1.256789e+02
      vertex   6.000000e+00 8.252257e+00 1.261286e+02
      vertex   6.000000e+00 8.057651e+00 1.256789e+02
    endloop
  endfacet
  facet normal 0.000000e+00 8.910065e-01 -4.539905e-01
    outer loop
      vertex   5.000000e+00 8.057651e+00 1.256789e+02
      vertex   6.000000e+00 8.057651e+00 1.256789e+02
      vertex   5.000000e+00 7.835192e+00 1.252423e+02
    endloop
  endfacet
  facet normal -1.582746e-15 8.910065e-01 -4.539905e-01
    outer loop
      vertex   5.000000e+00 7.835192e+00 1.252423e+02
      vertex   6.000000e+00 8.057651e+00 1.256789e+02
      vertex   6.000000e+00 7.835192e+00 1.252423e+02
    endloop
  endfacet
  facet normal -1.528985e-15 8.607420e-01 -5.090414e-01
    outer loop
      vertex   5.000000e+00 7.835192e+00 1.252423e+02
      vertex   6.000000e+00 7.835192e+00 1.252423e+02
      vertex   5.000000e+00 7.585758e+00 1.248206e+02
    endloop
  endfacet
  facet normal 0.000000e+00 8.607420e-01 -5.090414e-01
    outer loop
      vertex   5.000000e+00 7.585758e+00 1.248206e+02
      vertex   6.000000e+00 7.835192e+00 1.252423e+02
      vertex   6.000000e+00 7.585758e+00 1.248206e+02
    endloop
  endfacet
  facet normal 0.000000e+00 8.270806e-01 -5.620834e-01
    outer loop
      vertex   5.000000e+00 7.585758e+00 1.248206e+02
      vertex   6.000000e+00 7.585758e+00 1.248206e+02
      vertex   5.000000e+00 7.310333e+00 1.244153e+02
    endloop
  endfacet
  facet normal 0.000000e+00 8.270806e-01 -5.620834e-01
    outer loop
      vertex   5.000000e+00 7.310333e+00 1.244153e+02
      vertex   6.000000e+00 7.585758e+00 1.248206e+02
      vertex   6.000000e+00 7.310333e+00 1.244153e+02
    endloop
  endfacet
  facet normal 0.000000e+00 7.901550e-01 -6.129071e-01
    outer loop
      vertex   5.000000e+00 7.310333e+00 1.244153e+02
      vertex   6.000000e+00 7.310333e+00 1.244153e+02
      vertex   5.000000e+00 7.010003e+00 1.240281e+02
    endloop
  endfacet
  facet normal 0.000000e+00 7.901550e-01 -6.129071e-01
    outer loop
      vertex   5.000000e+00 7.010003e+00 1.240281e+02
      vertex   6.000000e+00 7.310333e+00 1.244153e+02
      vertex   6.000000e+00 7.010003e+00 1.240281e+02
    endloop
  endfacet
  facet normal 0.000000e+00 7.501111e-01 -6.613119e-01
    outer loop
      vertex   5.000000e+00 7.010003e+00 1.240281e+02
      vertex   6.000000e+00 7.010003e+00 1.240281e+02
      vertex   5.000000e+00 6.685955e+00 1.236605e+02
    endloop
  endfacet
  facet normal 0.000000e+00 7.501111e-01 -6.613119e-01
    outer loop
      vertex   5.000000e+00 6.685955e+00 1.236605e+02
      vertex   6.000000e+00 7.010003e+00 1.240281e+02
      vertex   6.000000e+00 6.685955e+00 1.236605e+02
    endloop
  endfacet
  facet normal 0.000000e+00 7.071068e-01 -7.071068e-01
    outer loop
      vertex   5.000000e+00 6.685955e+00 1.236605e+02
      vertex   6.000000e+00 6.685955e+00 1.236605e+02
      vertex   5.000000e+00 6.339467e+00 1.233140e+02
    endloop
  endfacet
  facet normal -1.256074e-15 7.071068e-01 -7.071068e-01
    outer loop
      vertex   5.000000e+00 6.339467e+00 1.233140e+02
      vertex   6.000000e+00 6.685955e+00 1.236605e+02
      vertex   6.000000e+00 6.339467e+00 1.233140e+02
    endloop
  endfacet
  facet normal -1.174726e-15 6.613119e-01 -7.501111e-01
    outer loop
      vertex   5.000000e+00 6.339467e+00 1.233140e+02
      vertex   6.000000e+00 6.339467e+00 1.233140e+02
      vertex   5.000000e+00 5.971907e+00 1.229900e+02
    endloop
  endfacet
  facet normal 0.000000e+00 6.613119e-01 -7.501111e-01
    outer loop
      vertex   5.000000e+00 5.971907e+00 1.229900e+02
      vertex   6.000000e+00 6.339467e+00 1.233140e+02
      vertex   6.000000e+00 5.971907e+00 1.229900e+02
    endloop
  endfacet
  facet normal 0.000000e+00 6.129071e-01 -7.901550e-01
    outer loop
      vertex   5.000000e+00 5.971907e+00 1.229900e+02
      vertex   6.000000e+00 5.971907e+00 1.229900e+02
      vertex   5.000000e+00 5.584725e+00 1.226897e+02
    endloop
  endfacet
  facet normal 0.000000e+00 6.129071e-01 -7.901550e-01
    outer loop
      vertex   5.000000e+00 5.584725e+00 1.226897e+02
      vertex   6.000000e+00 5.971907e+00 1.229900e+02
      vertex   6.000000e+00 5.584725e+00 1.226897e+02
    endloop
  endfacet
  facet normal 0.000000e+00 5.620834e-01 -8.270806e-01
    outer loop
      vertex   5.000000e+00 5.584725e+00 1.226897e+02
      vertex   6.000000e+00 5.584725e+00 1.226897e+02
      vertex   5.000000e+00 5.179449e+00 1.224142e+02
    endloop
  endfacet
  facet normal 0.000000e+00 5.620834e-01 -8.270806e-01
    outer loop
      vertex   5.000000e+00 5.179449e+00 1.224142e+02
      vertex   6.000000e+00 5.584725e+00 1.226897e+02
      vertex   6.000000e+00 5.179449e+00 1.224142e+02
    endloop
  endfacet
  facet normal 0.000000e+00 5.090414e-01 -8.607420e-01
    outer loop
      vertex   5.000000e+00 5.179449e+00 1.224142e+02
      vertex   6.000000e+00 5.179449e+00 1.224142e+02
      vertex   5.000000e+00 4.757679e+00 1.221648e+02
    endloop
  endfacet
  facet normal -9.042392e-16 5.090414e-01 -8.607420e-01
    outer loop
      vertex   5.000000e+00 4.757679e+00 1.221648e+02
      vertex   6.000000e+00 5.179449e+00 1.224142e+02
      vertex   6.000000e+00 4.757679e+00 1.221648e+02
    endloop
  endfacet
  facet normal -8.064491e-16 4.539905e-01 -8.910065e-01
    outer loop
      vertex   5.000000e+00 4.757679e+00 1.221648e+02
      vertex   6.000000e+00 4.757679e+00 1.221648e+02
      vertex   5.000000e+00 4.321078e+00 1.219423e+02
    endloop
  endfacet
  facet normal 0.000000e+00 4.539905e-01 -8.910065e-01
    outer loop
      vertex   5.000000e+00 4.321078e+00 1.219423e+02
      vertex   6.000000e+00 4.757679e+00 1.221648e+02
      vertex   6.000000e+00 4.321078e+00 1.219423e+02
    endloop
  endfacet
  facet normal 0.000000e+00 3.971479e-01 -9.177546e-01
    outer loop
      vertex   5.000000e+00 4.321078e+00 1.219423e+02
      vertex   6.000000e+00 4.321078e+00 1.219423e+02
      vertex   5.000000e+00 3.871372e+00 1.217477e+02
    endloop
  endfacet
  facet normal -1.763691e-16 3.971479e-01 -9.177546e-01
    outer loop
      vertex   5.000000e+00 3.871372e+00 1.217477e+02
      vertex   6.000000e+00 4.321078e+00 1.219423e+02
      vertex   6.000000e+00 3.871372e+00 1.217477e+02
    endloop
  endfacet
  facet normal -1.504299e-16 3.387379e-01 -9.408808e-01
    outer loop
      vertex   5.000000e+00 3.871372e+00 1.217477e+02
      vertex   6.000000e+00 3.871372e+00 1.217477e+02
      vertex   5.000000e+00 3.410333e+00 1.215818e+02
    endloop
  endfacet
  facet normal 1.504299e-16 3.387379e-01 -9.408808e-01
    outer loop
      vertex   5.000000e+00 3.410333e+00 1.215818e+02
      vertex   6.000000e+00 3.871372e+00 1.217477e+02
      vertex   6.000000e+00 3.410333e+00 1.215818e+02
    endloop
  endfacet
  facet normal 1.238969e-16 2.789911e-01 -9.602937e-01
    outer loop
      vertex   5.000000e+00 3.410333e+00 1.215818e+02
      vertex   6.000000e+00 3.410333e+00 1.215818e+02
      vertex   5.000000e+00 2.939781e+00 1.214451e+02
    endloop
  endfacet
  facet normal 0.000000e+00 2.789911e-01 -9.602937e-01
    outer loop
      vertex   5.000000e+00 2.939781e+00 1.214451e+02
      vertex   6.000000e+00 3.410333e+00 1.215818e+02
      vertex   6.000000e+00 2.939781e+00 1.214451e+02
    endloop
  endfacet
  facet normal 0.000000e+00 2.181432e-01 -9.759168e-01
    outer loop
      vertex   5.000000e+00 2.939781e+00 1.214451e+02
      vertex   6.000000e+00 2.939781e+00 1.214451e+02
      vertex   5.000000e+00 2.461574e+00 1.213382e+02
    endloop
  endfacet
  facet normal 9.687506e-17 2.181432e-01 -9.759168e-01
    outer loop
      vertex   5.000000e+00 2.461574e+00 1.213382e+02
      vertex   6.000000e+00 2.939781e+00 1.214451e+02
      vertex   6.000000e+00 2.461574e+00 1.213382e+02
    endloop
  endfacet
  facet normal 6.947086e-17 1.564345e-01 -9.876883e-01
    outer loop
      vertex   5.000000e+00 2.461574e+00 1.213382e+02
      vertex   6.000000e+00 2.461574e+00 1.213382e+02
      vertex   5.000000e+00 1.977599e+00 1.212615e+02
    endloop
  endfacet
  facet normal -3.473543e-17 1.564345e-01 -9.876883e-01
    outer loop
      vertex   5.000000e+00 1.977599e+00 1.212615e+02
      vertex   6.000000e+00 2.461574e+00 1.213382e+02
      vertex   6.000000e+00 1.977599e+00 1.212615e+02
    endloop
  endfacet
  facet normal -2.089624e-17 9.410831e-02 -9.955620e-01
    outer loop
      vertex   5.000000e+00 1.977599e+00 1.212615e+02
      vertex   6.000000e+00 1.977599e+00 1.212615e+02
      vertex   5.000000e+00 1.489766e+00 1.212154e+02
    endloop
  endfacet
  facet normal -8.358497e-17 9.410831e-02 -9.955620e-01
    outer loop
      vertex   5.000000e+00 1.489766e+00 1.212154e+02
      vertex   6.000000e+00 1.977599e+00 1.212615e+02
      vertex   6.000000e+00 1.489766e+00 1.212154e+02
    endloop
  endfacet
  facet normal -2.789836e-17 3.141076e-02 -9.995066e-01
    outer loop
      vertex   5.000000e+00 1.489766e+00 1.212154e+02
      vertex   6.000000e+00 1.489766e+00 1.212154e+02
      vertex   5.000000e+00 1.000000e+00 1.212000e+02
    endloop
  endfacet
  facet normal 0.000000e+00 3.141076e-02 -9.995066e-01
    outer loop
      vertex   5.000000e+00 1.000000e+00 1.212000e+02
      vertex   6.000000e+00 1.489766e+00 1.212154e+02
      vertex   6.000000e+00 1.000000e+00 1.212000e+02
    endloop
  endfacet
  facet normal 0.000000e+00 1.000000e+00 0.000000e+00
    outer loop
      vertex   6.000000e+00 8.800000e+00 2.000000e+02
      vertex   6.000000e+00 8.800000e+00 1.290000e+02
      vertex   5.000000e+00 8.800000e+00 2.000000e+02
    endloop
  endfacet
  facet normal 0.000000e+00 1.000000e+00 0.000000e+00
    outer loop
      vertex   5.000000e+00 8.800000e+00 2.000000e+02
      vertex   6.000000e+00 8.800000e+00 1.290000e+02
      vertex   5.000000e+00 8.800000e+00 1.290000e+02
    endloop
  endfacet
  facet normal -0.000000e+00 -1.000000e+00 -1.250956e-16
    outer loop
      vertex   6.000000e+00 7.800000e+00 1.290000e+02
      vertex   6.000000e+00 7.800000e+00 2.000000e+02
      vertex   5.000000e+00 7.800000e+00 1.290000e+02
    endloop
  endfacet
  facet normal 0.000000e+00 -1.000000e+00 -1.250956e-16
    outer loop
      vertex   5.000000e+00 7.800000e+00 1.290000e+02
      vertex   6.000000e+00 7.800000e+00 2.000000e+02
      vertex   5.000000e+00 7.800000e+00 2.000000e+02
    endloop
  endfacet
  facet normal 0.000000e+00 -3.414111e-02 9.994170e-01
    outer loop
      vertex   5.000000e+00 1.000000e+00 1.222000e+02
      vertex   6.000000e+00 1.000000e+00 1.222000e+02
      vertex   5.000000e+00 1.464048e+00 1.222159e+02
    endloop
  endfacet
  facet normal 4.548510e-17 -3.414111e-02 9.994170e-01
    outer loop
      vertex   5.000000e+00 1.464048e+00 1.222159e+02
      vertex   6.000000e+00 1.000000e+00 1.222000e+02
      vertex   6.000000e+00 1.464048e+00 1.222159e+02
    endloop
  endfacet
  facet normal 1.362432e-16 -1.022641e-01 9.947573e-01
    outer loop
      vertex   5.000000e+00 1.464048e+00 1.222159e+02
      vertex   6.000000e+00 1.464048e+00 1.222159e+02
      vertex   5.000000e+00 1.925933e+00 1.222633e+02
    endloop
  endfacet
  facet normal 1.589504e-16 -1.022641e-01 9.947573e-01
    outer loop
      vertex   5.000000e+00 1.925933e+00 1.222633e+02
      vertex   6.000000e+00 1.464048e+00 1.222159e+02
      vertex   6.000000e+00 1.925933e+00 1.222633e+02
    endloop
  endfacet
  facet normal 2.640938e-16 -1.699104e-01 9.854595e-01
    outer loop
      vertex   5.000000e+00 1.925933e+00 1.222633e+02
      vertex   6.000000e+00 1.925933e+00 1.222633e+02
      vertex   5.000000e+00 2.383501e+00 1.223422e+02
    endloop
  endfacet
  facet normal 1.509107e-16 -1.699104e-01 9.854595e-01
    outer loop
      vertex   5.000000e+00 2.383501e+00 1.223422e+02
      vertex   6.000000e+00 1.925933e+00 1.222633e+02
      vertex   6.000000e+00 2.383501e+00 1.223422e+02
    endloop
  endfacet
  facet normal 2.102890e-16 -2.367644e-01 9.715671e-01
    outer loop
      vertex   5.000000e+00 2.383501e+00 1.223422e+02
      vertex   6.000000e+00 2.383501e+00 1.223422e+02
      vertex   5.000000e+00 2.834618e+00 1.224522e+02
    endloop
  endfacet
  facet normal -1.349137e-14 -2.367644e-01 9.715671e-01
    outer loop
      vertex   5.000000e+00 2.834618e+00 1.224522e+02
      vertex   6.000000e+00 2.383501e+00 1.223422e+02
      vertex   6.000000e+00 2.834618e+00 1.224522e+02
    endloop
  endfacet
  facet normal -1.314197e-14 -3.025146e-01 9.531448e-01
    outer loop
      vertex   5.000000e+00 2.834618e+00 1.224522e+02
      vertex   6.000000e+00 2.834618e+00 1.224522e+02
      vertex   5.000000e+00 3.277181e+00 1.225926e+02
    endloop
  endfacet
  facet normal 2.686869e-16 -3.025146e-01 9.531448e-01
    outer loop
      vertex   5.000000e+00 3.277181e+00 1.225926e+02
      vertex   6.000000e+00 2.834618e+00 1.224522e+02
      vertex   6.000000e+00 3.277181e+00 1.225926e+02
    endloop
  endfacet
  facet normal 3.258320e-16 -3.668542e-01 9.302784e-01
    outer loop
      vertex   5.000000e+00 3.277181e+00 1.225926e+02
      vertex   6.000000e+00 3.277181e+00 1.225926e+02
      vertex   5.000000e+00 3.709127e+00 1.227630e+02
    endloop
  endfacet
  facet normal 1.629160e-16 -3.668542e-01 9.302784e-01
    outer loop
      vertex   5.000000e+00 3.709127e+00 1.227630e+02
      vertex   6.000000e+00 3.277181e+00 1.225926e+02
      vertex   6.000000e+00 3.709127e+00 1.227630e+02
    endloop
  endfacet
  facet normal 1.907290e-16 -4.294834e-01 9.030747e-01
    outer loop
      vertex   5.000000e+00 3.709127e+00 1.227630e+02
      vertex   6.000000e+00 3.709127e+00 1.227630e+02
      vertex   5.000000e+00 4.128442e+00 1.229624e+02
    endloop
  endfacet
  facet normal 7.629159e-16 -4.294834e-01 9.030747e-01
    outer loop
      vertex   5.000000e+00 4.128442e+00 1.229624e+02
      vertex   6.000000e+00 3.709127e+00 1.227630e+02
      vertex   6.000000e+00 4.128442e+00 1.229624e+02
    endloop
  endfacet
  facet normal 8.706106e-16 -4.901102e-01 8.716605e-01
    outer loop
      vertex   5.000000e+00 4.128442e+00 1.229624e+02
      vertex   6.000000e+00 4.128442e+00 1.229624e+02
      vertex   5.000000e+00 4.533171e+00 1.231899e+02
    endloop
  endfacet
  facet normal 4.353053e-16 -4.901102e-01 8.716605e-01
    outer loop
      vertex   5.000000e+00 4.533171e+00 1.231899e+02
      vertex   6.000000e+00 4.128442e+00 1.229624e+02
      vertex   6.000000e+00 4.533171e+00 1.231899e+02
    endloop
  endfacet
  facet normal 4.871231e-16 -5.484519e-01 8.361821e-01
    outer loop
      vertex   5.000000e+00 4.533171e+00 1.231899e+02
      vertex   6.000000e+00 4.533171e+00 1.231899e+02
      vertex   5.000000e+00 4.921426e+00 1.234446e+02
    endloop
  endfacet
  facet normal 4.871231e-16 -5.484519e-01 8.361821e-01
    outer loop
      vertex   5.000000e+00 4.921426e+00 1.234446e+02
      vertex   6.000000e+00 4.533171e+00 1.231899e+02
      vertex   6.000000e+00 4.921426e+00 1.234446e+02
    endloop
  endfacet
  facet normal 5.366697e-16 -6.042364e-01 7.968051e-01
    outer loop
      vertex   5.000000e+00 4.921426e+00 1.234446e+02
      vertex   6.000000e+00 4.921426e+00 1.234446e+02
      vertex   5.000000e+00 5.291398e+00 1.237252e+02
    endloop
  endfacet
  facet normal 5.366697e-16 -6.042364e-01 7.968051e-01
    outer loop
      vertex   5.000000e+00 5.291398e+00 1.237252e+02
      vertex   6.000000e+00 4.921426e+00 1.234446e+02
      vertex   6.000000e+00 5.291398e+00 1.237252e+02
    endloop
  endfacet
  facet normal 5.837141e-16 -6.572037e-01 7.537130e-01
    outer loop
      vertex   5.000000e+00 5.291398e+00 1.237252e+02
      vertex   6.000000e+00 5.291398e+00 1.237252e+02
      vertex   5.000000e+00 5.641361e+00 1.240303e+02
    endloop
  endfacet
  facet normal 5.837141e-16 -6.572037e-01 7.537130e-01
    outer loop
      vertex   5.000000e+00 5.641361e+00 1.240303e+02
      vertex   6.000000e+00 5.291398e+00 1.237252e+02
      vertex   6.000000e+00 5.641361e+00 1.240303e+02
    endloop
  endfacet
  facet normal 6.280370e-16 -7.071068e-01 7.071068e-01
    outer loop
      vertex   5.000000e+00 5.641361e+00 1.240303e+02
      vertex   6.000000e+00 5.641361e+00 1.240303e+02
      vertex   5.000000e+00 5.969685e+00 1.243586e+02
    endloop
  endfacet
  facet normal 0.000000e+00 -7.071068e-01 7.071068e-01
    outer loop
      vertex   5.000000e+00 5.969685e+00 1.243586e+02
      vertex   6.000000e+00 5.641361e+00 1.240303e+02
      vertex   6.000000e+00 5.969685e+00 1.243586e+02
    endloop
  endfacet
  facet normal 0.000000e+00 -7.537130e-01 6.572037e-01
    outer loop
      vertex   5.000000e+00 5.969685e+00 1.243586e+02
      vertex   6.000000e+00 5.969685e+00 1.243586e+02
      vertex   5.000000e+00 6.274837e+00 1.247086e+02
    endloop
  endfacet
  facet normal -8.669994e-15 -7.537130e-01 6.572037e-01
    outer loop
      vertex   5.000000e+00 6.274837e+00 1.247086e+02
      vertex   6.000000e+00 5.969685e+00 1.243586e+02
      vertex   6.000000e+00 6.274837e+00 1.247086e+02
    endloop
  endfacet
  facet normal -7.879010e-15 -7.968051e-01 6.042364e-01
    outer loop
      vertex   5.000000e+00 6.274837e+00 1.247086e+02
      vertex   6.000000e+00 6.274837e+00 1.247086e+02
      vertex   5.000000e+00 6.555395e+00 1.250786e+02
    endloop
  endfacet
  facet normal 7.077051e-16 -7.968051e-01 6.042364e-01
    outer loop
      vertex   5.000000e+00 6.555395e+00 1.250786e+02
      vertex   6.000000e+00 6.274837e+00 1.247086e+02
      vertex   6.000000e+00 6.555395e+00 1.250786e+02
    endloop
  endfacet
  facet normal 7.426789e-16 -8.361821e-01 5.484519e-01
    outer loop
      vertex   5.000000e+00 6.555395e+00 1.250786e+02
      vertex   6.000000e+00 6.555395e+00 1.250786e+02
      vertex   5.000000e+00 6.810052e+00 1.254668e+02
    endloop
  endfacet
  facet normal 0.000000e+00 -8.361821e-01 5.484519e-01
    outer loop
      vertex   5.000000e+00 6.810052e+00 1.254668e+02
      vertex   6.000000e+00 6.555395e+00 1.250786e+02
      vertex   6.000000e+00 6.810052e+00 1.254668e+02
    endloop
  endfacet
  facet normal 0.000000e+00 -8.716605e-01 4.901102e-01
    outer loop
      vertex   5.000000e+00 6.810052e+00 1.254668e+02
      vertex   6.000000e+00 6.810052e+00 1.254668e+02
      vertex   5.000000e+00 7.037619e+00 1.258716e+02
    endloop
  endfacet
  facet normal 7.741900e-16 -8.716605e-01 4.901102e-01
    outer loop
      vertex   5.000000e+00 7.037619e+00 1.258716e+02
      vertex   6.000000e+00 6.810052e+00 1.254668e+02
      vertex   6.000000e+00 7.037619e+00 1.258716e+02
    endloop
  endfacet
  facet normal 8.020915e-16 -9.030747e-01 4.294834e-01
    outer loop
      vertex   5.000000e+00 7.037619e+00 1.258716e+02
      vertex   6.000000e+00 7.037619e+00 1.258716e+02
      vertex   5.000000e+00 7.237037e+00 1.262909e+02
    endloop
  endfacet
  facet normal 0.000000e+00 -9.030747e-01 4.294834e-01
    outer loop
      vertex   5.000000e+00 7.237037e+00 1.262909e+02
      vertex   6.000000e+00 7.037619e+00 1.258716e+02
      vertex   6.000000e+00 7.237037e+00 1.262909e+02
    endloop
  endfacet
  facet normal 0.000000e+00 -9.302784e-01 3.668542e-01
    outer loop
      vertex   5.000000e+00 7.237037e+00 1.262909e+02
      vertex   6.000000e+00 7.237037e+00 1.262909e+02
      vertex   5.000000e+00 7.407374e+00 1.267228e+02
    endloop
  endfacet
  facet normal 0.000000e+00 -9.302784e-01 3.668542e-01
    outer loop
      vertex   5.000000e+00 7.407374e+00 1.267228e+02
      vertex   6.000000e+00 7.237037e+00 1.262909e+02
      vertex   6.000000e+00 7.407374e+00 1.267228e+02
    endloop
  endfacet
  facet normal 0.000000e+00 -9.531448e-01 3.025146e-01
    outer loop
      vertex   5.000000e+00 7.407374e+00 1.267228e+02
      vertex   6.000000e+00 7.407374e+00 1.267228e+02
      vertex   5.000000e+00 7.547838e+00 1.271654e+02
    endloop
  endfacet
  facet normal 0.000000e+00 -9.531448e-01 3.025146e-01
    outer loop
      vertex   5.000000e+00 7.547838e+00 1.271654e+02
      vertex   6.000000e+00 7.407374e+00 1.267228e+02
      vertex   6.000000e+00 7.547838e+00 1.271654e+02
    endloop
  endfacet
  facet normal 0.000000e+00 -9.715671e-01 2.367644e-01
    outer loop
      vertex   5.000000e+00 7.547838e+00 1.271654e+02
      vertex   6.000000e+00 7.547838e+00 1.271654e+02
      vertex   5.000000e+00 7.657772e+00 1.276165e+02
    endloop
  endfacet
  facet normal 0.000000e+00 -9.715671e-01 2.367644e-01
    outer loop
      vertex   5.000000e+00 7.657772e+00 1.276165e+02
      vertex   6.000000e+00 7.547838e+00 1.271654e+02
      vertex   6.000000e+00 7.657772e+00 1.276165e+02
    endloop
  endfacet
  facet normal 0.000000e+00 -9.854595e-01 1.699104e-01
    outer loop
      vertex   5.000000e+00 7.657772e+00 1.276165e+02
      vertex   6.000000e+00 7.657772e+00 1.276165e+02
      vertex   5.000000e+00 7.736664e+00 1.280741e+02
    endloop
  endfacet
  facet normal 0.000000e+00 -9.854595e-01 1.699104e-01
    outer loop
      vertex   5.000000e+00 7.736664e+00 1.280741e+02
      vertex   6.000000e+00 7.657772e+00 1.276165e+02
      vertex   6.000000e+00 7.736664e+00 1.280741e+02
    endloop
  endfacet
  facet normal 0.000000e+00 -9.947573e-01 1.022641e-01
    outer loop
      vertex   5.000000e+00 7.736664e+00 1.280741e+02
      vertex   6.000000e+00 7.736664e+00 1.280741e+02
      vertex   5.000000e+00 7.784148e+00 1.285360e+02
    endloop
  endfacet
  facet normal 0.000000e+00 -9.947573e-01 1.022641e-01
    outer loop
      vertex   5.000000e+00 7.784148e+00 1.285360e+02
      vertex   6.000000e+00 7.736664e+00 1.280741e+02
      vertex   6.000000e+00 7.784148e+00 1.285360e+02
    endloop
  endfacet
  facet normal 0.000000e+00 -9.994170e-01 3.414111e-02
    outer loop
      vertex   5.000000e+00 7.784148e+00 1.285360e+02
      vertex   6.000000e+00 7.784148e+00 1.285360e+02
      vertex   5.000000e+00 7.800000e+00 1.290000e+02
    endloop
  endfacet
  facet normal 0.000000e+00 -9.994170e-01 3.414111e-02
    outer loop
      vertex   5.000000e+00 7.800000e+00 1.290000e+02
      vertex   6.000000e+00 7.784148e+00 1.285360e+02
      vertex   6.000000e+00 7.800000e+00 1.290000e+02
    endloop
  endfacet
  facet normal 0.000000e+00 -0.000000e+00 1.000000e+00
    outer loop
      vertex   6.000000e+00 -2.111456e-01 1.222000e+02
      vertex   6.000000e+00 1.000000e+00 1.222000e+02
      vertex   5.000000e+00 -2.111456e-01 1.222000e+02
    endloop
  endfacet
  facet normal 0.000000e+00 0.000000e+00 1.000000e+00
    outer loop
      vertex   5.000000e+00 -2.111456e-01 1.222000e+02
      vertex   6.000000e+00 1.000000e+00 1.222000e+02
      vertex   5.000000e+00 1.000000e+00 1.222000e+02
    endloop
  endfacet
  facet normal 0.000000e+00 9.990543e-01 -4.347938e-02
    outer loop
      vertex   5.000000e+00 2.200000e+00 1.260000e+02
      vertex   6.000000e+00 2.200000e+00 1.260000e+02
      vertex   5.000000e+00 2.184120e+00 1.256351e+02
    endloop
  endfacet
  facet normal 0.000000e+00 9.990543e-01 -4.347938e-02
    outer loop
      vertex   5.000000e+00 2.184120e+00 1.256351e+02
      vertex   6.000000e+00 2.200000e+00 1.260000e+02
      vertex   6.000000e+00 2.184120e+00 1.256351e+02
    endloop
  endfacet
  facet normal 0.000000e+00 9.914996e-01 -1.301094e-01
    outer loop
      vertex   5.000000e+00 2.184120e+00 1.256351e+02
      vertex   6.000000e+00 2.184120e+00 1.256351e+02
      vertex   5.000000e+00 2.136601e+00 1.252730e+02
    endloop
  endfacet
  facet normal -4.403143e-16 9.914996e-01 -1.301094e-01
    outer loop
      vertex   5.000000e+00 2.136601e+00 1.252730e+02
      vertex   6.000000e+00 2.184120e+00 1.256351e+02
      vertex   6.000000e+00 2.136601e+00 1.252730e+02
    endloop
  endfacet
  facet normal -4.336298e-16 9.764474e-01 -2.157555e-01
    outer loop
      vertex   5.000000e+00 2.136601e+00 1.252730e+02
      vertex   6.000000e+00 2.136601e+00 1.252730e+02
      vertex   5.000000e+00 2.057801e+00 1.249164e+02
    endloop
  endfacet
  facet normal 4.336298e-16 9.764474e-01 -2.157555e-01
    outer loop
      vertex   5.000000e+00 2.057801e+00 1.249164e+02
      vertex   6.000000e+00 2.136601e+00 1.252730e+02
      vertex   6.000000e+00 2.057801e+00 1.249164e+02
    endloop
  endfacet
  facet normal 4.236662e-16 9.540115e-01 -2.997701e-01
    outer loop
      vertex   5.000000e+00 2.057801e+00 1.249164e+02
      vertex   6.000000e+00 2.057801e+00 1.249164e+02
      vertex   5.000000e+00 1.948317e+00 1.245679e+02
    endloop
  endfacet
  facet normal 8.473324e-16 9.540115e-01 -2.997701e-01
    outer loop
      vertex   5.000000e+00 1.948317e+00 1.245679e+02
      vertex   6.000000e+00 2.057801e+00 1.249164e+02
      vertex   6.000000e+00 1.948317e+00 1.245679e+02
    endloop
  endfacet
  facet normal 8.209979e-16 9.243615e-01 -3.815179e-01
    outer loop
      vertex   5.000000e+00 1.948317e+00 1.245679e+02
      vertex   6.000000e+00 1.948317e+00 1.245679e+02
      vertex   5.000000e+00 1.808976e+00 1.242303e+02
    endloop
  endfacet
  facet normal 0.000000e+00 9.243615e-01 -3.815179e-01
    outer loop
      vertex   5.000000e+00 1.808976e+00 1.242303e+02
      vertex   6.000000e+00 1.948317e+00 1.245679e+02
      vertex   6.000000e+00 1.808976e+00 1.242303e+02
    endloop
  endfacet
  facet normal 0.000000e+00 8.877216e-01 -4.603807e-01
    outer loop
      vertex   5.000000e+00 1.808976e+00 1.242303e+02
      vertex   6.000000e+00 1.808976e+00 1.242303e+02
      vertex   5.000000e+00 1.640833e+00 1.239061e+02
    endloop
  endfacet
  facet normal 0.000000e+00 8.877216e-01 -4.603807e-01
    outer loop
      vertex   5.000000e+00 1.640833e+00 1.239061e+02
      vertex   6.000000e+00 1.808976e+00 1.242303e+02
      vertex   6.000000e+00 1.640833e+00 1.239061e+02
    endloop
  endfacet
  facet normal 0.000000e+00 8.443689e-01 -5.357622e-01
    outer loop
      vertex   5.000000e+00 1.640833e+00 1.239061e+02
      vertex   6.000000e+00 1.640833e+00 1.239061e+02
      vertex   5.000000e+00 1.445158e+00 1.235977e+02
    endloop
  endfacet
  facet normal 3.749751e-16 8.443689e-01 -5.357622e-01
    outer loop
      vertex   5.000000e+00 1.445158e+00 1.235977e+02
      vertex   6.000000e+00 1.640833e+00 1.239061e+02
      vertex   6.000000e+00 1.445158e+00 1.235977e+02
    endloop
  endfacet
  facet normal 3.528872e-16 7.946313e-01 -6.070924e-01
    outer loop
      vertex   5.000000e+00 1.445158e+00 1.235977e+02
      vertex   6.000000e+00 1.445158e+00 1.235977e+02
      vertex   5.000000e+00 1.223432e+00 1.233075e+02
    endloop
  endfacet
  facet normal 0.000000e+00 7.946313e-01 -6.070924e-01
    outer loop
      vertex   5.000000e+00 1.223432e+00 1.233075e+02
      vertex   6.000000e+00 1.445158e+00 1.235977e+02
      vertex   6.000000e+00 1.223432e+00 1.233075e+02
    endloop
  endfacet
  facet normal 0.000000e+00 7.388848e-01 -6.738318e-01
    outer loop
      vertex   5.000000e+00 1.223432e+00 1.233075e+02
      vertex   6.000000e+00 1.223432e+00 1.233075e+02
      vertex   5.000000e+00 9.773306e-01 1.230377e+02
    endloop
  endfacet
  facet normal 0.000000e+00 7.388848e-01 -6.738318e-01
    outer loop
      vertex   5.000000e+00 9.773306e-01 1.230377e+02
      vertex   6.000000e+00 1.223432e+00 1.233075e+02
      vertex   6.000000e+00 9.773306e-01 1.230377e+02
    endloop
  endfacet
  facet normal 0.000000e+00 6.775509e-01 -7.354758e-01
    outer loop
      vertex   5.000000e+00 9.773306e-01 1.230377e+02
      vertex   6.000000e+00 9.773306e-01 1.230377e+02
      vertex   5.000000e+00 7.087151e-01 1.227902e+02
    endloop
  endfacet
  facet normal 7.522327e-17 6.775509e-01 -7.354758e-01
    outer loop
      vertex   5.000000e+00 7.087151e-01 1.227902e+02
      vertex   6.000000e+00 9.773306e-01 1.230377e+02
      vertex   6.000000e+00 7.087151e-01 1.227902e+02
    endloop
  endfacet
  facet normal 6.784502e-17 6.110936e-01 -7.915584e-01
    outer loop
      vertex   5.000000e+00 7.087151e-01 1.227902e+02
      vertex   6.000000e+00 7.087151e-01 1.227902e+02
      vertex   5.000000e+00 4.196168e-01 1.225670e+02
    endloop
  endfacet
  facet normal 2.374576e-16 6.110936e-01 -7.915584e-01
    outer loop
      vertex   5.000000e+00 4.196168e-01 1.225670e+02
      vertex   6.000000e+00 7.087151e-01 1.227902e+02
      vertex   6.000000e+00 4.196168e-01 1.225670e+02
    endloop
  endfacet
  facet normal 2.098381e-16 5.400153e-01 -8.416552e-01
    outer loop
      vertex   5.000000e+00 4.196168e-01 1.225670e+02
      vertex   6.000000e+00 4.196168e-01 1.225670e+02
      vertex   5.000000e+00 1.122217e-01 1.223698e+02
    endloop
  endfacet
  facet normal 1.498843e-16 5.400153e-01 -8.416552e-01
    outer loop
      vertex   5.000000e+00 1.122217e-01 1.223698e+02
      vertex   6.000000e+00 4.196168e-01 1.225670e+02
      vertex   6.000000e+00 1.122217e-01 1.223698e+02
    endloop
  endfacet
  facet normal 1.290227e-16 4.648534e-01 -8.853876e-01
    outer loop
      vertex   5.000000e+00 1.122217e-01 1.223698e+02
      vertex   6.000000e+00 1.122217e-01 1.223698e+02
      vertex   5.000000e+00 -2.111456e-01 1.222000e+02
    endloop
  endfacet
  facet normal 0.000000e+00 4.648534e-01 -8.853876e-01
    outer loop
      vertex   5.000000e+00 -2.111456e-01 1.222000e+02
      vertex   6.000000e+00 1.122217e-01 1.223698e+02
      vertex   6.000000e+00 -2.111456e-01 1.222000e+02
    endloop
  endfacet
  facet normal 0.000000e+00 1.000000e+00 1.289291e-15
    outer loop
      vertex   6.000000e+00 2.200000e+00 1.363333e+02
      vertex   6.000000e+00 2.200000e+00 1.260000e+02
      vertex   5.000000e+00 2.200000e+00 1.363333e+02
    endloop
  endfacet
  facet normal 0.000000e+00 1.000000e+00 1.289291e-15
    outer loop
      vertex   5.000000e+00 2.200000e+00 1.363333e+02
      vertex   6.000000e+00 2.200000e+00 1.260000e+02
      vertex   5.000000e+00 2.200000e+00 1.260000e+02
    endloop
  endfacet
  facet normal 7.652985e-17 3.446598e-01 9.387277e-01
    outer loop
      vertex   5.000000e+00 -7.193751e-01 1.403333e+02
      vertex   6.000000e+00 -7.193751e-01 1.403333e+02
      vertex   5.000000e+00 -3.880394e-01 1.402117e+02
    endloop
  endfacet
  facet normal 6.696362e-16 3.446598e-01 9.387277e-01
    outer loop
      vertex   5.000000e+00 -3.880394e-01 1.402117e+02
      vertex   6.000000e+00 -7.193751e-01 1.403333e+02
      vertex   6.000000e+00 -3.880394e-01 1.402117e+02
    endloop
  endfacet
  facet normal 8.204097e-16 4.222625e-01 9.064736e-01
    outer loop
      vertex   5.000000e+00 -3.880394e-01 1.402117e+02
      vertex   6.000000e+00 -3.880394e-01 1.402117e+02
      vertex   5.000000e+00 -6.808822e-02 1.400626e+02
    endloop
  endfacet
  facet normal 7.032083e-16 4.222625e-01 9.064736e-01
    outer loop
      vertex   5.000000e+00 -6.808822e-02 1.400626e+02
      vertex   6.000000e+00 -3.880394e-01 1.402117e+02
      vertex   6.000000e+00 -6.808822e-02 1.400626e+02
    endloop
  endfacet
  facet normal 8.274764e-16 4.968830e-01 8.678176e-01
    outer loop
      vertex   5.000000e+00 -6.808822e-02 1.400626e+02
      vertex   6.000000e+00 -6.808822e-02 1.400626e+02
      vertex   5.000000e+00 2.382189e-01 1.398873e+02
    endloop
  endfacet
  facet normal 6.895636e-16 4.968830e-01 8.678176e-01
    outer loop
      vertex   5.000000e+00 2.382189e-01 1.398873e+02
      vertex   6.000000e+00 -6.808822e-02 1.400626e+02
      vertex   6.000000e+00 2.382189e-01 1.398873e+02
    endloop
  endfacet
  facet normal 7.882503e-16 5.679942e-01 8.230326e-01
    outer loop
      vertex   5.000000e+00 2.382189e-01 1.398873e+02
      vertex   6.000000e+00 2.382189e-01 1.398873e+02
      vertex   5.000000e+00 5.287185e-01 1.396868e+02
    endloop
  endfacet
  facet normal 3.153001e-16 5.679942e-01 8.230326e-01
    outer loop
      vertex   5.000000e+00 5.287185e-01 1.396868e+02
      vertex   6.000000e+00 2.382189e-01 1.398873e+02
      vertex   6.000000e+00 5.287185e-01 1.396868e+02
    endloop
  endfacet
  facet normal 3.525480e-16 6.350940e-01 7.724349e-01
    outer loop
      vertex   5.000000e+00 5.287185e-01 1.396868e+02
      vertex   6.000000e+00 5.287185e-01 1.396868e+02
      vertex   5.000000e+00 8.013591e-01 1.394626e+02
    endloop
  endfacet
  facet normal 7.050959e-16 6.350940e-01 7.724349e-01
    outer loop
      vertex   5.000000e+00 8.013591e-01 1.394626e+02
      vertex   6.000000e+00 5.287185e-01 1.396868e+02
      vertex   6.000000e+00 8.013591e-01 1.394626e+02
    endloop
  endfacet
  facet normal 7.746119e-16 6.977084e-01 7.163819e-01
    outer loop
      vertex   5.000000e+00 8.013591e-01 1.394626e+02
      vertex   6.000000e+00 8.013591e-01 1.394626e+02
      vertex   5.000000e+00 1.054215e+00 1.392163e+02
    endloop
  endfacet
  facet normal 4.647671e-16 6.977084e-01 7.163819e-01
    outer loop
      vertex   5.000000e+00 1.054215e+00 1.392163e+02
      vertex   6.000000e+00 8.013591e-01 1.394626e+02
      vertex   6.000000e+00 1.054215e+00 1.392163e+02
    endloop
  endfacet
  facet normal 5.031943e-16 7.553952e-01 6.552695e-01
    outer loop
      vertex   5.000000e+00 1.054215e+00 1.392163e+02
      vertex   6.000000e+00 1.054215e+00 1.392163e+02
      vertex   5.000000e+00 1.285501e+00 1.389497e+02
    endloop
  endfacet
  facet normal 8.386572e-16 7.553952e-01 6.552695e-01
    outer loop
      vertex   5.000000e+00 1.285501e+00 1.389497e+02
      vertex   6.000000e+00 1.054215e+00 1.392163e+02
      vertex   6.000000e+00 1.285501e+00 1.389497e+02
    endloop
  endfacet
  facet normal 8.967794e-16 8.077471e-01 5.895292e-01
    outer loop
      vertex   5.000000e+00 1.285501e+00 1.389497e+02
      vertex   6.000000e+00 1.285501e+00 1.389497e+02
      vertex   5.000000e+00 1.493582e+00 1.386646e+02
    endloop
  endfacet
  facet normal 5.380676e-16 8.077471e-01 5.895292e-01
    outer loop
      vertex   5.000000e+00 1.493582e+00 1.386646e+02
      vertex   6.000000e+00 1.285501e+00 1.389497e+02
      vertex   6.000000e+00 1.493582e+00 1.386646e+02
    endloop
  endfacet
  facet normal 5.691409e-16 8.543942e-01 5.196253e-01
    outer loop
      vertex   5.000000e+00 1.493582e+00 1.386646e+02
      vertex   6.000000e+00 1.493582e+00 1.386646e+02
      vertex   5.000000e+00 1.676991e+00 1.383630e+02
    endloop
  endfacet
  facet normal 3.794273e-16 8.543942e-01 5.196253e-01
    outer loop
      vertex   5.000000e+00 1.676991e+00 1.383630e+02
      vertex   6.000000e+00 1.493582e+00 1.386646e+02
      vertex   6.000000e+00 1.676991e+00 1.383630e+02
    endloop
  endfacet
  facet normal 3.974630e-16 8.950072e-01 4.460517e-01
    outer loop
      vertex   5.000000e+00 1.676991e+00 1.383630e+02
      vertex   6.000000e+00 1.676991e+00 1.383630e+02
      vertex   5.000000e+00 1.834430e+00 1.380471e+02
    endloop
  endfacet
  facet normal -0.000000e+00 8.950072e-01 4.460517e-01
    outer loop
      vertex   5.000000e+00 1.834430e+00 1.380471e+02
      vertex   6.000000e+00 1.676991e+00 1.383630e+02
      vertex   6.000000e+00 1.834430e+00 1.380471e+02
    endloop
  endfacet
  facet normal -0.000000e+00 9.292992e-01 3.693277e-01
    outer loop
      vertex   5.000000e+00 1.834430e+00 1.380471e+02
      vertex   6.000000e+00 1.834430e+00 1.380471e+02
      vertex   5.000000e+00 1.964789e+00 1.377191e+02
    endloop
  endfacet
  facet normal -0.000000e+00 9.292992e-01 3.693277e-01
    outer loop
      vertex   5.000000e+00 1.964789e+00 1.377191e+02
      vertex   6.000000e+00 1.834430e+00 1.380471e+02
      vertex   6.000000e+00 1.964789e+00 1.377191e+02
    endloop
  endfacet
  facet normal -0.000000e+00 9.570280e-01 2.899954e-01
    outer loop
      vertex   5.000000e+00 1.964789e+00 1.377191e+02
      vertex   6.000000e+00 1.964789e+00 1.377191e+02
      vertex   5.000000e+00 2.067146e+00 1.373813e+02
    endloop
  endfacet
  facet normal -0.000000e+00 9.570280e-01 2.899954e-01
    outer loop
      vertex   5.000000e+00 2.067146e+00 1.373813e+02
      vertex   6.000000e+00 1.964789e+00 1.377191e+02
      vertex   6.000000e+00 2.067146e+00 1.373813e+02
    endloop
  endfacet
  facet normal -0.000000e+00 9.779978e-01 2.086150e-01
    outer loop
      vertex   5.000000e+00 2.067146e+00 1.373813e+02
      vertex   6.000000e+00 2.067146e+00 1.373813e+02
      vertex   5.000000e+00 2.140780e+00 1.370361e+02
    endloop
  endfacet
  facet normal -0.000000e+00 9.779978e-01 2.086150e-01
    outer loop
      vertex   5.000000e+00 2.140780e+00 1.370361e+02
      vertex   6.000000e+00 2.067146e+00 1.373813e+02
      vertex   6.000000e+00 2.140780e+00 1.370361e+02
    endloop
  endfacet
  facet normal -0.000000e+00 9.920605e-01 1.257613e-01
    outer loop
      vertex   5.000000e+00 2.140780e+00 1.370361e+02
      vertex   6.000000e+00 2.140780e+00 1.370361e+02
      vertex   5.000000e+00 2.185169e+00 1.366860e+02
    endloop
  endfacet
  facet normal -0.000000e+00 9.920605e-01 1.257613e-01
    outer loop
      vertex   5.000000e+00 2.185169e+00 1.366860e+02
      vertex   6.000000e+00 2.140780e+00 1.370361e+02
      vertex   6.000000e+00 2.185169e+00 1.366860e+02
    endloop
  endfacet
  facet normal -0.000000e+00 9.991168e-01 4.201935e-02
    outer loop
      vertex   5.000000e+00 2.185169e+00 1.366860e+02
      vertex   6.000000e+00 2.185169e+00 1.366860e+02
      vertex   5.000000e+00 2.200000e+00 1.363333e+02
    endloop
  endfacet
  facet normal -0.000000e+00 9.991168e-01 4.201935e-02
    outer loop
      vertex   5.000000e+00 2.200000e+00 1.363333e+02
      vertex   6.000000e+00 2.185169e+00 1.366860e+02
      vertex   6.000000e+00 2.200000e+00 1.363333e+02
    endloop
  endfacet
  facet normal 0.000000e+00 9.991168e-01 -4.201935e-02
    outer loop
      vertex   5.000000e+00 2.200000e+00 1.443333e+02
      vertex   6.000000e+00 2.200000e+00 1.443333e+02
      vertex   5.000000e+00 2.185169e+00 1.439807e+02
    endloop
  endfacet
  facet normal 0.000000e+00 9.991168e-01 -4.201935e-02
    outer loop
      vertex   5.000000e+00 2.185169e+00 1.439807e+02
      vertex   6.000000e+00 2.200000e+00 1.443333e+02
      vertex   6.000000e+00 2.185169e+00 1.439807e+02
    endloop
  endfacet
  facet normal 0.000000e+00 9.920605e-01 -1.257613e-01
    outer loop
      vertex   5.000000e+00 2.185169e+00 1.439807e+02
      vertex   6.000000e+00 2.185169e+00 1.439807e+02
      vertex   5.000000e+00 2.140780e+00 1.436305e+02
    endloop
  endfacet
  facet normal 0.000000e+00 9.920605e-01 -1.257613e-01
    outer loop
      vertex   5.000000e+00 2.140780e+00 1.436305e+02
      vertex   6.000000e+00 2.185169e+00 1.439807e+02
      vertex   6.000000e+00 2.140780e+00 1.436305e+02
    endloop
  endfacet
  facet normal 0.000000e+00 9.779978e-01 -2.086150e-01
    outer loop
      vertex   5.000000e+00 2.140780e+00 1.436305e+02
      vertex   6.000000e+00 2.140780e+00 1.436305e+02
      vertex   5.000000e+00 2.067146e+00 1.432853e+02
    endloop
  endfacet
  facet normal 0.000000e+00 9.779978e-01 -2.086150e-01
    outer loop
      vertex   5.000000e+00 2.067146e+00 1.432853e+02
      vertex   6.000000e+00 2.140780e+00 1.436305e+02
      vertex   6.000000e+00 2.067146e+00 1.432853e+02
    endloop
  endfacet
  facet normal 0.000000e+00 9.570280e-01 -2.899954e-01
    outer loop
      vertex   5.000000e+00 2.067146e+00 1.432853e+02
      vertex   6.000000e+00 2.067146e+00 1.432853e+02
      vertex   5.000000e+00 1.964789e+00 1.429475e+02
    endloop
  endfacet
  facet normal 0.000000e+00 9.570280e-01 -2.899954e-01
    outer loop
      vertex   5.000000e+00 1.964789e+00 1.429475e+02
      vertex   6.000000e+00 2.067146e+00 1.432853e+02
      vertex   6.000000e+00 1.964789e+00 1.429475e+02
    endloop
  endfacet
  facet normal 0.000000e+00 9.292992e-01 -3.693277e-01
    outer loop
      vertex   5.000000e+00 1.964789e+00 1.429475e+02
      vertex   6.000000e+00 1.964789e+00 1.429475e+02
      vertex   5.000000e+00 1.834430e+00 1.426195e+02
    endloop
  endfacet
  facet normal 0.000000e+00 9.292992e-01 -3.693277e-01
    outer loop
      vertex   5.000000e+00 1.834430e+00 1.426195e+02
      vertex   6.000000e+00 1.964789e+00 1.429475e+02
      vertex   6.000000e+00 1.834430e+00 1.426195e+02
    endloop
  endfacet
  facet normal 0.000000e+00 8.950072e-01 -4.460517e-01
    outer loop
      vertex   5.000000e+00 1.834430e+00 1.426195e+02
      vertex   6.000000e+00 1.834430e+00 1.426195e+02
      vertex   5.000000e+00 1.676991e+00 1.423036e+02
    endloop
  endfacet
  facet normal 0.000000e+00 8.950072e-01 -4.460517e-01
    outer loop
      vertex   5.000000e+00 1.676991e+00 1.423036e+02
      vertex   6.000000e+00 1.834430e+00 1.426195e+02
      vertex   6.000000e+00 1.676991e+00 1.423036e+02
    endloop
  endfacet
  facet normal 0.000000e+00 8.543942e-01 -5.196253e-01
    outer loop
      vertex   5.000000e+00 1.676991e+00 1.423036e+02
      vertex   6.000000e+00 1.676991e+00 1.423036e+02
      vertex   5.000000e+00 1.493582e+00 1.420020e+02
    endloop
  endfacet
  facet normal 0.000000e+00 8.543942e-01 -5.196253e-01
    outer loop
      vertex   5.000000e+00 1.493582e+00 1.420020e+02
      vertex   6.000000e+00 1.676991e+00 1.423036e+02
      vertex   6.000000e+00 1.493582e+00 1.420020e+02
    endloop
  endfacet
  facet normal 0.000000e+00 8.077471e-01 -5.895292e-01
    outer loop
      vertex   5.000000e+00 1.493582e+00 1.420020e+02
      vertex   6.000000e+00 1.493582e+00 1.420020e+02
      vertex   5.000000e+00 1.285501e+00 1.417169e+02
    endloop
  endfacet
  facet normal 0.000000e+00 8.077471e-01 -5.895292e-01
    outer loop
      vertex   5.000000e+00 1.285501e+00 1.417169e+02
      vertex   6.000000e+00 1.493582e+00 1.420020e+02
      vertex   6.000000e+00 1.285501e+00 1.417169e+02
    endloop
  endfacet
  facet normal 0.000000e+00 7.553952e-01 -6.552695e-01
    outer loop
      vertex   5.000000e+00 1.285501e+00 1.417169e+02
      vertex   6.000000e+00 1.285501e+00 1.417169e+02
      vertex   5.000000e+00 1.054215e+00 1.414503e+02
    endloop
  endfacet
  facet normal 0.000000e+00 7.553952e-01 -6.552695e-01
    outer loop
      vertex   5.000000e+00 1.054215e+00 1.414503e+02
      vertex   6.000000e+00 1.285501e+00 1.417169e+02
      vertex   6.000000e+00 1.054215e+00 1.414503e+02
    endloop
  endfacet
  facet normal 0.000000e+00 6.977084e-01 -7.163819e-01
    outer loop
      vertex   5.000000e+00 1.054215e+00 1.414503e+02
      vertex   6.000000e+00 1.054215e+00 1.414503e+02
      vertex   5.000000e+00 8.013591e-01 1.412041e+02
    endloop
  endfacet
  facet normal 0.000000e+00 6.977084e-01 -7.163819e-01
    outer loop
      vertex   5.000000e+00 8.013591e-01 1.412041e+02
      vertex   6.000000e+00 1.054215e+00 1.414503e+02
      vertex   6.000000e+00 8.013591e-01 1.412041e+02
    endloop
  endfacet
  facet normal 0.000000e+00 6.350940e-01 -7.724349e-01
    outer loop
      vertex   5.000000e+00 8.013591e-01 1.412041e+02
      vertex   6.000000e+00 8.013591e-01 1.412041e+02
      vertex   5.000000e+00 5.287185e-01 1.409799e+02
    endloop
  endfacet
  facet normal 0.000000e+00 6.350940e-01 -7.724349e-01
    outer loop
      vertex   5.000000e+00 5.287185e-01 1.409799e+02
      vertex   6.000000e+00 8.013591e-01 1.412041e+02
      vertex   6.000000e+00 5.287185e-01 1.409799e+02
    endloop
  endfacet
  facet normal 0.000000e+00 5.679942e-01 -8.230326e-01
    outer loop
      vertex   5.000000e+00 5.287185e-01 1.409799e+02
      vertex   6.000000e+00 5.287185e-01 1.409799e+02
      vertex   5.000000e+00 2.382189e-01 1.407794e+02
    endloop
  endfacet
  facet normal 0.000000e+00 5.679942e-01 -8.230326e-01
    outer loop
      vertex   5.000000e+00 2.382189e-01 1.407794e+02
      vertex   6.000000e+00 5.287185e-01 1.409799e+02
      vertex   6.000000e+00 2.382189e-01 1.407794e+02
    endloop
  endfacet
  facet normal 0.000000e+00 4.968830e-01 -8.678176e-01
    outer loop
      vertex   5.000000e+00 2.382189e-01 1.407794e+02
      vertex   6.000000e+00 2.382189e-01 1.407794e+02
      vertex   5.000000e+00 -6.808822e-02 1.406040e+02
    endloop
  endfacet
  facet normal 0.000000e+00 4.968830e-01 -8.678176e-01
    outer loop
      vertex   5.000000e+00 -6.808822e-02 1.406040e+02
      vertex   6.000000e+00 2.382189e-01 1.407794e+02
      vertex   6.000000e+00 -6.808822e-02 1.406040e+02
    endloop
  endfacet
  facet normal 0.000000e+00 4.222625e-01 -9.064736e-01
    outer loop
      vertex   5.000000e+00 -6.808822e-02 1.406040e+02
      vertex   6.000000e+00 -6.808822e-02 1.406040e+02
      vertex   5.000000e+00 -3.880394e-01 1.404550e+02
    endloop
  endfacet
  facet normal 0.000000e+00 4.222625e-01 -9.064736e-01
    outer loop
      vertex   5.000000e+00 -3.880394e-01 1.404550e+02
      vertex   6.000000e+00 -6.808822e-02 1.406040e+02
      vertex   6.000000e+00 -3.880394e-01 1.404550e+02
    endloop
  endfacet
  facet normal 0.000000e+00 3.446598e-01 -9.387277e-01
    outer loop
      vertex   5.000000e+00 -3.880394e-01 1.404550e+02
      vertex   6.000000e+00 -3.880394e-01 1.404550e+02
      vertex   5.000000e+00 -7.193751e-01 1.403333e+02
    endloop
  endfacet
  facet normal 7.652985e-17 3.446598e-01 -9.387277e-01
    outer loop
      vertex   5.000000e+00 -7.193751e-01 1.403333e+02
      vertex   6.000000e+00 -3.880394e-01 1.404550e+02
      vertex   6.000000e+00 -7.193751e-01 1.403333e+02
    endloop
  endfacet
  facet normal 0.000000e+00 1.000000e+00 -9.025039e-16
    outer loop
      vertex   6.000000e+00 2.200000e+00 1.546667e+02
      vertex   6.000000e+00 2.200000e+00 1.443333e+02
      vertex   5.000000e+00 2.200000e+00 1.546667e+02
    endloop
  endfacet
  facet normal 0.000000e+00 1.000000e+00 -9.025039e-16
    outer loop
      vertex   5.000000e+00 2.200000e+00 1.546667e+02
      vertex   6.000000e+00 2.200000e+00 1.443333e+02
      vertex   5.000000e+00 2.200000e+00 1.443333e+02
    endloop
  endfacet
  facet normal -0.000000e+00 3.446598e-01 9.387277e-01
    outer loop
      vertex   5.000000e+00 -7.193751e-01 1.586667e+02
      vertex   6.000000e+00 -7.193751e-01 1.586667e+02
      vertex   5.000000e+00 -3.880394e-01 1.585450e+02
    endloop
  endfacet
  facet normal 6.696362e-16 3.446598e-01 9.387277e-01
    outer loop
      vertex   5.000000e+00 -3.880394e-01 1.585450e+02
      vertex   6.000000e+00 -7.193751e-01 1.586667e+02
      vertex   6.000000e+00 -3.880394e-01 1.585450e+02
    endloop
  endfacet
  facet normal 8.204097e-16 4.222625e-01 9.064736e-01
    outer loop
      vertex   5.000000e+00 -3.880394e-01 1.585450e+02
      vertex   6.000000e+00 -3.880394e-01 1.585450e+02
      vertex   5.000000e+00 -6.808822e-02 1.583960e+02
    endloop
  endfacet
  facet normal 2.344028e-16 4.222625e-01 9.064736e-01
    outer loop
      vertex   5.000000e+00 -6.808822e-02 1.583960e+02
      vertex   6.000000e+00 -3.880394e-01 1.585450e+02
      vertex   6.000000e+00 -6.808822e-02 1.583960e+02
    endloop
  endfacet
  facet normal 2.758255e-16 4.968830e-01 8.678176e-01
    outer loop
      vertex   5.000000e+00 -6.808822e-02 1.583960e+02
      vertex   6.000000e+00 -6.808822e-02 1.583960e+02
      vertex   5.000000e+00 2.382189e-01 1.582206e+02
    endloop
  endfacet
  facet normal 4.137382e-16 4.968830e-01 8.678176e-01
    outer loop
      vertex   5.000000e+00 2.382189e-01 1.582206e+02
      vertex   6.000000e+00 -6.808822e-02 1.583960e+02
      vertex   6.000000e+00 2.382189e-01 1.582206e+02
    endloop
  endfacet
  facet normal 4.729502e-16 5.679942e-01 8.230326e-01
    outer loop
      vertex   5.000000e+00 2.382189e-01 1.582206e+02
      vertex   6.000000e+00 2.382189e-01 1.582206e+02
      vertex   5.000000e+00 5.287185e-01 1.580201e+02
    endloop
  endfacet
  facet normal 6.306002e-16 5.679942e-01 8.230326e-01
    outer loop
      vertex   5.000000e+00 5.287185e-01 1.580201e+02
      vertex   6.000000e+00 2.382189e-01 1.582206e+02
      vertex   6.000000e+00 5.287185e-01 1.580201e+02
    endloop
  endfacet
  facet normal 7.050959e-16 6.350940e-01 7.724349e-01
    outer loop
      vertex   5.000000e+00 5.287185e-01 1.580201e+02
      vertex   6.000000e+00 5.287185e-01 1.580201e+02
      vertex   5.000000e+00 8.013591e-01 1.577959e+02
    endloop
  endfacet
  facet normal 7.050959e-16 6.350940e-01 7.724349e-01
    outer loop
      vertex   5.000000e+00 8.013591e-01 1.577959e+02
      vertex   6.000000e+00 5.287185e-01 1.580201e+02
      vertex   6.000000e+00 8.013591e-01 1.577959e+02
    endloop
  endfacet
  facet normal 7.746119e-16 6.977084e-01 7.163819e-01
    outer loop
      vertex   5.000000e+00 8.013591e-01 1.577959e+02
      vertex   6.000000e+00 8.013591e-01 1.577959e+02
      vertex   5.000000e+00 1.054215e+00 1.575497e+02
    endloop
  endfacet
  facet normal 1.239379e-15 6.977084e-01 7.163819e-01
    outer loop
      vertex   5.000000e+00 1.054215e+00 1.575497e+02
      vertex   6.000000e+00 8.013591e-01 1.577959e+02
      vertex   6.000000e+00 1.054215e+00 1.575497e+02
    endloop
  endfacet
  facet normal 1.341851e-15 7.553952e-01 6.552695e-01
    outer loop
      vertex   5.000000e+00 1.054215e+00 1.575497e+02
      vertex   6.000000e+00 1.054215e+00 1.575497e+02
      vertex   5.000000e+00 1.285501e+00 1.572831e+02
    endloop
  endfacet
  facet normal 5.031943e-16 7.553952e-01 6.552695e-01
    outer loop
      vertex   5.000000e+00 1.285501e+00 1.572831e+02
      vertex   6.000000e+00 1.054215e+00 1.575497e+02
      vertex   6.000000e+00 1.285501e+00 1.572831e+02
    endloop
  endfacet
  facet normal 5.380676e-16 8.077471e-01 5.895292e-01
    outer loop
      vertex   5.000000e+00 1.285501e+00 1.572831e+02
      vertex   6.000000e+00 1.285501e+00 1.572831e+02
      vertex   5.000000e+00 1.493582e+00 1.569980e+02
    endloop
  endfacet
  facet normal 3.587118e-16 8.077471e-01 5.895292e-01
    outer loop
      vertex   5.000000e+00 1.493582e+00 1.569980e+02
      vertex   6.000000e+00 1.285501e+00 1.572831e+02
      vertex   6.000000e+00 1.493582e+00 1.569980e+02
    endloop
  endfacet
  facet normal 3.794273e-16 8.543942e-01 5.196253e-01
    outer loop
      vertex   5.000000e+00 1.493582e+00 1.569980e+02
      vertex   6.000000e+00 1.493582e+00 1.569980e+02
      vertex   5.000000e+00 1.676991e+00 1.566964e+02
    endloop
  endfacet
  facet normal 5.691409e-16 8.543942e-01 5.196253e-01
    outer loop
      vertex   5.000000e+00 1.676991e+00 1.566964e+02
      vertex   6.000000e+00 1.493582e+00 1.569980e+02
      vertex   6.000000e+00 1.676991e+00 1.566964e+02
    endloop
  endfacet
  facet normal 5.961946e-16 8.950072e-01 4.460517e-01
    outer loop
      vertex   5.000000e+00 1.676991e+00 1.566964e+02
      vertex   6.000000e+00 1.676991e+00 1.566964e+02
      vertex   5.000000e+00 1.834430e+00 1.563805e+02
    endloop
  endfacet
  facet normal 3.974630e-16 8.950072e-01 4.460517e-01
    outer loop
      vertex   5.000000e+00 1.834430e+00 1.563805e+02
      vertex   6.000000e+00 1.676991e+00 1.566964e+02
      vertex   6.000000e+00 1.834430e+00 1.563805e+02
    endloop
  endfacet
  facet normal 4.126918e-16 9.292992e-01 3.693277e-01
    outer loop
      vertex   5.000000e+00 1.834430e+00 1.563805e+02
      vertex   6.000000e+00 1.834430e+00 1.563805e+02
      vertex   5.000000e+00 1.964789e+00 1.560525e+02
    endloop
  endfacet
  facet normal -0.000000e+00 9.292992e-01 3.693277e-01
    outer loop
      vertex   5.000000e+00 1.964789e+00 1.560525e+02
      vertex   6.000000e+00 1.834430e+00 1.563805e+02
      vertex   6.000000e+00 1.964789e+00 1.560525e+02
    endloop
  endfacet
  facet normal -0.000000e+00 9.570280e-01 2.899954e-01
    outer loop
      vertex   5.000000e+00 1.964789e+00 1.560525e+02
      vertex   6.000000e+00 1.964789e+00 1.560525e+02
      vertex   5.000000e+00 2.067146e+00 1.557147e+02
    endloop
  endfacet
  facet normal -0.000000e+00 9.570280e-01 2.899954e-01
    outer loop
      vertex   5.000000e+00 2.067146e+00 1.557147e+02
      vertex   6.000000e+00 1.964789e+00 1.560525e+02
      vertex   6.000000e+00 2.067146e+00 1.557147e+02
    endloop
  endfacet
  facet normal -0.000000e+00 9.779978e-01 2.086150e-01
    outer loop
      vertex   5.000000e+00 2.067146e+00 1.557147e+02
      vertex   6.000000e+00 2.067146e+00 1.557147e+02
      vertex   5.000000e+00 2.140780e+00 1.553695e+02
    endloop
  endfacet
  facet normal 4.343183e-16 9.779978e-01 2.086150e-01
    outer loop
      vertex   5.000000e+00 2.140780e+00 1.553695e+02
      vertex   6.000000e+00 2.067146e+00 1.557147e+02
      vertex   6.000000e+00 2.140780e+00 1.553695e+02
    endloop
  endfacet
  facet normal 4.405634e-16 9.920605e-01 1.257613e-01
    outer loop
      vertex   5.000000e+00 2.140780e+00 1.553695e+02
      vertex   6.000000e+00 2.140780e+00 1.553695e+02
      vertex   5.000000e+00 2.185169e+00 1.550193e+02
    endloop
  endfacet
  facet normal -0.000000e+00 9.920605e-01 1.257613e-01
    outer loop
      vertex   5.000000e+00 2.185169e+00 1.550193e+02
      vertex   6.000000e+00 2.140780e+00 1.553695e+02
      vertex   6.000000e+00 2.185169e+00 1.550193e+02
    endloop
  endfacet
  facet normal -0.000000e+00 9.991168e-01 4.201935e-02
    outer loop
      vertex   5.000000e+00 2.185169e+00 1.550193e+02
      vertex   6.000000e+00 2.185169e+00 1.550193e+02
      vertex   5.000000e+00 2.200000e+00 1.546667e+02
    endloop
  endfacet
  facet normal -0.000000e+00 9.991168e-01 4.201935e-02
    outer loop
      vertex   5.000000e+00 2.200000e+00 1.546667e+02
      vertex   6.000000e+00 2.185169e+00 1.550193e+02
      vertex   6.000000e+00 2.200000e+00 1.546667e+02
    endloop
  endfacet
  facet normal -1.000000e+00 -0.000000e+00 0.000000e+00
    outer loop
      vertex   5.000000e+00 -3.880394e-01 1.585450e+02
      vertex   5.000000e+00 -4.915304e-01 1.574888e+02
      vertex   5.000000e+00 -7.193751e-01 1.586667e+02
    endloop
  endfacet
  facet normal -1.000000e+00 0.000000e+00 -0.000000e+00
    outer loop
      vertex   5.000000e+00 -7.193751e-01 1.586667e+02
      vertex   5.000000e+00 -4.915304e-01 1.574888e+02
      vertex   5.000000e+00 -7.754130e-01 1.576231e+02
    endloop
  endfacet
  facet normal -1.000000e+00 0.000000e+00 0.000000e+00
    outer loop
      vertex   5.000000e+00 -7.193751e-01 1.586667e+02
      vertex   5.000000e+00 -7.754130e-01 1.576231e+02
      vertex   5.000000e+00 -1.071089e+00 1.577289e+02
    endloop
  endfacet
  facet normal -1.000000e+00 0.000000e+00 0.000000e+00
    outer loop
      vertex   5.000000e+00 -4.915304e-01 1.574888e+02
      vertex   5.000000e+00 -3.880394e-01 1.585450e+02
      vertex   5.000000e+00 -2.221752e-01 1.573274e+02
    endloop
  endfacet
  facet normal -1.000000e+00 0.000000e+00 0.000000e+00
    outer loop
      vertex   5.000000e+00 -2.221752e-01 1.573274e+02
      vertex   5.000000e+00 -3.880394e-01 1.585450e+02
      vertex   5.000000e+00 -6.808822e-02 1.583960e+02
    endloop
  endfacet
  facet normal -1.000000e+00 0.000000e+00 0.000000e+00
    outer loop
      vertex   5.000000e+00 -2.221752e-01 1.573274e+02
      vertex   5.000000e+00 -6.808822e-02 1.583960e+02
      vertex   5.000000e+00 3.005852e-02 1.571403e+02
    endloop
  endfacet
  facet normal -1.000000e+00 0.000000e+00 0.000000e+00
    outer loop
      vertex   5.000000e+00 3.005852e-02 1.571403e+02
      vertex   5.000000e+00 -6.808822e-02 1.583960e+02
      vertex   5.000000e+00 2.382189e-01 1.582206e+02
    endloop
  endfacet
  facet normal -1.000000e+00 0.000000e+00 0.000000e+00
    outer loop
      vertex   5.000000e+00 3.005852e-02 1.571403e+02
      vertex   5.000000e+00 2.382189e-01 1.582206e+02
      vertex   5.000000e+00 2.627417e-01 1.569294e+02
    endloop
  endfacet
  facet normal -1.000000e+00 0.000000e+00 0.000000e+00
    outer loop
      vertex   5.000000e+00 2.627417e-01 1.569294e+02
      vertex   5.000000e+00 2.382189e-01 1.582206e+02
      vertex   5.000000e+00 5.287185e-01 1.580201e+02
    endloop
  endfacet
  facet normal -1.000000e+00 0.000000e+00 0.000000e+00
    outer loop
      vertex   5.000000e+00 2.627417e-01 1.569294e+02
      vertex   5.000000e+00 5.287185e-01 1.580201e+02
      vertex   5.000000e+00 4.736335e-01 1.566967e+02
    endloop
  endfacet
  facet normal -1.000000e+00 0.000000e+00 0.000000e+00
    outer loop
      vertex   5.000000e+00 4.736335e-01 1.566967e+02
      vertex   5.000000e+00 5.287185e-01 1.580201e+02
      vertex   5.000000e+00 6.607028e-01 1.564445e+02
    endloop
  endfacet
  facet normal -1.000000e+00 0.000000e+00 0.000000e+00
    outer loop
      vertex   5.000000e+00 6.607028e-01 1.564445e+02
      vertex   5.000000e+00 5.287185e-01 1.580201e+02
      vertex   5.000000e+00 8.013591e-01 1.577959e+02
    endloop
  endfacet
  facet normal -1.000000e+00 0.000000e+00 0.000000e+00
    outer loop
      vertex   5.000000e+00 6.607028e-01 1.564445e+02
      vertex   5.000000e+00 8.013591e-01 1.577959e+02
      vertex   5.000000e+00 8.221481e-01 1.561751e+02
    endloop
  endfacet
  facet normal -1.000000e+00 0.000000e+00 0.000000e+00
    outer loop
      vertex   5.000000e+00 8.221481e-01 1.561751e+02
      vertex   5.000000e+00 8.013591e-01 1.577959e+02
      vertex   5.000000e+00 1.054215e+00 1.575497e+02
    endloop
  endfacet
  facet normal -1.000000e+00 0.000000e+00 0.000000e+00
    outer loop
      vertex   5.000000e+00 8.221481e-01 1.561751e+02
      vertex   5.000000e+00 1.054215e+00 1.575497e+02
      vertex   5.000000e+00 9.564145e-01 1.558913e+02
    endloop
  endfacet
  facet normal -1.000000e+00 0.000000e+00 0.000000e+00
    outer loop
      vertex   5.000000e+00 9.564145e-01 1.558913e+02
      vertex   5.000000e+00 1.054215e+00 1.575497e+02
      vertex   5.000000e+00 1.062209e+00 1.555956e+02
    endloop
  endfacet
  facet normal -1.000000e+00 0.000000e+00 0.000000e+00
    outer loop
      vertex   5.000000e+00 1.062209e+00 1.555956e+02
      vertex   5.000000e+00 1.054215e+00 1.575497e+02
      vertex   5.000000e+00 1.285501e+00 1.572831e+02
    endloop
  endfacet
  facet normal -1.000000e+00 0.000000e+00 0.000000e+00
    outer loop
      vertex   5.000000e+00 1.062209e+00 1.555956e+02
      vertex   5.000000e+00 1.285501e+00 1.572831e+02
      vertex   5.000000e+00 1.138513e+00 1.552910e+02
    endloop
  endfacet
  facet normal -1.000000e+00 0.000000e+00 0.000000e+00
    outer loop
      vertex   5.000000e+00 1.138513e+00 1.552910e+02
      vertex   5.000000e+00 1.285501e+00 1.572831e+02
      vertex   5.000000e+00 1.184591e+00 1.549803e+02
    endloop
  endfacet
  facet normal -1.000000e+00 0.000000e+00 0.000000e+00
    outer loop
      vertex   5.000000e+00 1.184591e+00 1.549803e+02
      vertex   5.000000e+00 1.285501e+00 1.572831e+02
      vertex   5.000000e+00 1.493582e+00 1.569980e+02
    endloop
  endfacet
  facet normal -1.000000e+00 0.000000e+00 0.000000e+00
    outer loop
      vertex   5.000000e+00 1.184591e+00 1.549803e+02
      vertex   5.000000e+00 1.493582e+00 1.569980e+02
      vertex   5.000000e+00 1.200000e+00 1.546667e+02
    endloop
  endfacet
  facet normal -1.000000e+00 0.000000e+00 0.000000e+00
    outer loop
      vertex   5.000000e+00 1.200000e+00 1.546667e+02
      vertex   5.000000e+00 1.493582e+00 1.569980e+02
      vertex   5.000000e+00 1.676991e+00 1.566964e+02
    endloop
  endfacet
  facet normal -1.000000e+00 0.000000e+00 0.000000e+00
    outer loop
      vertex   5.000000e+00 1.200000e+00 1.546667e+02
      vertex   5.000000e+00 1.676991e+00 1.566964e+02
      vertex   5.000000e+00 1.834430e+00 1.563805e+02
    endloop
  endfacet
  facet normal -1.000000e+00 0.000000e+00 -0.000000e+00
    outer loop
      vertex   5.000000e+00 1.834430e+00 1.563805e+02
      vertex   5.000000e+00 1.964789e+00 1.560525e+02
      vertex   5.000000e+00 1.200000e+00 1.546667e+02
    endloop
  endfacet
  facet normal -1.000000e+00 0.000000e+00 0.000000e+00
    outer loop
      vertex   5.000000e+00 1.200000e+00 1.546667e+02
      vertex   5.000000e+00 1.964789e+00 1.560525e+02
      vertex   5.000000e+00 2.200000e+00 1.546667e+02
    endloop
  endfacet
  facet normal -1.000000e+00 0.000000e+00 -0.000000e+00
    outer loop
      vertex   5.000000e+00 1.200000e+00 1.546667e+02
      vertex   5.000000e+00 2.200000e+00 1.546667e+02
      vertex   5.000000e+00 1.200000e+00 1.443333e+02
    endloop
  endfacet
  facet normal -1.000000e+00 0.000000e+00 0.000000e+00
    outer loop
      vertex   5.000000e+00 1.200000e+00 1.443333e+02
      vertex   5.000000e+00 2.200000e+00 1.546667e+02
      vertex   5.000000e+00 2.200000e+00 1.443333e+02
    endloop
  endfacet
  facet normal -1.000000e+00 0.000000e+00 0.000000e+00
    outer loop
      vertex   5.000000e+00 1.200000e+00 1.443333e+02
      vertex   5.000000e+00 2.200000e+00 1.443333e+02
      vertex   5.000000e+00 1.964789e+00 1.429475e+02
    endloop
  endfacet
  facet normal -1.000000e+00 0.000000e+00 0.000000e+00
    outer loop
      vertex   5.000000e+00 1.964789e+00 1.429475e+02
      vertex   5.000000e+00 2.200000e+00 1.443333e+02
      vertex   5.000000e+00 2.067146e+00 1.432853e+02
    endloop
  endfacet
  facet normal -1.000000e+00 0.000000e+00 0.000000e+00
    outer loop
      vertex   5.000000e+00 2.067146e+00 1.432853e+02
      vertex   5.000000e+00 2.200000e+00 1.443333e+02
      vertex   5.000000e+00 2.140780e+00 1.436305e+02
    endloop
  endfacet
  facet normal -1.000000e+00 0.000000e+00 0.000000e+00
    outer loop
      vertex   5.000000e+00 2.140780e+00 1.436305e+02
      vertex   5.000000e+00 2.200000e+00 1.443333e+02
      vertex   5.000000e+00 2.185169e+00 1.439807e+02
    endloop
  endfacet
  facet normal -1.000000e+00 0.000000e+00 0.000000e+00
    outer loop
      vertex   5.000000e+00 1.964789e+00 1.560525e+02
      vertex   5.000000e+00 2.067146e+00 1.557147e+02
      vertex   5.000000e+00 2.200000e+00 1.546667e+02
    endloop
  endfacet
  facet normal -1.000000e+00 0.000000e+00 0.000000e+00
    outer loop
      vertex   5.000000e+00 2.200000e+00 1.546667e+02
      vertex   5.000000e+00 2.067146e+00 1.557147e+02
      vertex   5.000000e+00 2.140780e+00 1.553695e+02
    endloop
  endfacet
  facet normal -1.000000e+00 0.000000e+00 0.000000e+00
    outer loop
      vertex   5.000000e+00 2.200000e+00 1.546667e+02
      vertex   5.000000e+00 2.140780e+00 1.553695e+02
      vertex   5.000000e+00 2.185169e+00 1.550193e+02
    endloop
  endfacet
  facet normal -1.000000e+00 -0.000000e+00 0.000000e+00
    outer loop
      vertex   5.000000e+00 1.964789e+00 1.429475e+02
      vertex   5.000000e+00 1.834430e+00 1.426195e+02
      vertex   5.000000e+00 1.200000e+00 1.443333e+02
    endloop
  endfacet
  facet normal -1.000000e+00 0.000000e+00 0.000000e+00
    outer loop
      vertex   5.000000e+00 1.200000e+00 1.443333e+02
      vertex   5.000000e+00 1.834430e+00 1.426195e+02
      vertex   5.000000e+00 1.676991e+00 1.423036e+02
    endloop
  endfacet
  facet normal -1.000000e+00 0.000000e+00 0.000000e+00
    outer loop
      vertex   5.000000e+00 1.200000e+00 1.443333e+02
      vertex   5.000000e+00 1.676991e+00 1.423036e+02
      vertex   5.000000e+00 1.493582e+00 1.420020e+02
    endloop
  endfacet
  facet normal -1.000000e+00 0.000000e+00 -0.000000e+00
    outer loop
      vertex   5.000000e+00 1.200000e+00 1.443333e+02
      vertex   5.000000e+00 1.493582e+00 1.420020e+02
      vertex   5.000000e+00 1.184591e+00 1.440197e+02
    endloop
  endfacet
  facet normal -1.000000e+00 0.000000e+00 0.000000e+00
    outer loop
      vertex   5.000000e+00 1.184591e+00 1.440197e+02
      vertex   5.000000e+00 1.493582e+00 1.420020e+02
      vertex   5.000000e+00 1.285501e+00 1.417169e+02
    endloop
  endfacet
  facet normal -1.000000e+00 0.000000e+00 -0.000000e+00
    outer loop
      vertex   5.000000e+00 1.184591e+00 1.440197e+02
      vertex   5.000000e+00 1.285501e+00 1.417169e+02
      vertex   5.000000e+00 1.138513e+00 1.437090e+02
    endloop
  endfacet
  facet normal -1.000000e+00 0.000000e+00 -0.000000e+00
    outer loop
      vertex   5.000000e+00 1.138513e+00 1.437090e+02
      vertex   5.000000e+00 1.285501e+00 1.417169e+02
      vertex   5.000000e+00 1.062209e+00 1.434044e+02
    endloop
  endfacet
  facet normal -1.000000e+00 0.000000e+00 -0.000000e+00
    outer loop
      vertex   5.000000e+00 1.062209e+00 1.434044e+02
      vertex   5.000000e+00 1.285501e+00 1.417169e+02
      vertex   5.000000e+00 1.054215e+00 1.414503e+02
    endloop
  endfacet
  facet normal -1.000000e+00 0.000000e+00 0.000000e+00
    outer loop
      vertex   5.000000e+00 1.062209e+00 1.434044e+02
      vertex   5.000000e+00 1.054215e+00 1.414503e+02
      vertex   5.000000e+00 9.564145e-01 1.431087e+02
    endloop
  endfacet
  facet normal -1.000000e+00 0.000000e+00 -0.000000e+00
    outer loop
      vertex   5.000000e+00 9.564145e-01 1.431087e+02
      vertex   5.000000e+00 1.054215e+00 1.414503e+02
      vertex   5.000000e+00 8.221481e-01 1.428249e+02
    endloop
  endfacet
  facet normal -1.000000e+00 0.000000e+00 -0.000000e+00
    outer loop
      vertex   5.000000e+00 8.221481e-01 1.428249e+02
      vertex   5.000000e+00 1.054215e+00 1.414503e+02
      vertex   5.000000e+00 8.013591e-01 1.412041e+02
    endloop
  endfacet
  facet normal -1.000000e+00 0.000000e+00 0.000000e+00
    outer loop
      vertex   5.000000e+00 8.221481e-01 1.428249e+02
      vertex   5.000000e+00 8.013591e-01 1.412041e+02
      vertex   5.000000e+00 6.607028e-01 1.425555e+02
    endloop
  endfacet
  facet normal -1.000000e+00 0.000000e+00 -0.000000e+00
    outer loop
      vertex   5.000000e+00 6.607028e-01 1.425555e+02
      vertex   5.000000e+00 8.013591e-01 1.412041e+02
      vertex   5.000000e+00 5.287185e-01 1.409799e+02
    endloop
  endfacet
  facet normal -1.000000e+00 0.000000e+00 0.000000e+00
    outer loop
      vertex   5.000000e+00 6.607028e-01 1.425555e+02
      vertex   5.000000e+00 5.287185e-01 1.409799e+02
      vertex   5.000000e+00 4.736335e-01 1.423033e+02
    endloop
  endfacet
  facet normal -1.000000e+00 0.000000e+00 -0.000000e+00
    outer loop
      vertex   5.000000e+00 4.736335e-01 1.423033e+02
      vertex   5.000000e+00 5.287185e-01 1.409799e+02
      vertex   5.000000e+00 2.627417e-01 1.420706e+02
    endloop
  endfacet
  facet normal -1.000000e+00 0.000000e+00 -0.000000e+00
    outer loop
      vertex   5.000000e+00 2.627417e-01 1.420706e+02
      vertex   5.000000e+00 5.287185e-01 1.409799e+02
      vertex   5.000000e+00 2.382189e-01 1.407794e+02
    endloop
  endfacet
  facet normal -1.000000e+00 0.000000e+00 0.000000e+00
    outer loop
      vertex   5.000000e+00 2.627417e-01 1.420706e+02
      vertex   5.000000e+00 2.382189e-01 1.407794e+02
      vertex   5.000000e+00 3.005852e-02 1.418597e+02
    endloop
  endfacet
  facet normal -1.000000e+00 0.000000e+00 -0.000000e+00
    outer loop
      vertex   5.000000e+00 3.005852e-02 1.418597e+02
      vertex   5.000000e+00 2.382189e-01 1.407794e+02
      vertex   5.000000e+00 -6.808822e-02 1.406040e+02
    endloop
  endfacet
  facet normal -1.000000e+00 0.000000e+00 0.000000e+00
    outer loop
      vertex   5.000000e+00 3.005852e-02 1.418597e+02
      vertex   5.000000e+00 -6.808822e-02 1.406040e+02
      vertex   5.000000e+00 -2.221752e-01 1.416726e+02
    endloop
  endfacet
  facet normal -1.000000e+00 0.000000e+00 -0.000000e+00
    outer loop
      vertex   5.000000e+00 -2.221752e-01 1.416726e+02
      vertex   5.000000e+00 -6.808822e-02 1.406040e+02
      vertex   5.000000e+00 -3.880394e-01 1.404550e+02
    endloop
  endfacet
  facet normal -1.000000e+00 0.000000e+00 0.000000e+00
    outer loop
      vertex   5.000000e+00 -2.221752e-01 1.416726e+02
      vertex   5.000000e+00 -3.880394e-01 1.404550e+02
      vertex   5.000000e+00 -4.915304e-01 1.415112e+02
    endloop
  endfacet
  facet normal -1.000000e+00 0.000000e+00 -0.000000e+00
    outer loop
      vertex   5.000000e+00 -4.915304e-01 1.415112e+02
      vertex   5.000000e+00 -3.880394e-01 1.404550e+02
      vertex   5.000000e+00 -7.193751e-01 1.403333e+02
    endloop
  endfacet
  facet normal -1.000000e+00 0.000000e+00 0.000000e+00
    outer loop
      vertex   5.000000e+00 -4.915304e-01 1.415112e+02
      vertex   5.000000e+00 -7.193751e-01 1.403333e+02
      vertex   5.000000e+00 -7.754130e-01 1.413769e+02
    endloop
  endfacet
  facet normal -1.000000e+00 0.000000e+00 -0.000000e+00
    outer loop
      vertex   5.000000e+00 -7.754130e-01 1.413769e+02
      vertex   5.000000e+00 -7.193751e-01 1.403333e+02
      vertex   5.000000e+00 -1.071089e+00 1.412711e+02
    endloop
  endfacet
  facet normal -1.000000e+00 0.000000e+00 0.000000e+00
    outer loop
      vertex   5.000000e+00 -1.071089e+00 1.412711e+02
      vertex   5.000000e+00 -7.193751e-01 1.403333e+02
      vertex   5.000000e+00 -1.071089e+00 1.393955e+02
    endloop
  endfacet
  facet normal -1.000000e+00 0.000000e+00 -0.000000e+00
    outer loop
      vertex   5.000000e+00 -1.071089e+00 1.412711e+02
      vertex   5.000000e+00 -1.071089e+00 1.393955e+02
      vertex   5.000000e+00 -1.375711e+00 1.411948e+02
    endloop
  endfacet
  facet normal -1.000000e+00 0.000000e+00 0.000000e+00
    outer loop
      vertex   5.000000e+00 -1.375711e+00 1.411948e+02
      vertex   5.000000e+00 -1.071089e+00 1.393955e+02
      vertex   5.000000e+00 -1.375711e+00 1.394718e+02
    endloop
  endfacet
  facet normal -1.000000e+00 0.000000e+00 -0.000000e+00
    outer loop
      vertex   5.000000e+00 -1.375711e+00 1.411948e+02
      vertex   5.000000e+00 -1.375711e+00 1.394718e+02
      vertex   5.000000e+00 -1.686345e+00 1.411487e+02
    endloop
  endfacet
  facet normal -1.000000e+00 0.000000e+00 0.000000e+00
    outer loop
      vertex   5.000000e+00 -1.686345e+00 1.411487e+02
      vertex   5.000000e+00 -1.375711e+00 1.394718e+02
      vertex   5.000000e+00 -1.686345e+00 1.395179e+02
    endloop
  endfacet
  facet normal -1.000000e+00 0.000000e+00 -0.000000e+00
    outer loop
      vertex   5.000000e+00 -1.686345e+00 1.411487e+02
      vertex   5.000000e+00 -1.686345e+00 1.395179e+02
      vertex   5.000000e+00 -2.000000e+00 1.411333e+02
    endloop
  endfacet
  facet normal -1.000000e+00 0.000000e+00 0.000000e+00
    outer loop
      vertex   5.000000e+00 -2.000000e+00 1.411333e+02
      vertex   5.000000e+00 -1.686345e+00 1.395179e+02
      vertex   5.000000e+00 -2.000000e+00 1.395333e+02
    endloop
  endfacet
  facet normal -1.000000e+00 0.000000e+00 -0.000000e+00
    outer loop
      vertex   5.000000e+00 -2.000000e+00 1.411333e+02
      vertex   5.000000e+00 -2.000000e+00 1.395333e+02
      vertex   5.000000e+00 -4.800000e+00 1.395333e+02
    endloop
  endfacet
  facet normal -1.000000e+00 -0.000000e+00 0.000000e+00
    outer loop
      vertex   5.000000e+00 -3.880394e-01 1.402117e+02
      vertex   5.000000e+00 -4.915304e-01 1.391555e+02
      vertex   5.000000e+00 -7.193751e-01 1.403333e+02
    endloop
  endfacet
  facet normal -1.000000e+00 0.000000e+00 -0.000000e+00
    outer loop
      vertex   5.000000e+00 -7.193751e-01 1.403333e+02
      vertex   5.000000e+00 -4.915304e-01 1.391555e+02
      vertex   5.000000e+00 -7.754130e-01 1.392897e+02
    endloop
  endfacet
  facet normal -1.000000e+00 0.000000e+00 0.000000e+00
    outer loop
      vertex   5.000000e+00 -7.193751e-01 1.403333e+02
      vertex   5.000000e+00 -7.754130e-01 1.392897e+02
      vertex   5.000000e+00 -1.071089e+00 1.393955e+02
    endloop
  endfacet
  facet normal -1.000000e+00 0.000000e+00 0.000000e+00
    outer loop
      vertex   5.000000e+00 -4.915304e-01 1.391555e+02
      vertex   5.000000e+00 -3.880394e-01 1.402117e+02
      vertex   5.000000e+00 -2.221752e-01 1.389940e+02
    endloop
  endfacet
  facet normal -1.000000e+00 0.000000e+00 0.000000e+00
    outer loop
      vertex   5.000000e+00 -2.221752e-01 1.389940e+02
      vertex   5.000000e+00 -3.880394e-01 1.402117e+02
      vertex   5.000000e+00 -6.808822e-02 1.400626e+02
    endloop
  endfacet
  facet normal -1.000000e+00 0.000000e+00 0.000000e+00
    outer loop
      vertex   5.000000e+00 -2.221752e-01 1.389940e+02
      vertex   5.000000e+00 -6.808822e-02 1.400626e+02
      vertex   5.000000e+00 3.005852e-02 1.388070e+02
    endloop
  endfacet
  facet normal -1.000000e+00 0.000000e+00 0.000000e+00
    outer loop
      vertex   5.000000e+00 3.005852e-02 1.388070e+02
      vertex   5.000000e+00 -6.808822e-02 1.400626e+02
      vertex   5.000000e+00 2.382189e-01 1.398873e+02
    endloop
  endfacet
  facet normal -1.000000e+00 0.000000e+00 0.000000e+00
    outer loop
      vertex   5.000000e+00 3.005852e-02 1.388070e+02
      vertex   5.000000e+00 2.382189e-01 1.398873e+02
      vertex   5.000000e+00 2.627417e-01 1.385961e+02
    endloop
  endfacet
  facet normal -1.000000e+00 0.000000e+00 0.000000e+00
    outer loop
      vertex   5.000000e+00 2.627417e-01 1.385961e+02
      vertex   5.000000e+00 2.382189e-01 1.398873e+02
      vertex   5.000000e+00 5.287185e-01 1.396868e+02
    endloop
  endfacet
  facet normal -1.000000e+00 0.000000e+00 0.000000e+00
    outer loop
      vertex   5.000000e+00 2.627417e-01 1.385961e+02
      vertex   5.000000e+00 5.287185e-01 1.396868e+02
      vertex   5.000000e+00 4.736335e-01 1.383634e+02
    endloop
  endfacet
  facet normal -1.000000e+00 0.000000e+00 0.000000e+00
    outer loop
      vertex   5.000000e+00 4.736335e-01 1.383634e+02
      vertex   5.000000e+00 5.287185e-01 1.396868e+02
      vertex   5.000000e+00 6.607028e-01 1.381112e+02
    endloop
  endfacet
  facet normal -1.000000e+00 0.000000e+00 0.000000e+00
    outer loop
      vertex   5.000000e+00 6.607028e-01 1.381112e+02
      vertex   5.000000e+00 5.287185e-01 1.396868e+02
      vertex   5.000000e+00 8.013591e-01 1.394626e+02
    endloop
  endfacet
  facet normal -1.000000e+00 0.000000e+00 0.000000e+00
    outer loop
      vertex   5.000000e+00 6.607028e-01 1.381112e+02
      vertex   5.000000e+00 8.013591e-01 1.394626e+02
      vertex   5.000000e+00 8.221481e-01 1.378418e+02
    endloop
  endfacet
  facet normal -1.000000e+00 0.000000e+00 0.000000e+00
    outer loop
      vertex   5.000000e+00 8.221481e-01 1.378418e+02
      vertex   5.000000e+00 8.013591e-01 1.394626e+02
      vertex   5.000000e+00 1.054215e+00 1.392163e+02
    endloop
  endfacet
  facet normal -1.000000e+00 0.000000e+00 0.000000e+00
    outer loop
      vertex   5.000000e+00 8.221481e-01 1.378418e+02
      vertex   5.000000e+00 1.054215e+00 1.392163e+02
      vertex   5.000000e+00 9.564145e-01 1.375579e+02
    endloop
  endfacet
  facet normal -1.000000e+00 0.000000e+00 0.000000e+00
    outer loop
      vertex   5.000000e+00 9.564145e-01 1.375579e+02
      vertex   5.000000e+00 1.054215e+00 1.392163e+02
      vertex   5.000000e+00 1.062209e+00 1.372622e+02
    endloop
  endfacet
  facet normal -1.000000e+00 0.000000e+00 0.000000e+00
    outer loop
      vertex   5.000000e+00 1.062209e+00 1.372622e+02
      vertex   5.000000e+00 1.054215e+00 1.392163e+02
      vertex   5.000000e+00 1.285501e+00 1.389497e+02
    endloop
  endfacet
  facet normal -1.000000e+00 0.000000e+00 0.000000e+00
    outer loop
      vertex   5.000000e+00 1.062209e+00 1.372622e+02
      vertex   5.000000e+00 1.285501e+00 1.389497e+02
      vertex   5.000000e+00 1.138513e+00 1.369576e+02
    endloop
  endfacet
  facet normal -1.000000e+00 0.000000e+00 0.000000e+00
    outer loop
      vertex   5.000000e+00 1.138513e+00 1.369576e+02
      vertex   5.000000e+00 1.285501e+00 1.389497e+02
      vertex   5.000000e+00 1.184591e+00 1.366470e+02
    endloop
  endfacet
  facet normal -1.000000e+00 0.000000e+00 0.000000e+00
    outer loop
      vertex   5.000000e+00 1.184591e+00 1.366470e+02
      vertex   5.000000e+00 1.285501e+00 1.389497e+02
      vertex   5.000000e+00 1.493582e+00 1.386646e+02
    endloop
  endfacet
  facet normal -1.000000e+00 0.000000e+00 0.000000e+00
    outer loop
      vertex   5.000000e+00 1.184591e+00 1.366470e+02
      vertex   5.000000e+00 1.493582e+00 1.386646e+02
      vertex   5.000000e+00 1.200000e+00 1.363333e+02
    endloop
  endfacet
  facet normal -1.000000e+00 0.000000e+00 0.000000e+00
    outer loop
      vertex   5.000000e+00 1.200000e+00 1.363333e+02
      vertex   5.000000e+00 1.493582e+00 1.386646e+02
      vertex   5.000000e+00 1.676991e+00 1.383630e+02
    endloop
  endfacet
  facet normal -1.000000e+00 0.000000e+00 0.000000e+00
    outer loop
      vertex   5.000000e+00 1.200000e+00 1.363333e+02
      vertex   5.000000e+00 1.676991e+00 1.383630e+02
      vertex   5.000000e+00 1.834430e+00 1.380471e+02
    endloop
  endfacet
  facet normal -1.000000e+00 0.000000e+00 -0.000000e+00
    outer loop
      vertex   5.000000e+00 1.834430e+00 1.380471e+02
      vertex   5.000000e+00 1.964789e+00 1.377191e+02
      vertex   5.000000e+00 1.200000e+00 1.363333e+02
    endloop
  endfacet
  facet normal -1.000000e+00 0.000000e+00 0.000000e+00
    outer loop
      vertex   5.000000e+00 1.200000e+00 1.363333e+02
      vertex   5.000000e+00 1.964789e+00 1.377191e+02
      vertex   5.000000e+00 2.200000e+00 1.363333e+02
    endloop
  endfacet
  facet normal -1.000000e+00 0.000000e+00 0.000000e+00
    outer loop
      vertex   5.000000e+00 1.200000e+00 1.363333e+02
      vertex   5.000000e+00 2.200000e+00 1.363333e+02
      vertex   5.000000e+00 1.200000e+00 1.260000e+02
    endloop
  endfacet
  facet normal -1.000000e+00 0.000000e+00 0.000000e+00
    outer loop
      vertex   5.000000e+00 1.200000e+00 1.260000e+02
      vertex   5.000000e+00 2.200000e+00 1.363333e+02
      vertex   5.000000e+00 2.200000e+00 1.260000e+02
    endloop
  endfacet
  facet normal -1.000000e+00 0.000000e+00 0.000000e+00
    outer loop
      vertex   5.000000e+00 1.200000e+00 1.260000e+02
      vertex   5.000000e+00 2.200000e+00 1.260000e+02
      vertex   5.000000e+00 1.948317e+00 1.245679e+02
    endloop
  endfacet
  facet normal -1.000000e+00 0.000000e+00 0.000000e+00
    outer loop
      vertex   5.000000e+00 1.948317e+00 1.245679e+02
      vertex   5.000000e+00 2.200000e+00 1.260000e+02
      vertex   5.000000e+00 2.057801e+00 1.249164e+02
    endloop
  endfacet
  facet normal -1.000000e+00 0.000000e+00 0.000000e+00
    outer loop
      vertex   5.000000e+00 2.057801e+00 1.249164e+02
      vertex   5.000000e+00 2.200000e+00 1.260000e+02
      vertex   5.000000e+00 2.136601e+00 1.252730e+02
    endloop
  endfacet
  facet normal -1.000000e+00 0.000000e+00 0.000000e+00
    outer loop
      vertex   5.000000e+00 2.136601e+00 1.252730e+02
      vertex   5.000000e+00 2.200000e+00 1.260000e+02
      vertex   5.000000e+00 2.184120e+00 1.256351e+02
    endloop
  endfacet
  facet normal -1.000000e+00 0.000000e+00 0.000000e+00
    outer loop
      vertex   5.000000e+00 1.964789e+00 1.377191e+02
      vertex   5.000000e+00 2.067146e+00 1.373813e+02
      vertex   5.000000e+00 2.200000e+00 1.363333e+02
    endloop
  endfacet
  facet normal -1.000000e+00 0.000000e+00 0.000000e+00
    outer loop
      vertex   5.000000e+00 2.200000e+00 1.363333e+02
      vertex   5.000000e+00 2.067146e+00 1.373813e+02
      vertex   5.000000e+00 2.140780e+00 1.370361e+02
    endloop
  endfacet
  facet normal -1.000000e+00 0.000000e+00 0.000000e+00
    outer loop
      vertex   5.000000e+00 2.200000e+00 1.363333e+02
      vertex   5.000000e+00 2.140780e+00 1.370361e+02
      vertex   5.000000e+00 2.185169e+00 1.366860e+02
    endloop
  endfacet
  facet normal -1.000000e+00 -0.000000e+00 0.000000e+00
    outer loop
      vertex   5.000000e+00 1.948317e+00 1.245679e+02
      vertex   5.000000e+00 1.808976e+00 1.242303e+02
      vertex   5.000000e+00 1.200000e+00 1.260000e+02
    endloop
  endfacet
  facet normal -1.000000e+00 0.000000e+00 0.000000e+00
    outer loop
      vertex   5.000000e+00 1.200000e+00 1.260000e+02
      vertex   5.000000e+00 1.808976e+00 1.242303e+02
      vertex   5.000000e+00 1.640833e+00 1.239061e+02
    endloop
  endfacet
  facet normal -1.000000e+00 0.000000e+00 -0.000000e+00
    outer loop
      vertex   5.000000e+00 1.200000e+00 1.260000e+02
      vertex   5.000000e+00 1.640833e+00 1.239061e+02
      vertex   5.000000e+00 1.184591e+00 1.256863e+02
    endloop
  endfacet
  facet normal -1.000000e+00 0.000000e+00 0.000000e+00
    outer loop
      vertex   5.000000e+00 1.184591e+00 1.256863e+02
      vertex   5.000000e+00 1.640833e+00 1.239061e+02
      vertex   5.000000e+00 1.445158e+00 1.235977e+02
    endloop
  endfacet
  facet normal -1.000000e+00 0.000000e+00 -0.000000e+00
    outer loop
      vertex   5.000000e+00 1.184591e+00 1.256863e+02
      vertex   5.000000e+00 1.445158e+00 1.235977e+02
      vertex   5.000000e+00 1.138513e+00 1.253757e+02
    endloop
  endfacet
  facet normal -1.000000e+00 0.000000e+00 0.000000e+00
    outer loop
      vertex   5.000000e+00 1.138513e+00 1.253757e+02
      vertex   5.000000e+00 1.445158e+00 1.235977e+02
      vertex   5.000000e+00 1.223432e+00 1.233075e+02
    endloop
  endfacet
  facet normal -1.000000e+00 0.000000e+00 -0.000000e+00
    outer loop
      vertex   5.000000e+00 1.138513e+00 1.253757e+02
      vertex   5.000000e+00 1.223432e+00 1.233075e+02
      vertex   5.000000e+00 1.062209e+00 1.250711e+02
    endloop
  endfacet
  facet normal -1.000000e+00 0.000000e+00 -0.000000e+00
    outer loop
      vertex   5.000000e+00 1.062209e+00 1.250711e+02
      vertex   5.000000e+00 1.223432e+00 1.233075e+02
      vertex   5.000000e+00 9.564145e-01 1.247754e+02
    endloop
  endfacet
  facet normal -1.000000e+00 0.000000e+00 0.000000e+00
    outer loop
      vertex   5.000000e+00 9.564145e-01 1.247754e+02
      vertex   5.000000e+00 1.223432e+00 1.233075e+02
      vertex   5.000000e+00 9.773306e-01 1.230377e+02
    endloop
  endfacet
  facet normal -1.000000e+00 0.000000e+00 -0.000000e+00
    outer loop
      vertex   5.000000e+00 9.564145e-01 1.247754e+02
      vertex   5.000000e+00 9.773306e-01 1.230377e+02
      vertex   5.000000e+00 8.221481e-01 1.244915e+02
    endloop
  endfacet
  facet normal -1.000000e+00 0.000000e+00 -0.000000e+00
    outer loop
      vertex   5.000000e+00 8.221481e-01 1.244915e+02
      vertex   5.000000e+00 9.773306e-01 1.230377e+02
      vertex   5.000000e+00 7.087151e-01 1.227902e+02
    endloop
  endfacet
  facet normal -1.000000e+00 0.000000e+00 0.000000e+00
    outer loop
      vertex   5.000000e+00 8.221481e-01 1.244915e+02
      vertex   5.000000e+00 7.087151e-01 1.227902e+02
      vertex   5.000000e+00 6.607028e-01 1.242222e+02
    endloop
  endfacet
  facet normal -1.000000e+00 0.000000e+00 -0.000000e+00
    outer loop
      vertex   5.000000e+00 6.607028e-01 1.242222e+02
      vertex   5.000000e+00 7.087151e-01 1.227902e+02
      vertex   5.000000e+00 4.736335e-01 1.239699e+02
    endloop
  endfacet
  facet normal -1.000000e+00 0.000000e+00 -0.000000e+00
    outer loop
      vertex   5.000000e+00 4.736335e-01 1.239699e+02
      vertex   5.000000e+00 7.087151e-01 1.227902e+02
      vertex   5.000000e+00 4.196168e-01 1.225670e+02
    endloop
  endfacet
  facet normal -1.000000e+00 0.000000e+00 0.000000e+00
    outer loop
      vertex   5.000000e+00 4.736335e-01 1.239699e+02
      vertex   5.000000e+00 4.196168e-01 1.225670e+02
      vertex   5.000000e+00 2.627417e-01 1.237373e+02
    endloop
  endfacet
  facet normal -1.000000e+00 0.000000e+00 -0.000000e+00
    outer loop
      vertex   5.000000e+00 2.627417e-01 1.237373e+02
      vertex   5.000000e+00 4.196168e-01 1.225670e+02
      vertex   5.000000e+00 1.122217e-01 1.223698e+02
    endloop
  endfacet
  facet normal -1.000000e+00 0.000000e+00 0.000000e+00
    outer loop
      vertex   5.000000e+00 2.627417e-01 1.237373e+02
      vertex   5.000000e+00 1.122217e-01 1.223698e+02
      vertex   5.000000e+00 3.005852e-02 1.235264e+02
    endloop
  endfacet
  facet normal -1.000000e+00 0.000000e+00 -0.000000e+00
    outer loop
      vertex   5.000000e+00 3.005852e-02 1.235264e+02
      vertex   5.000000e+00 1.122217e-01 1.223698e+02
      vertex   5.000000e+00 -2.111456e-01 1.222000e+02
    endloop
  endfacet
  facet normal -1.000000e+00 0.000000e+00 0.000000e+00
    outer loop
      vertex   5.000000e+00 3.005852e-02 1.235264e+02
      vertex   5.000000e+00 -2.111456e-01 1.222000e+02
      vertex   5.000000e+00 -2.221752e-01 1.233393e+02
    endloop
  endfacet
  facet normal -1.000000e+00 0.000000e+00 -0.000000e+00
    outer loop
      vertex   5.000000e+00 -2.221752e-01 1.233393e+02
      vertex   5.000000e+00 -2.111456e-01 1.222000e+02
      vertex   5.000000e+00 -4.915304e-01 1.231779e+02
    endloop
  endfacet
  facet normal -1.000000e+00 0.000000e+00 -0.000000e+00
    outer loop
      vertex   5.000000e+00 -4.915304e-01 1.231779e+02
      vertex   5.000000e+00 -2.111456e-01 1.222000e+02
      vertex   5.000000e+00 -7.754130e-01 1.230436e+02
    endloop
  endfacet
  facet normal -1.000000e+00 0.000000e+00 -0.000000e+00
    outer loop
      vertex   5.000000e+00 -7.754130e-01 1.230436e+02
      vertex   5.000000e+00 -2.111456e-01 1.222000e+02
      vertex   5.000000e+00 -1.071089e+00 1.229378e+02
    endloop
  endfacet
  facet normal -1.000000e+00 0.000000e+00 -0.000000e+00
    outer loop
      vertex   5.000000e+00 -1.071089e+00 1.229378e+02
      vertex   5.000000e+00 -2.111456e-01 1.222000e+02
      vertex   5.000000e+00 -1.375711e+00 1.228615e+02
    endloop
  endfacet
  facet normal -1.000000e+00 0.000000e+00 -0.000000e+00
    outer loop
      vertex   5.000000e+00 -1.375711e+00 1.228615e+02
      vertex   5.000000e+00 -2.111456e-01 1.222000e+02
      vertex   5.000000e+00 -1.686345e+00 1.228154e+02
    endloop
  endfacet
  facet normal -1.000000e+00 0.000000e+00 -0.000000e+00
    outer loop
      vertex   5.000000e+00 -1.686345e+00 1.228154e+02
      vertex   5.000000e+00 -2.111456e-01 1.222000e+02
      vertex   5.000000e+00 -2.000000e+00 1.228000e+02
    endloop
  endfacet
  facet normal -1.000000e+00 0.000000e+00 -0.000000e+00
    outer loop
      vertex   5.000000e+00 -2.000000e+00 1.228000e+02
      vertex   5.000000e+00 -2.111456e-01 1.222000e+02
      vertex   5.000000e+00 -4.800000e+00 1.212000e+02
    endloop
  endfacet
  facet normal -1.000000e+00 -0.000000e+00 0.000000e+00
    outer loop
      vertex   5.000000e+00 -2.000000e+00 1.228000e+02
      vertex   5.000000e+00 -4.800000e+00 1.212000e+02
      vertex   5.000000e+00 -4.800000e+00 1.228000e+02
    endloop
  endfacet
  facet normal -1.000000e+00 0.000000e+00 0.000000e+00
    outer loop
      vertex   5.000000e+00 -4.800000e+00 1.212000e+02
      vertex   5.000000e+00 -2.111456e-01 1.222000e+02
      vertex   5.000000e+00 1.000000e+00 1.212000e+02
    endloop
  endfacet
  facet normal -1.000000e+00 0.000000e+00 0.000000e+00
    outer loop
      vertex   5.000000e+00 1.000000e+00 1.212000e+02
      vertex   5.000000e+00 -2.111456e-01 1.222000e+02
      vertex   5.000000e+00 1.000000e+00 1.222000e+02
    endloop
  endfacet
  facet normal -1.000000e+00 0.000000e+00 0.000000e+00
    outer loop
      vertex   5.000000e+00 1.000000e+00 1.212000e+02
      vertex   5.000000e+00 1.000000e+00 1.222000e+02
      vertex   5.000000e+00 1.464048e+00 1.222159e+02
    endloop
  endfacet
  facet normal -1.000000e+00 0.000000e+00 0.000000e+00
    outer loop
      vertex   5.000000e+00 1.000000e+00 1.212000e+02
      vertex   5.000000e+00 1.464048e+00 1.222159e+02
      vertex   5.000000e+00 1.489766e+00 1.212154e+02
    endloop
  endfacet
  facet normal -1.000000e+00 0.000000e+00 0.000000e+00
    outer loop
      vertex   5.000000e+00 1.489766e+00 1.212154e+02
      vertex   5.000000e+00 1.464048e+00 1.222159e+02
      vertex   5.000000e+00 1.925933e+00 1.222633e+02
    endloop
  endfacet
  facet normal -1.000000e+00 0.000000e+00 0.000000e+00
    outer loop
      vertex   5.000000e+00 1.489766e+00 1.212154e+02
      vertex   5.000000e+00 1.925933e+00 1.222633e+02
      vertex   5.000000e+00 1.977599e+00 1.212615e+02
    endloop
  endfacet
  facet normal -1.000000e+00 0.000000e+00 0.000000e+00
    outer loop
      vertex   5.000000e+00 1.977599e+00 1.212615e+02
      vertex   5.000000e+00 1.925933e+00 1.222633e+02
      vertex   5.000000e+00 2.383501e+00 1.223422e+02
    endloop
  endfacet
  facet normal -1.000000e+00 0.000000e+00 0.000000e+00
    outer loop
      vertex   5.000000e+00 1.977599e+00 1.212615e+02
      vertex   5.000000e+00 2.383501e+00 1.223422e+02
      vertex   5.000000e+00 2.461574e+00 1.213382e+02
    endloop
  endfacet
  facet normal -1.000000e+00 0.000000e+00 0.000000e+00
    outer loop
      vertex   5.000000e+00 2.461574e+00 1.213382e+02
      vertex   5.000000e+00 2.383501e+00 1.223422e+02
      vertex   5.000000e+00 2.834618e+00 1.224522e+02
    endloop
  endfacet
  facet normal -1.000000e+00 0.000000e+00 0.000000e+00
    outer loop
      vertex   5.000000e+00 2.461574e+00 1.213382e+02
      vertex   5.000000e+00 2.834618e+00 1.224522e+02
      vertex   5.000000e+00 2.939781e+00 1.214451e+02
    endloop
  endfacet
  facet normal -1.000000e+00 0.000000e+00 0.000000e+00
    outer loop
      vertex   5.000000e+00 2.939781e+00 1.214451e+02
      vertex   5.000000e+00 2.834618e+00 1.224522e+02
      vertex   5.000000e+00 3.277181e+00 1.225926e+02
    endloop
  endfacet
  facet normal -1.000000e+00 0.000000e+00 0.000000e+00
    outer loop
      vertex   5.000000e+00 2.939781e+00 1.214451e+02
      vertex   5.000000e+00 3.277181e+00 1.225926e+02
      vertex   5.000000e+00 3.410333e+00 1.215818e+02
    endloop
  endfacet
  facet normal -1.000000e+00 0.000000e+00 0.000000e+00
    outer loop
      vertex   5.000000e+00 3.410333e+00 1.215818e+02
      vertex   5.000000e+00 3.277181e+00 1.225926e+02
      vertex   5.000000e+00 3.709127e+00 1.227630e+02
    endloop
  endfacet
  facet normal -1.000000e+00 0.000000e+00 0.000000e+00
    outer loop
      vertex   5.000000e+00 3.410333e+00 1.215818e+02
      vertex   5.000000e+00 3.709127e+00 1.227630e+02
      vertex   5.000000e+00 3.871372e+00 1.217477e+02
    endloop
  endfacet
  facet normal -1.000000e+00 0.000000e+00 0.000000e+00
    outer loop
      vertex   5.000000e+00 3.871372e+00 1.217477e+02
      vertex   5.000000e+00 3.709127e+00 1.227630e+02
      vertex   5.000000e+00 4.128442e+00 1.229624e+02
    endloop
  endfacet
  facet normal -1.000000e+00 0.000000e+00 0.000000e+00
    outer loop
      vertex   5.000000e+00 3.871372e+00 1.217477e+02
      vertex   5.000000e+00 4.128442e+00 1.229624e+02
      vertex   5.000000e+00 4.321078e+00 1.219423e+02
    endloop
  endfacet
  facet normal -1.000000e+00 0.000000e+00 0.000000e+00
    outer loop
      vertex   5.000000e+00 4.321078e+00 1.219423e+02
      vertex   5.000000e+00 4.128442e+00 1.229624e+02
      vertex   5.000000e+00 4.533171e+00 1.231899e+02
    endloop
  endfacet
  facet normal -1.000000e+00 0.000000e+00 0.000000e+00
    outer loop
      vertex   5.000000e+00 4.321078e+00 1.219423e+02
      vertex   5.000000e+00 4.533171e+00 1.231899e+02
      vertex   5.000000e+00 4.757679e+00 1.221648e+02
    endloop
  endfacet
  facet normal -1.000000e+00 0.000000e+00 0.000000e+00
    outer loop
      vertex   5.000000e+00 4.757679e+00 1.221648e+02
      vertex   5.000000e+00 4.533171e+00 1.231899e+02
      vertex   5.000000e+00 4.921426e+00 1.234446e+02
    endloop
  endfacet
  facet normal -1.000000e+00 0.000000e+00 0.000000e+00
    outer loop
      vertex   5.000000e+00 4.757679e+00 1.221648e+02
      vertex   5.000000e+00 4.921426e+00 1.234446e+02
      vertex   5.000000e+00 5.179449e+00 1.224142e+02
    endloop
  endfacet
  facet normal -1.000000e+00 0.000000e+00 0.000000e+00
    outer loop
      vertex   5.000000e+00 5.179449e+00 1.224142e+02
      vertex   5.000000e+00 4.921426e+00 1.234446e+02
      vertex   5.000000e+00 5.291398e+00 1.237252e+02
    endloop
  endfacet
  facet normal -1.000000e+00 0.000000e+00 0.000000e+00
    outer loop
      vertex   5.000000e+00 5.179449e+00 1.224142e+02
      vertex   5.000000e+00 5.291398e+00 1.237252e+02
      vertex   5.000000e+00 5.584725e+00 1.226897e+02
    endloop
  endfacet
  facet normal -1.000000e+00 0.000000e+00 0.000000e+00
    outer loop
      vertex   5.000000e+00 5.584725e+00 1.226897e+02
      vertex   5.000000e+00 5.291398e+00 1.237252e+02
      vertex   5.000000e+00 5.641361e+00 1.240303e+02
    endloop
  endfacet
  facet normal -1.000000e+00 0.000000e+00 0.000000e+00
    outer loop
      vertex   5.000000e+00 5.584725e+00 1.226897e+02
      vertex   5.000000e+00 5.641361e+00 1.240303e+02
      vertex   5.000000e+00 5.971907e+00 1.229900e+02
    endloop
  endfacet
  facet normal -1.000000e+00 0.000000e+00 0.000000e+00
    outer loop
      vertex   5.000000e+00 5.971907e+00 1.229900e+02
      vertex   5.000000e+00 5.641361e+00 1.240303e+02
      vertex   5.000000e+00 5.969685e+00 1.243586e+02
    endloop
  endfacet
  facet normal -1.000000e+00 0.000000e+00 0.000000e+00
    outer loop
      vertex   5.000000e+00 5.971907e+00 1.229900e+02
      vertex   5.000000e+00 5.969685e+00 1.243586e+02
      vertex   5.000000e+00 6.339467e+00 1.233140e+02
    endloop
  endfacet
  facet normal -1.000000e+00 0.000000e+00 0.000000e+00
    outer loop
      vertex   5.000000e+00 6.339467e+00 1.233140e+02
      vertex   5.000000e+00 5.969685e+00 1.243586e+02
      vertex   5.000000e+00 6.274837e+00 1.247086e+02
    endloop
  endfacet
  facet normal -1.000000e+00 0.000000e+00 0.000000e+00
    outer loop
      vertex   5.000000e+00 6.339467e+00 1.233140e+02
      vertex   5.000000e+00 6.274837e+00 1.247086e+02
      vertex   5.000000e+00 6.555395e+00 1.250786e+02
    endloop
  endfacet
  facet normal -1.000000e+00 0.000000e+00 0.000000e+00
    outer loop
      vertex   5.000000e+00 6.339467e+00 1.233140e+02
      vertex   5.000000e+00 6.555395e+00 1.250786e+02
      vertex   5.000000e+00 6.685955e+00 1.236605e+02
    endloop
  endfacet
  facet normal -1.000000e+00 0.000000e+00 0.000000e+00
    outer loop
      vertex   5.000000e+00 6.685955e+00 1.236605e+02
      vertex   5.000000e+00 6.555395e+00 1.250786e+02
      vertex   5.000000e+00 6.810052e+00 1.254668e+02
    endloop
  endfacet
  facet normal -1.000000e+00 0.000000e+00 0.000000e+00
    outer loop
      vertex   5.000000e+00 6.685955e+00 1.236605e+02
      vertex   5.000000e+00 6.810052e+00 1.254668e+02
      vertex   5.000000e+00 7.010003e+00 1.240281e+02
    endloop
  endfacet
  facet normal -1.000000e+00 0.000000e+00 0.000000e+00
    outer loop
      vertex   5.000000e+00 7.010003e+00 1.240281e+02
      vertex   5.000000e+00 6.810052e+00 1.254668e+02
      vertex   5.000000e+00 7.037619e+00 1.258716e+02
    endloop
  endfacet
  facet normal -1.000000e+00 0.000000e+00 0.000000e+00
    outer loop
      vertex   5.000000e+00 7.010003e+00 1.240281e+02
      vertex   5.000000e+00 7.037619e+00 1.258716e+02
      vertex   5.000000e+00 7.310333e+00 1.244153e+02
    endloop
  endfacet
  facet normal -1.000000e+00 0.000000e+00 0.000000e+00
    outer loop
      vertex   5.000000e+00 7.310333e+00 1.244153e+02
      vertex   5.000000e+00 7.037619e+00 1.258716e+02
      vertex   5.000000e+00 7.237037e+00 1.262909e+02
    endloop
  endfacet
  facet normal -1.000000e+00 0.000000e+00 0.000000e+00
    outer loop
      vertex   5.000000e+00 7.310333e+00 1.244153e+02
      vertex   5.000000e+00 7.237037e+00 1.262909e+02
      vertex   5.000000e+00 7.407374e+00 1.267228e+02
    endloop
  endfacet
  facet normal -1.000000e+00 0.000000e+00 0.000000e+00
    outer loop
      vertex   5.000000e+00 7.310333e+00 1.244153e+02
      vertex   5.000000e+00 7.407374e+00 1.267228e+02
      vertex   5.000000e+00 7.585758e+00 1.248206e+02
    endloop
  endfacet
  facet normal -1.000000e+00 0.000000e+00 0.000000e+00
    outer loop
      vertex   5.000000e+00 7.585758e+00 1.248206e+02
      vertex   5.000000e+00 7.407374e+00 1.267228e+02
      vertex   5.000000e+00 7.547838e+00 1.271654e+02
    endloop
  endfacet
  facet normal -1.000000e+00 0.000000e+00 0.000000e+00
    outer loop
      vertex   5.000000e+00 7.585758e+00 1.248206e+02
      vertex   5.000000e+00 7.547838e+00 1.271654e+02
      vertex   5.000000e+00 7.835192e+00 1.252423e+02
    endloop
  endfacet
  facet normal -1.000000e+00 0.000000e+00 0.000000e+00
    outer loop
      vertex   5.000000e+00 7.835192e+00 1.252423e+02
      vertex   5.000000e+00 7.547838e+00 1.271654e+02
      vertex   5.000000e+00 7.657772e+00 1.276165e+02
    endloop
  endfacet
  facet normal -1.000000e+00 0.000000e+00 0.000000e+00
    outer loop
      vertex   5.000000e+00 7.835192e+00 1.252423e+02
      vertex   5.000000e+00 7.657772e+00 1.276165e+02
      vertex   5.000000e+00 8.057651e+00 1.256789e+02
    endloop
  endfacet
  facet normal -1.000000e+00 0.000000e+00 0.000000e+00
    outer loop
      vertex   5.000000e+00 8.057651e+00 1.256789e+02
      vertex   5.000000e+00 7.657772e+00 1.276165e+02
      vertex   5.000000e+00 7.736664e+00 1.280741e+02
    endloop
  endfacet
  facet normal -1.000000e+00 0.000000e+00 0.000000e+00
    outer loop
      vertex   5.000000e+00 8.057651e+00 1.256789e+02
      vertex   5.000000e+00 7.736664e+00 1.280741e+02
      vertex   5.000000e+00 7.784148e+00 1.285360e+02
    endloop
  endfacet
  facet normal -1.000000e+00 0.000000e+00 -0.000000e+00
    outer loop
      vertex   5.000000e+00 7.800000e+00 1.290000e+02
      vertex   5.000000e+00 8.418241e+00 1.265897e+02
      vertex   5.000000e+00 7.784148e+00 1.285360e+02
    endloop
  endfacet
  facet normal -1.000000e+00 0.000000e+00 0.000000e+00
    outer loop
      vertex   5.000000e+00 7.784148e+00 1.285360e+02
      vertex   5.000000e+00 8.418241e+00 1.265897e+02
      vertex   5.000000e+00 8.252257e+00 1.261286e+02
    endloop
  endfacet
  facet normal -1.000000e+00 0.000000e+00 0.000000e+00
    outer loop
      vertex   5.000000e+00 7.784148e+00 1.285360e+02
      vertex   5.000000e+00 8.252257e+00 1.261286e+02
      vertex   5.000000e+00 8.057651e+00 1.256789e+02
    endloop
  endfacet
  facet normal -1.000000e+00 0.000000e+00 0.000000e+00
    outer loop
      vertex   5.000000e+00 7.800000e+00 2.000000e+02
      vertex   5.000000e+00 8.800000e+00 2.000000e+02
      vertex   5.000000e+00 7.800000e+00 1.290000e+02
    endloop
  endfacet
  facet normal -1.000000e+00 0.000000e+00 0.000000e+00
    outer loop
      vertex   5.000000e+00 7.800000e+00 1.290000e+02
      vertex   5.000000e+00 8.800000e+00 2.000000e+02
      vertex   5.000000e+00 8.800000e+00 1.290000e+02
    endloop
  endfacet
  facet normal -1.000000e+00 0.000000e+00 0.000000e+00
    outer loop
      vertex   5.000000e+00 7.800000e+00 1.290000e+02
      vertex   5.000000e+00 8.800000e+00 1.290000e+02
      vertex   5.000000e+00 8.661841e+00 1.275384e+02
    endloop
  endfacet
  facet normal -1.000000e+00 0.000000e+00 0.000000e+00
    outer loop
      vertex   5.000000e+00 8.661841e+00 1.275384e+02
      vertex   5.000000e+00 8.800000e+00 1.290000e+02
      vertex   5.000000e+00 8.738495e+00 1.280224e+02
    endloop
  endfacet
  facet normal -1.000000e+00 0.000000e+00 0.000000e+00
    outer loop
      vertex   5.000000e+00 8.738495e+00 1.280224e+02
      vertex   5.000000e+00 8.800000e+00 1.290000e+02
      vertex   5.000000e+00 8.784608e+00 1.285102e+02
    endloop
  endfacet
  facet normal -1.000000e+00 -0.000000e+00 0.000000e+00
    outer loop
      vertex   5.000000e+00 8.661841e+00 1.275384e+02
      vertex   5.000000e+00 8.554949e+00 1.270602e+02
      vertex   5.000000e+00 7.800000e+00 1.290000e+02
    endloop
  endfacet
  facet normal -1.000000e+00 0.000000e+00 0.000000e+00
    outer loop
      vertex   5.000000e+00 7.800000e+00 1.290000e+02
      vertex   5.000000e+00 8.554949e+00 1.270602e+02
      vertex   5.000000e+00 8.418241e+00 1.265897e+02
    endloop
  endfacet
  facet normal -1.000000e+00 0.000000e+00 0.000000e+00
    outer loop
      vertex   5.000000e+00 -4.800000e+00 1.395333e+02
      vertex   5.000000e+00 -4.800000e+00 1.411333e+02
      vertex   5.000000e+00 -2.000000e+00 1.411333e+02
    endloop
  endfacet
  facet normal -1.000000e+00 0.000000e+00 0.000000e+00
    outer loop
      vertex   5.000000e+00 -1.375711e+00 1.578052e+02
      vertex   5.000000e+00 -1.375711e+00 1.595282e+02
      vertex   5.000000e+00 -1.071089e+00 1.577289e+02
    endloop
  endfacet
  facet normal -1.000000e+00 0.000000e+00 0.000000e+00
    outer loop
      vertex   5.000000e+00 -1.071089e+00 1.577289e+02
      vertex   5.000000e+00 -1.375711e+00 1.595282e+02
      vertex   5.000000e+00 -1.071089e+00 1.596045e+02
    endloop
  endfacet
  facet normal -1.000000e+00 0.000000e+00 0.000000e+00
    outer loop
      vertex   5.000000e+00 -1.071089e+00 1.577289e+02
      vertex   5.000000e+00 -1.071089e+00 1.596045e+02
      vertex   5.000000e+00 -7.193751e-01 1.586667e+02
    endloop
  endfacet
  facet normal -1.000000e+00 0.000000e+00 0.000000e+00
    outer loop
      vertex   5.000000e+00 -7.193751e-01 1.586667e+02
      vertex   5.000000e+00 -1.071089e+00 1.596045e+02
      vertex   5.000000e+00 -7.754130e-01 1.597103e+02
    endloop
  endfacet
  facet normal -1.000000e+00 0.000000e+00 0.000000e+00
    outer loop
      vertex   5.000000e+00 -7.193751e-01 1.586667e+02
      vertex   5.000000e+00 -7.754130e-01 1.597103e+02
      vertex   5.000000e+00 -4.915304e-01 1.598445e+02
    endloop
  endfacet
  facet normal -1.000000e+00 0.000000e+00 -0.000000e+00
    outer loop
      vertex   5.000000e+00 -1.375711e+00 1.595282e+02
      vertex   5.000000e+00 -1.375711e+00 1.578052e+02
      vertex   5.000000e+00 -1.686345e+00 1.594821e+02
    endloop
  endfacet
  facet normal -1.000000e+00 0.000000e+00 0.000000e+00
    outer loop
      vertex   5.000000e+00 -1.686345e+00 1.594821e+02
      vertex   5.000000e+00 -1.375711e+00 1.578052e+02
      vertex   5.000000e+00 -1.686345e+00 1.578513e+02
    endloop
  endfacet
  facet normal -1.000000e+00 0.000000e+00 -0.000000e+00
    outer loop
      vertex   5.000000e+00 -1.686345e+00 1.594821e+02
      vertex   5.000000e+00 -1.686345e+00 1.578513e+02
      vertex   5.000000e+00 -2.000000e+00 1.594667e+02
    endloop
  endfacet
  facet normal -1.000000e+00 0.000000e+00 0.000000e+00
    outer loop
      vertex   5.000000e+00 -2.000000e+00 1.594667e+02
      vertex   5.000000e+00 -1.686345e+00 1.578513e+02
      vertex   5.000000e+00 -2.000000e+00 1.578667e+02
    endloop
  endfacet
  facet normal -1.000000e+00 0.000000e+00 -0.000000e+00
    outer loop
      vertex   5.000000e+00 -2.000000e+00 1.594667e+02
      vertex   5.000000e+00 -2.000000e+00 1.578667e+02
      vertex   5.000000e+00 -4.800000e+00 1.578667e+02
    endloop
  endfacet
  facet normal -1.000000e+00 0.000000e+00 0.000000e+00
    outer loop
      vertex   5.000000e+00 -4.800000e+00 1.578667e+02
      vertex   5.000000e+00 -4.800000e+00 1.594667e+02
      vertex   5.000000e+00 -2.000000e+00 1.594667e+02
    endloop
  endfacet
  facet normal -1.000000e+00 0.000000e+00 0.000000e+00
    outer loop
      vertex   5.000000e+00 -7.193751e-01 1.586667e+02
      vertex   5.000000e+00 -4.915304e-01 1.598445e+02
      vertex   5.000000e+00 -3.880394e-01 1.587883e+02
    endloop
  endfacet
  facet normal -1.000000e+00 0.000000e+00 0.000000e+00
    outer loop
      vertex   5.000000e+00 -3.880394e-01 1.587883e+02
      vertex   5.000000e+00 -4.915304e-01 1.598445e+02
      vertex   5.000000e+00 -2.221752e-01 1.600060e+02
    endloop
  endfacet
  facet normal -1.000000e+00 0.000000e+00 0.000000e+00
    outer loop
      vertex   5.000000e+00 -3.880394e-01 1.587883e+02
      vertex   5.000000e+00 -2.221752e-01 1.600060e+02
      vertex   5.000000e+00 -6.808822e-02 1.589374e+02
    endloop
  endfacet
  facet normal -1.000000e+00 0.000000e+00 0.000000e+00
    outer loop
      vertex   5.000000e+00 -6.808822e-02 1.589374e+02
      vertex   5.000000e+00 -2.221752e-01 1.600060e+02
      vertex   5.000000e+00 3.005852e-02 1.601930e+02
    endloop
  endfacet
  facet normal -1.000000e+00 0.000000e+00 0.000000e+00
    outer loop
      vertex   5.000000e+00 -6.808822e-02 1.589374e+02
      vertex   5.000000e+00 3.005852e-02 1.601930e+02
      vertex   5.000000e+00 2.382189e-01 1.591127e+02
    endloop
  endfacet
  facet normal -1.000000e+00 0.000000e+00 0.000000e+00
    outer loop
      vertex   5.000000e+00 2.382189e-01 1.591127e+02
      vertex   5.000000e+00 3.005852e-02 1.601930e+02
      vertex   5.000000e+00 2.627417e-01 1.604039e+02
    endloop
  endfacet
  facet normal -1.000000e+00 0.000000e+00 0.000000e+00
    outer loop
      vertex   5.000000e+00 2.382189e-01 1.591127e+02
      vertex   5.000000e+00 2.627417e-01 1.604039e+02
      vertex   5.000000e+00 5.287185e-01 1.593132e+02
    endloop
  endfacet
  facet normal -1.000000e+00 0.000000e+00 0.000000e+00
    outer loop
      vertex   5.000000e+00 5.287185e-01 1.593132e+02
      vertex   5.000000e+00 2.627417e-01 1.604039e+02
      vertex   5.000000e+00 4.736335e-01 1.606366e+02
    endloop
  endfacet
  facet normal -1.000000e+00 0.000000e+00 0.000000e+00
    outer loop
      vertex   5.000000e+00 5.287185e-01 1.593132e+02
      vertex   5.000000e+00 4.736335e-01 1.606366e+02
      vertex   5.000000e+00 6.607028e-01 1.608888e+02
    endloop
  endfacet
  facet normal -1.000000e+00 0.000000e+00 0.000000e+00
    outer loop
      vertex   5.000000e+00 5.287185e-01 1.593132e+02
      vertex   5.000000e+00 6.607028e-01 1.608888e+02
      vertex   5.000000e+00 8.013591e-01 1.595374e+02
    endloop
  endfacet
  facet normal -1.000000e+00 0.000000e+00 0.000000e+00
    outer loop
      vertex   5.000000e+00 8.013591e-01 1.595374e+02
      vertex   5.000000e+00 6.607028e-01 1.608888e+02
      vertex   5.000000e+00 8.221481e-01 1.611582e+02
    endloop
  endfacet
  facet normal -1.000000e+00 0.000000e+00 0.000000e+00
    outer loop
      vertex   5.000000e+00 8.013591e-01 1.595374e+02
      vertex   5.000000e+00 8.221481e-01 1.611582e+02
      vertex   5.000000e+00 1.054215e+00 1.597837e+02
    endloop
  endfacet
  facet normal -1.000000e+00 0.000000e+00 0.000000e+00
    outer loop
      vertex   5.000000e+00 1.054215e+00 1.597837e+02
      vertex   5.000000e+00 8.221481e-01 1.611582e+02
      vertex   5.000000e+00 9.564145e-01 1.614421e+02
    endloop
  endfacet
  facet normal -1.000000e+00 0.000000e+00 0.000000e+00
    outer loop
      vertex   5.000000e+00 1.054215e+00 1.597837e+02
      vertex   5.000000e+00 9.564145e-01 1.614421e+02
      vertex   5.000000e+00 1.062209e+00 1.617378e+02
    endloop
  endfacet
  facet normal -1.000000e+00 0.000000e+00 0.000000e+00
    outer loop
      vertex   5.000000e+00 1.054215e+00 1.597837e+02
      vertex   5.000000e+00 1.062209e+00 1.617378e+02
      vertex   5.000000e+00 1.285501e+00 1.600503e+02
    endloop
  endfacet
  facet normal -1.000000e+00 0.000000e+00 0.000000e+00
    outer loop
      vertex   5.000000e+00 1.285501e+00 1.600503e+02
      vertex   5.000000e+00 1.062209e+00 1.617378e+02
      vertex   5.000000e+00 1.138513e+00 1.620424e+02
    endloop
  endfacet
  facet normal -1.000000e+00 0.000000e+00 0.000000e+00
    outer loop
      vertex   5.000000e+00 1.285501e+00 1.600503e+02
      vertex   5.000000e+00 1.138513e+00 1.620424e+02
      vertex   5.000000e+00 1.184591e+00 1.623530e+02
    endloop
  endfacet
  facet normal -1.000000e+00 0.000000e+00 0.000000e+00
    outer loop
      vertex   5.000000e+00 1.285501e+00 1.600503e+02
      vertex   5.000000e+00 1.184591e+00 1.623530e+02
      vertex   5.000000e+00 1.493582e+00 1.603354e+02
    endloop
  endfacet
  facet normal -1.000000e+00 0.000000e+00 0.000000e+00
    outer loop
      vertex   5.000000e+00 1.493582e+00 1.603354e+02
      vertex   5.000000e+00 1.184591e+00 1.623530e+02
      vertex   5.000000e+00 1.200000e+00 1.626667e+02
    endloop
  endfacet
  facet normal -1.000000e+00 0.000000e+00 0.000000e+00
    outer loop
      vertex   5.000000e+00 1.493582e+00 1.603354e+02
      vertex   5.000000e+00 1.200000e+00 1.626667e+02
      vertex   5.000000e+00 1.676991e+00 1.606370e+02
    endloop
  endfacet
  facet normal -1.000000e+00 0.000000e+00 0.000000e+00
    outer loop
      vertex   5.000000e+00 1.676991e+00 1.606370e+02
      vertex   5.000000e+00 1.200000e+00 1.626667e+02
      vertex   5.000000e+00 1.834430e+00 1.609529e+02
    endloop
  endfacet
  facet normal -1.000000e+00 0.000000e+00 0.000000e+00
    outer loop
      vertex   5.000000e+00 1.834430e+00 1.609529e+02
      vertex   5.000000e+00 1.200000e+00 1.626667e+02
      vertex   5.000000e+00 1.964789e+00 1.612809e+02
    endloop
  endfacet
  facet normal -1.000000e+00 0.000000e+00 0.000000e+00
    outer loop
      vertex   5.000000e+00 1.964789e+00 1.612809e+02
      vertex   5.000000e+00 1.200000e+00 1.626667e+02
      vertex   5.000000e+00 2.200000e+00 1.626667e+02
    endloop
  endfacet
  facet normal -1.000000e+00 0.000000e+00 0.000000e+00
    outer loop
      vertex   5.000000e+00 1.964789e+00 1.612809e+02
      vertex   5.000000e+00 2.200000e+00 1.626667e+02
      vertex   5.000000e+00 2.067146e+00 1.616187e+02
    endloop
  endfacet
  facet normal -1.000000e+00 0.000000e+00 0.000000e+00
    outer loop
      vertex   5.000000e+00 2.067146e+00 1.616187e+02
      vertex   5.000000e+00 2.200000e+00 1.626667e+02
      vertex   5.000000e+00 2.140780e+00 1.619639e+02
    endloop
  endfacet
  facet normal -1.000000e+00 0.000000e+00 0.000000e+00
    outer loop
      vertex   5.000000e+00 2.140780e+00 1.619639e+02
      vertex   5.000000e+00 2.200000e+00 1.626667e+02
      vertex   5.000000e+00 2.185169e+00 1.623140e+02
    endloop
  endfacet
  facet normal -1.000000e+00 -0.000000e+00 0.000000e+00
    outer loop
      vertex   5.000000e+00 2.200000e+00 1.626667e+02
      vertex   5.000000e+00 1.200000e+00 1.626667e+02
      vertex   5.000000e+00 2.200000e+00 1.730000e+02
    endloop
  endfacet
  facet normal -1.000000e+00 -0.000000e+00 0.000000e+00
    outer loop
      vertex   5.000000e+00 2.200000e+00 1.730000e+02
      vertex   5.000000e+00 1.200000e+00 1.626667e+02
      vertex   5.000000e+00 1.200000e+00 1.730000e+02
    endloop
  endfacet
  facet normal -1.000000e+00 0.000000e+00 0.000000e+00
    outer loop
      vertex   5.000000e+00 2.200000e+00 1.730000e+02
      vertex   5.000000e+00 1.200000e+00 1.730000e+02
      vertex   5.000000e+00 1.964789e+00 1.743858e+02
    endloop
  endfacet
  facet normal -1.000000e+00 -0.000000e+00 0.000000e+00
    outer loop
      vertex   5.000000e+00 1.964789e+00 1.743858e+02
      vertex   5.000000e+00 1.200000e+00 1.730000e+02
      vertex   5.000000e+00 1.834430e+00 1.747138e+02
    endloop
  endfacet
  facet normal -1.000000e+00 -0.000000e+00 0.000000e+00
    outer loop
      vertex   5.000000e+00 1.834430e+00 1.747138e+02
      vertex   5.000000e+00 1.200000e+00 1.730000e+02
      vertex   5.000000e+00 1.676991e+00 1.750297e+02
    endloop
  endfacet
  facet normal -1.000000e+00 -0.000000e+00 0.000000e+00
    outer loop
      vertex   5.000000e+00 1.676991e+00 1.750297e+02
      vertex   5.000000e+00 1.200000e+00 1.730000e+02
      vertex   5.000000e+00 1.493582e+00 1.753313e+02
    endloop
  endfacet
  facet normal -1.000000e+00 0.000000e+00 0.000000e+00
    outer loop
      vertex   5.000000e+00 1.493582e+00 1.753313e+02
      vertex   5.000000e+00 1.200000e+00 1.730000e+02
      vertex   5.000000e+00 1.184591e+00 1.733137e+02
    endloop
  endfacet
  facet normal -1.000000e+00 -0.000000e+00 0.000000e+00
    outer loop
      vertex   5.000000e+00 1.493582e+00 1.753313e+02
      vertex   5.000000e+00 1.184591e+00 1.733137e+02
      vertex   5.000000e+00 1.285501e+00 1.756164e+02
    endloop
  endfacet
  facet normal -1.000000e+00 0.000000e+00 0.000000e+00
    outer loop
      vertex   5.000000e+00 1.285501e+00 1.756164e+02
      vertex   5.000000e+00 1.184591e+00 1.733137e+02
      vertex   5.000000e+00 1.138513e+00 1.736243e+02
    endloop
  endfacet
  facet normal -1.000000e+00 0.000000e+00 0.000000e+00
    outer loop
      vertex   5.000000e+00 1.285501e+00 1.756164e+02
      vertex   5.000000e+00 1.138513e+00 1.736243e+02
      vertex   5.000000e+00 1.062209e+00 1.739289e+02
    endloop
  endfacet
  facet normal -1.000000e+00 -0.000000e+00 0.000000e+00
    outer loop
      vertex   5.000000e+00 1.285501e+00 1.756164e+02
      vertex   5.000000e+00 1.062209e+00 1.739289e+02
      vertex   5.000000e+00 1.054215e+00 1.758830e+02
    endloop
  endfacet
  facet normal -1.000000e+00 0.000000e+00 -0.000000e+00
    outer loop
      vertex   5.000000e+00 1.054215e+00 1.758830e+02
      vertex   5.000000e+00 1.062209e+00 1.739289e+02
      vertex   5.000000e+00 9.564145e-01 1.742246e+02
    endloop
  endfacet
  facet normal -1.000000e+00 0.000000e+00 0.000000e+00
    outer loop
      vertex   5.000000e+00 1.054215e+00 1.758830e+02
      vertex   5.000000e+00 9.564145e-01 1.742246e+02
      vertex   5.000000e+00 8.221481e-01 1.745085e+02
    endloop
  endfacet
  facet normal -1.000000e+00 -0.000000e+00 0.000000e+00
    outer loop
      vertex   5.000000e+00 1.054215e+00 1.758830e+02
      vertex   5.000000e+00 8.221481e-01 1.745085e+02
      vertex   5.000000e+00 8.013591e-01 1.761293e+02
    endloop
  endfacet
  facet normal -1.000000e+00 0.000000e+00 -0.000000e+00
    outer loop
      vertex   5.000000e+00 8.013591e-01 1.761293e+02
      vertex   5.000000e+00 8.221481e-01 1.745085e+02
      vertex   5.000000e+00 6.607028e-01 1.747778e+02
    endloop
  endfacet
  facet normal -1.000000e+00 -0.000000e+00 0.000000e+00
    outer loop
      vertex   5.000000e+00 8.013591e-01 1.761293e+02
      vertex   5.000000e+00 6.607028e-01 1.747778e+02
      vertex   5.000000e+00 5.287185e-01 1.763534e+02
    endloop
  endfacet
  facet normal -1.000000e+00 0.000000e+00 -0.000000e+00
    outer loop
      vertex   5.000000e+00 5.287185e-01 1.763534e+02
      vertex   5.000000e+00 6.607028e-01 1.747778e+02
      vertex   5.000000e+00 4.736335e-01 1.750301e+02
    endloop
  endfacet
  facet normal -1.000000e+00 0.000000e+00 0.000000e+00
    outer loop
      vertex   5.000000e+00 5.287185e-01 1.763534e+02
      vertex   5.000000e+00 4.736335e-01 1.750301e+02
      vertex   5.000000e+00 2.627417e-01 1.752627e+02
    endloop
  endfacet
  facet normal -1.000000e+00 -0.000000e+00 0.000000e+00
    outer loop
      vertex   5.000000e+00 5.287185e-01 1.763534e+02
      vertex   5.000000e+00 2.627417e-01 1.752627e+02
      vertex   5.000000e+00 2.382189e-01 1.765539e+02
    endloop
  endfacet
  facet normal -1.000000e+00 0.000000e+00 -0.000000e+00
    outer loop
      vertex   5.000000e+00 2.382189e-01 1.765539e+02
      vertex   5.000000e+00 2.627417e-01 1.752627e+02
      vertex   5.000000e+00 3.005852e-02 1.754736e+02
    endloop
  endfacet
  facet normal -1.000000e+00 -0.000000e+00 0.000000e+00
    outer loop
      vertex   5.000000e+00 2.382189e-01 1.765539e+02
      vertex   5.000000e+00 3.005852e-02 1.754736e+02
      vertex   5.000000e+00 -6.808822e-02 1.767293e+02
    endloop
  endfacet
  facet normal -1.000000e+00 0.000000e+00 -0.000000e+00
    outer loop
      vertex   5.000000e+00 -6.808822e-02 1.767293e+02
      vertex   5.000000e+00 3.005852e-02 1.754736e+02
      vertex   5.000000e+00 -2.221752e-01 1.756607e+02
    endloop
  endfacet
  facet normal -1.000000e+00 -0.000000e+00 0.000000e+00
    outer loop
      vertex   5.000000e+00 -6.808822e-02 1.767293e+02
      vertex   5.000000e+00 -2.221752e-01 1.756607e+02
      vertex   5.000000e+00 -3.880394e-01 1.768783e+02
    endloop
  endfacet
  facet normal -1.000000e+00 0.000000e+00 -0.000000e+00
    outer loop
      vertex   5.000000e+00 -3.880394e-01 1.768783e+02
      vertex   5.000000e+00 -2.221752e-01 1.756607e+02
      vertex   5.000000e+00 -4.915304e-01 1.758221e+02
    endloop
  endfacet
  facet normal -1.000000e+00 -0.000000e+00 0.000000e+00
    outer loop
      vertex   5.000000e+00 -3.880394e-01 1.768783e+02
      vertex   5.000000e+00 -4.915304e-01 1.758221e+02
      vertex   5.000000e+00 -7.193751e-01 1.770000e+02
    endloop
  endfacet
  facet normal -1.000000e+00 0.000000e+00 -0.000000e+00
    outer loop
      vertex   5.000000e+00 -7.193751e-01 1.770000e+02
      vertex   5.000000e+00 -4.915304e-01 1.758221e+02
      vertex   5.000000e+00 -7.754130e-01 1.759564e+02
    endloop
  endfacet
  facet normal -1.000000e+00 0.000000e+00 0.000000e+00
    outer loop
      vertex   5.000000e+00 -7.193751e-01 1.770000e+02
      vertex   5.000000e+00 -7.754130e-01 1.759564e+02
      vertex   5.000000e+00 -1.071089e+00 1.760622e+02
    endloop
  endfacet
  facet normal -1.000000e+00 0.000000e+00 0.000000e+00
    outer loop
      vertex   5.000000e+00 -1.375711e+00 1.761385e+02
      vertex   5.000000e+00 -1.375711e+00 1.778615e+02
      vertex   5.000000e+00 -1.071089e+00 1.760622e+02
    endloop
  endfacet
  facet normal -1.000000e+00 0.000000e+00 0.000000e+00
    outer loop
      vertex   5.000000e+00 -1.071089e+00 1.760622e+02
      vertex   5.000000e+00 -1.375711e+00 1.778615e+02
      vertex   5.000000e+00 -1.071089e+00 1.779378e+02
    endloop
  endfacet
  facet normal -1.000000e+00 0.000000e+00 0.000000e+00
    outer loop
      vertex   5.000000e+00 -1.071089e+00 1.760622e+02
      vertex   5.000000e+00 -1.071089e+00 1.779378e+02
      vertex   5.000000e+00 -7.193751e-01 1.770000e+02
    endloop
  endfacet
  facet normal -1.000000e+00 0.000000e+00 0.000000e+00
    outer loop
      vertex   5.000000e+00 -7.193751e-01 1.770000e+02
      vertex   5.000000e+00 -1.071089e+00 1.779378e+02
      vertex   5.000000e+00 -7.754130e-01 1.780436e+02
    endloop
  endfacet
  facet normal -1.000000e+00 0.000000e+00 0.000000e+00
    outer loop
      vertex   5.000000e+00 -7.193751e-01 1.770000e+02
      vertex   5.000000e+00 -7.754130e-01 1.780436e+02
      vertex   5.000000e+00 -4.915304e-01 1.781779e+02
    endloop
  endfacet
  facet normal -1.000000e+00 0.000000e+00 0.000000e+00
    outer loop
      vertex   5.000000e+00 -1.375711e+00 1.778615e+02
      vertex   5.000000e+00 -1.375711e+00 1.761385e+02
      vertex   5.000000e+00 -1.686345e+00 1.778154e+02
    endloop
  endfacet
  facet normal -1.000000e+00 0.000000e+00 -0.000000e+00
    outer loop
      vertex   5.000000e+00 -1.686345e+00 1.778154e+02
      vertex   5.000000e+00 -1.375711e+00 1.761385e+02
      vertex   5.000000e+00 -1.686345e+00 1.761846e+02
    endloop
  endfacet
  facet normal -1.000000e+00 0.000000e+00 0.000000e+00
    outer loop
      vertex   5.000000e+00 -1.686345e+00 1.778154e+02
      vertex   5.000000e+00 -1.686345e+00 1.761846e+02
      vertex   5.000000e+00 -2.000000e+00 1.778000e+02
    endloop
  endfacet
  facet normal -1.000000e+00 0.000000e+00 0.000000e+00
    outer loop
      vertex   5.000000e+00 -2.000000e+00 1.778000e+02
      vertex   5.000000e+00 -1.686345e+00 1.761846e+02
      vertex   5.000000e+00 -2.000000e+00 1.762000e+02
    endloop
  endfacet
  facet normal -1.000000e+00 0.000000e+00 -0.000000e+00
    outer loop
      vertex   5.000000e+00 -2.000000e+00 1.778000e+02
      vertex   5.000000e+00 -2.000000e+00 1.762000e+02
      vertex   5.000000e+00 -4.800000e+00 1.762000e+02
    endloop
  endfacet
  facet normal -1.000000e+00 0.000000e+00 0.000000e+00
    outer loop
      vertex   5.000000e+00 -4.800000e+00 1.762000e+02
      vertex   5.000000e+00 -4.800000e+00 1.778000e+02
      vertex   5.000000e+00 -2.000000e+00 1.778000e+02
    endloop
  endfacet
  facet normal -1.000000e+00 0.000000e+00 0.000000e+00
    outer loop
      vertex   5.000000e+00 -7.193751e-01 1.770000e+02
      vertex   5.000000e+00 -4.915304e-01 1.781779e+02
      vertex   5.000000e+00 -3.880394e-01 1.771217e+02
    endloop
  endfacet
  facet normal -1.000000e+00 0.000000e+00 0.000000e+00
    outer loop
      vertex   5.000000e+00 -3.880394e-01 1.771217e+02
      vertex   5.000000e+00 -4.915304e-01 1.781779e+02
      vertex   5.000000e+00 -2.221752e-01 1.783393e+02
    endloop
  endfacet
  facet normal -1.000000e+00 0.000000e+00 0.000000e+00
    outer loop
      vertex   5.000000e+00 -3.880394e-01 1.771217e+02
      vertex   5.000000e+00 -2.221752e-01 1.783393e+02
      vertex   5.000000e+00 -6.808822e-02 1.772707e+02
    endloop
  endfacet
  facet normal -1.000000e+00 0.000000e+00 0.000000e+00
    outer loop
      vertex   5.000000e+00 -6.808822e-02 1.772707e+02
      vertex   5.000000e+00 -2.221752e-01 1.783393e+02
      vertex   5.000000e+00 3.005852e-02 1.785264e+02
    endloop
  endfacet
  facet normal -1.000000e+00 0.000000e+00 0.000000e+00
    outer loop
      vertex   5.000000e+00 -6.808822e-02 1.772707e+02
      vertex   5.000000e+00 3.005852e-02 1.785264e+02
      vertex   5.000000e+00 2.382189e-01 1.774461e+02
    endloop
  endfacet
  facet normal -1.000000e+00 0.000000e+00 0.000000e+00
    outer loop
      vertex   5.000000e+00 2.382189e-01 1.774461e+02
      vertex   5.000000e+00 3.005852e-02 1.785264e+02
      vertex   5.000000e+00 2.627417e-01 1.787373e+02
    endloop
  endfacet
  facet normal -1.000000e+00 0.000000e+00 0.000000e+00
    outer loop
      vertex   5.000000e+00 2.382189e-01 1.774461e+02
      vertex   5.000000e+00 2.627417e-01 1.787373e+02
      vertex   5.000000e+00 5.287185e-01 1.776466e+02
    endloop
  endfacet
  facet normal -1.000000e+00 0.000000e+00 0.000000e+00
    outer loop
      vertex   5.000000e+00 5.287185e-01 1.776466e+02
      vertex   5.000000e+00 2.627417e-01 1.787373e+02
      vertex   5.000000e+00 4.736335e-01 1.789699e+02
    endloop
  endfacet
  facet normal -1.000000e+00 0.000000e+00 0.000000e+00
    outer loop
      vertex   5.000000e+00 5.287185e-01 1.776466e+02
      vertex   5.000000e+00 4.736335e-01 1.789699e+02
      vertex   5.000000e+00 6.607028e-01 1.792222e+02
    endloop
  endfacet
  facet normal -1.000000e+00 0.000000e+00 0.000000e+00
    outer loop
      vertex   5.000000e+00 5.287185e-01 1.776466e+02
      vertex   5.000000e+00 6.607028e-01 1.792222e+02
      vertex   5.000000e+00 8.013591e-01 1.778707e+02
    endloop
  endfacet
  facet normal -1.000000e+00 0.000000e+00 0.000000e+00
    outer loop
      vertex   5.000000e+00 8.013591e-01 1.778707e+02
      vertex   5.000000e+00 6.607028e-01 1.792222e+02
      vertex   5.000000e+00 8.221481e-01 1.794915e+02
    endloop
  endfacet
  facet normal -1.000000e+00 0.000000e+00 0.000000e+00
    outer loop
      vertex   5.000000e+00 8.013591e-01 1.778707e+02
      vertex   5.000000e+00 8.221481e-01 1.794915e+02
      vertex   5.000000e+00 1.054215e+00 1.781170e+02
    endloop
  endfacet
  facet normal -1.000000e+00 0.000000e+00 0.000000e+00
    outer loop
      vertex   5.000000e+00 1.054215e+00 1.781170e+02
      vertex   5.000000e+00 8.221481e-01 1.794915e+02
      vertex   5.000000e+00 9.564145e-01 1.797754e+02
    endloop
  endfacet
  facet normal -1.000000e+00 0.000000e+00 0.000000e+00
    outer loop
      vertex   5.000000e+00 1.054215e+00 1.781170e+02
      vertex   5.000000e+00 9.564145e-01 1.797754e+02
      vertex   5.000000e+00 1.062209e+00 1.800711e+02
    endloop
  endfacet
  facet normal -1.000000e+00 0.000000e+00 0.000000e+00
    outer loop
      vertex   5.000000e+00 1.054215e+00 1.781170e+02
      vertex   5.000000e+00 1.062209e+00 1.800711e+02
      vertex   5.000000e+00 1.285501e+00 1.783836e+02
    endloop
  endfacet
  facet normal -1.000000e+00 0.000000e+00 0.000000e+00
    outer loop
      vertex   5.000000e+00 1.285501e+00 1.783836e+02
      vertex   5.000000e+00 1.062209e+00 1.800711e+02
      vertex   5.000000e+00 1.138513e+00 1.803757e+02
    endloop
  endfacet
  facet normal -1.000000e+00 0.000000e+00 0.000000e+00
    outer loop
      vertex   5.000000e+00 1.285501e+00 1.783836e+02
      vertex   5.000000e+00 1.138513e+00 1.803757e+02
      vertex   5.000000e+00 1.184591e+00 1.806863e+02
    endloop
  endfacet
  facet normal -1.000000e+00 0.000000e+00 0.000000e+00
    outer loop
      vertex   5.000000e+00 1.285501e+00 1.783836e+02
      vertex   5.000000e+00 1.184591e+00 1.806863e+02
      vertex   5.000000e+00 1.493582e+00 1.786687e+02
    endloop
  endfacet
  facet normal -1.000000e+00 0.000000e+00 0.000000e+00
    outer loop
      vertex   5.000000e+00 1.493582e+00 1.786687e+02
      vertex   5.000000e+00 1.184591e+00 1.806863e+02
      vertex   5.000000e+00 1.200000e+00 1.810000e+02
    endloop
  endfacet
  facet normal -1.000000e+00 0.000000e+00 0.000000e+00
    outer loop
      vertex   5.000000e+00 1.493582e+00 1.786687e+02
      vertex   5.000000e+00 1.200000e+00 1.810000e+02
      vertex   5.000000e+00 1.676991e+00 1.789703e+02
    endloop
  endfacet
  facet normal -1.000000e+00 0.000000e+00 0.000000e+00
    outer loop
      vertex   5.000000e+00 1.676991e+00 1.789703e+02
      vertex   5.000000e+00 1.200000e+00 1.810000e+02
      vertex   5.000000e+00 1.834430e+00 1.792862e+02
    endloop
  endfacet
  facet normal -1.000000e+00 0.000000e+00 0.000000e+00
    outer loop
      vertex   5.000000e+00 1.834430e+00 1.792862e+02
      vertex   5.000000e+00 1.200000e+00 1.810000e+02
      vertex   5.000000e+00 1.964789e+00 1.796142e+02
    endloop
  endfacet
  facet normal -1.000000e+00 0.000000e+00 0.000000e+00
    outer loop
      vertex   5.000000e+00 1.964789e+00 1.796142e+02
      vertex   5.000000e+00 1.200000e+00 1.810000e+02
      vertex   5.000000e+00 2.200000e+00 1.810000e+02
    endloop
  endfacet
  facet normal -1.000000e+00 0.000000e+00 0.000000e+00
    outer loop
      vertex   5.000000e+00 1.964789e+00 1.796142e+02
      vertex   5.000000e+00 2.200000e+00 1.810000e+02
      vertex   5.000000e+00 2.067146e+00 1.799520e+02
    endloop
  endfacet
  facet normal -1.000000e+00 0.000000e+00 0.000000e+00
    outer loop
      vertex   5.000000e+00 2.067146e+00 1.799520e+02
      vertex   5.000000e+00 2.200000e+00 1.810000e+02
      vertex   5.000000e+00 2.140780e+00 1.802972e+02
    endloop
  endfacet
  facet normal -1.000000e+00 0.000000e+00 0.000000e+00
    outer loop
      vertex   5.000000e+00 2.140780e+00 1.802972e+02
      vertex   5.000000e+00 2.200000e+00 1.810000e+02
      vertex   5.000000e+00 2.185169e+00 1.806473e+02
    endloop
  endfacet
  facet normal -1.000000e+00 0.000000e+00 0.000000e+00
    outer loop
      vertex   5.000000e+00 1.200000e+00 2.000000e+02
      vertex   5.000000e+00 2.200000e+00 2.000000e+02
      vertex   5.000000e+00 1.200000e+00 1.810000e+02
    endloop
  endfacet
  facet normal -1.000000e+00 0.000000e+00 0.000000e+00
    outer loop
      vertex   5.000000e+00 1.200000e+00 1.810000e+02
      vertex   5.000000e+00 2.200000e+00 2.000000e+02
      vertex   5.000000e+00 2.200000e+00 1.810000e+02
    endloop
  endfacet
  facet normal -1.000000e+00 0.000000e+00 0.000000e+00
    outer loop
      vertex   5.000000e+00 1.964789e+00 1.743858e+02
      vertex   5.000000e+00 2.067146e+00 1.740480e+02
      vertex   5.000000e+00 2.200000e+00 1.730000e+02
    endloop
  endfacet
  facet normal -1.000000e+00 0.000000e+00 0.000000e+00
    outer loop
      vertex   5.000000e+00 2.200000e+00 1.730000e+02
      vertex   5.000000e+00 2.067146e+00 1.740480e+02
      vertex   5.000000e+00 2.140780e+00 1.737028e+02
    endloop
  endfacet
  facet normal -1.000000e+00 0.000000e+00 0.000000e+00
    outer loop
      vertex   5.000000e+00 2.200000e+00 1.730000e+02
      vertex   5.000000e+00 2.140780e+00 1.737028e+02
      vertex   5.000000e+00 2.185169e+00 1.733527e+02
    endloop
  endfacet
  facet normal -1.000000e+00 0.000000e+00 0.000000e+00
    outer loop
      vertex   6.000000e+00 7.800000e+00 1.290000e+02
      vertex   6.000000e+00 2.200000e+00 1.626667e+02
      vertex   6.000000e+00 7.800000e+00 2.000000e+02
    endloop
  endfacet
  facet normal -1.000000e+00 0.000000e+00 0.000000e+00
    outer loop
      vertex   6.000000e+00 7.800000e+00 2.000000e+02
      vertex   6.000000e+00 2.200000e+00 1.626667e+02
      vertex   6.000000e+00 2.200000e+00 1.730000e+02
    endloop
  endfacet
  facet normal -1.000000e+00 0.000000e+00 0.000000e+00
    outer loop
      vertex   6.000000e+00 7.800000e+00 2.000000e+02
      vertex   6.000000e+00 2.200000e+00 1.730000e+02
      vertex   6.000000e+00 2.200000e+00 1.810000e+02
    endloop
  endfacet
  facet normal -1.000000e+00 0.000000e+00 0.000000e+00
    outer loop
      vertex   6.000000e+00 2.200000e+00 1.810000e+02
      vertex   6.000000e+00 2.200000e+00 1.730000e+02
      vertex   6.000000e+00 2.185169e+00 1.733527e+02
    endloop
  endfacet
  facet normal -1.000000e+00 0.000000e+00 0.000000e+00
    outer loop
      vertex   6.000000e+00 2.200000e+00 1.810000e+02
      vertex   6.000000e+00 2.185169e+00 1.733527e+02
      vertex   6.000000e+00 2.185169e+00 1.806473e+02
    endloop
  endfacet
  facet normal -1.000000e+00 0.000000e+00 0.000000e+00
    outer loop
      vertex   6.000000e+00 2.185169e+00 1.806473e+02
      vertex   6.000000e+00 2.185169e+00 1.733527e+02
      vertex   6.000000e+00 2.140780e+00 1.802972e+02
    endloop
  endfacet
  facet normal -1.000000e+00 0.000000e+00 -0.000000e+00
    outer loop
      vertex   6.000000e+00 2.140780e+00 1.802972e+02
      vertex   6.000000e+00 2.185169e+00 1.733527e+02
      vertex   6.000000e+00 2.140780e+00 1.737028e+02
    endloop
  endfacet
  facet normal -1.000000e+00 0.000000e+00 0.000000e+00
    outer loop
      vertex   6.000000e+00 2.140780e+00 1.802972e+02
      vertex   6.000000e+00 2.140780e+00 1.737028e+02
      vertex   6.000000e+00 2.067146e+00 1.799520e+02
    endloop
  endfacet
  facet normal -1.000000e+00 0.000000e+00 -0.000000e+00
    outer loop
      vertex   6.000000e+00 2.067146e+00 1.799520e+02
      vertex   6.000000e+00 2.140780e+00 1.737028e+02
      vertex   6.000000e+00 2.067146e+00 1.740480e+02
    endloop
  endfacet
  facet normal -1.000000e+00 0.000000e+00 0.000000e+00
    outer loop
      vertex   6.000000e+00 2.067146e+00 1.799520e+02
      vertex   6.000000e+00 2.067146e+00 1.740480e+02
      vertex   6.000000e+00 1.964789e+00 1.796142e+02
    endloop
  endfacet
  facet normal -1.000000e+00 0.000000e+00 0.000000e+00
    outer loop
      vertex   6.000000e+00 1.964789e+00 1.796142e+02
      vertex   6.000000e+00 2.067146e+00 1.740480e+02
      vertex   6.000000e+00 1.964789e+00 1.743858e+02
    endloop
  endfacet
  facet normal -1.000000e+00 0.000000e+00 -0.000000e+00
    outer loop
      vertex   6.000000e+00 1.964789e+00 1.796142e+02
      vertex   6.000000e+00 1.964789e+00 1.743858e+02
      vertex   6.000000e+00 1.834430e+00 1.792862e+02
    endloop
  endfacet
  facet normal -1.000000e+00 0.000000e+00 0.000000e+00
    outer loop
      vertex   6.000000e+00 1.834430e+00 1.792862e+02
      vertex   6.000000e+00 1.964789e+00 1.743858e+02
      vertex   6.000000e+00 1.834430e+00 1.747138e+02
    endloop
  endfacet
  facet normal -1.000000e+00 0.000000e+00 -0.000000e+00
    outer loop
      vertex   6.000000e+00 1.834430e+00 1.792862e+02
      vertex   6.000000e+00 1.834430e+00 1.747138e+02
      vertex   6.000000e+00 1.676991e+00 1.789703e+02
    endloop
  endfacet
  facet normal -1.000000e+00 0.000000e+00 0.000000e+00
    outer loop
      vertex   6.000000e+00 1.676991e+00 1.789703e+02
      vertex   6.000000e+00 1.834430e+00 1.747138e+02
      vertex   6.000000e+00 1.676991e+00 1.750297e+02
    endloop
  endfacet
  facet normal -1.000000e+00 0.000000e+00 -0.000000e+00
    outer loop
      vertex   6.000000e+00 1.676991e+00 1.789703e+02
      vertex   6.000000e+00 1.676991e+00 1.750297e+02
      vertex   6.000000e+00 1.493582e+00 1.786687e+02
    endloop
  endfacet
  facet normal -1.000000e+00 0.000000e+00 0.000000e+00
    outer loop
      vertex   6.000000e+00 1.493582e+00 1.786687e+02
      vertex   6.000000e+00 1.676991e+00 1.750297e+02
      vertex   6.000000e+00 1.493582e+00 1.753313e+02
    endloop
  endfacet
  facet normal -1.000000e+00 0.000000e+00 -0.000000e+00
    outer loop
      vertex   6.000000e+00 1.493582e+00 1.786687e+02
      vertex   6.000000e+00 1.493582e+00 1.753313e+02
      vertex   6.000000e+00 1.285501e+00 1.783836e+02
    endloop
  endfacet
  facet normal -1.000000e+00 0.000000e+00 0.000000e+00
    outer loop
      vertex   6.000000e+00 1.285501e+00 1.783836e+02
      vertex   6.000000e+00 1.493582e+00 1.753313e+02
      vertex   6.000000e+00 1.285501e+00 1.756164e+02
    endloop
  endfacet
  facet normal -1.000000e+00 0.000000e+00 -0.000000e+00
    outer loop
      vertex   6.000000e+00 1.285501e+00 1.783836e+02
      vertex   6.000000e+00 1.285501e+00 1.756164e+02
      vertex   6.000000e+00 1.054215e+00 1.781170e+02
    endloop
  endfacet
  facet normal -1.000000e+00 0.000000e+00 0.000000e+00
    outer loop
      vertex   6.000000e+00 1.054215e+00 1.781170e+02
      vertex   6.000000e+00 1.285501e+00 1.756164e+02
      vertex   6.000000e+00 1.054215e+00 1.758830e+02
    endloop
  endfacet
  facet normal -1.000000e+00 0.000000e+00 -0.000000e+00
    outer loop
      vertex   6.000000e+00 1.054215e+00 1.781170e+02
      vertex   6.000000e+00 1.054215e+00 1.758830e+02
      vertex   6.000000e+00 8.013591e-01 1.778707e+02
    endloop
  endfacet
  facet normal -1.000000e+00 0.000000e+00 0.000000e+00
    outer loop
      vertex   6.000000e+00 8.013591e-01 1.778707e+02
      vertex   6.000000e+00 1.054215e+00 1.758830e+02
      vertex   6.000000e+00 8.013591e-01 1.761293e+02
    endloop
  endfacet
  facet normal -1.000000e+00 0.000000e+00 -0.000000e+00
    outer loop
      vertex   6.000000e+00 8.013591e-01 1.778707e+02
      vertex   6.000000e+00 8.013591e-01 1.761293e+02
      vertex   6.000000e+00 5.287185e-01 1.776466e+02
    endloop
  endfacet
  facet normal -1.000000e+00 0.000000e+00 0.000000e+00
    outer loop
      vertex   6.000000e+00 5.287185e-01 1.776466e+02
      vertex   6.000000e+00 8.013591e-01 1.761293e+02
      vertex   6.000000e+00 5.287185e-01 1.763534e+02
    endloop
  endfacet
  facet normal -1.000000e+00 0.000000e+00 -0.000000e+00
    outer loop
      vertex   6.000000e+00 5.287185e-01 1.776466e+02
      vertex   6.000000e+00 5.287185e-01 1.763534e+02
      vertex   6.000000e+00 2.382189e-01 1.774461e+02
    endloop
  endfacet
  facet normal -1.000000e+00 0.000000e+00 0.000000e+00
    outer loop
      vertex   6.000000e+00 2.382189e-01 1.774461e+02
      vertex   6.000000e+00 5.287185e-01 1.763534e+02
      vertex   6.000000e+00 2.382189e-01 1.765539e+02
    endloop
  endfacet
  facet normal -1.000000e+00 0.000000e+00 -0.000000e+00
    outer loop
      vertex   6.000000e+00 2.382189e-01 1.774461e+02
      vertex   6.000000e+00 2.382189e-01 1.765539e+02
      vertex   6.000000e+00 -6.808822e-02 1.772707e+02
    endloop
  endfacet
  facet normal -1.000000e+00 0.000000e+00 0.000000e+00
    outer loop
      vertex   6.000000e+00 -6.808822e-02 1.772707e+02
      vertex   6.000000e+00 2.382189e-01 1.765539e+02
      vertex   6.000000e+00 -6.808822e-02 1.767293e+02
    endloop
  endfacet
  facet normal -1.000000e+00 0.000000e+00 -0.000000e+00
    outer loop
      vertex   6.000000e+00 -6.808822e-02 1.772707e+02
      vertex   6.000000e+00 -6.808822e-02 1.767293e+02
      vertex   6.000000e+00 -3.880394e-01 1.771217e+02
    endloop
  endfacet
  facet normal -1.000000e+00 0.000000e+00 0.000000e+00
    outer loop
      vertex   6.000000e+00 -3.880394e-01 1.771217e+02
      vertex   6.000000e+00 -6.808822e-02 1.767293e+02
      vertex   6.000000e+00 -3.880394e-01 1.768783e+02
    endloop
  endfacet
  facet normal -1.000000e+00 0.000000e+00 -0.000000e+00
    outer loop
      vertex   6.000000e+00 -3.880394e-01 1.771217e+02
      vertex   6.000000e+00 -3.880394e-01 1.768783e+02
      vertex   6.000000e+00 -7.193751e-01 1.770000e+02
    endloop
  endfacet
  facet normal -1.000000e+00 -0.000000e+00 0.000000e+00
    outer loop
      vertex   6.000000e+00 7.784148e+00 1.285360e+02
      vertex   6.000000e+00 7.736664e+00 1.280741e+02
      vertex   6.000000e+00 7.800000e+00 1.290000e+02
    endloop
  endfacet
  facet normal -1.000000e+00 0.000000e+00 0.000000e+00
    outer loop
      vertex   6.000000e+00 7.800000e+00 1.290000e+02
      vertex   6.000000e+00 7.736664e+00 1.280741e+02
      vertex   6.000000e+00 7.657772e+00 1.276165e+02
    endloop
  endfacet
  facet normal -1.000000e+00 0.000000e+00 0.000000e+00
    outer loop
      vertex   6.000000e+00 7.800000e+00 1.290000e+02
      vertex   6.000000e+00 7.657772e+00 1.276165e+02
      vertex   6.000000e+00 7.547838e+00 1.271654e+02
    endloop
  endfacet
  facet normal -1.000000e+00 -0.000000e+00 0.000000e+00
    outer loop
      vertex   6.000000e+00 7.547838e+00 1.271654e+02
      vertex   6.000000e+00 7.407374e+00 1.267228e+02
      vertex   6.000000e+00 7.800000e+00 1.290000e+02
    endloop
  endfacet
  facet normal -1.000000e+00 0.000000e+00 0.000000e+00
    outer loop
      vertex   6.000000e+00 7.800000e+00 1.290000e+02
      vertex   6.000000e+00 7.407374e+00 1.267228e+02
      vertex   6.000000e+00 7.237037e+00 1.262909e+02
    endloop
  endfacet
  facet normal -1.000000e+00 0.000000e+00 0.000000e+00
    outer loop
      vertex   6.000000e+00 7.800000e+00 1.290000e+02
      vertex   6.000000e+00 7.237037e+00 1.262909e+02
      vertex   6.000000e+00 7.037619e+00 1.258716e+02
    endloop
  endfacet
  facet normal -1.000000e+00 -0.000000e+00 0.000000e+00
    outer loop
      vertex   6.000000e+00 7.037619e+00 1.258716e+02
      vertex   6.000000e+00 6.810052e+00 1.254668e+02
      vertex   6.000000e+00 7.800000e+00 1.290000e+02
    endloop
  endfacet
  facet normal -1.000000e+00 0.000000e+00 0.000000e+00
    outer loop
      vertex   6.000000e+00 7.800000e+00 1.290000e+02
      vertex   6.000000e+00 6.810052e+00 1.254668e+02
      vertex   6.000000e+00 6.555395e+00 1.250786e+02
    endloop
  endfacet
  facet normal -1.000000e+00 -0.000000e+00 0.000000e+00
    outer loop
      vertex   6.000000e+00 7.800000e+00 1.290000e+02
      vertex   6.000000e+00 6.555395e+00 1.250786e+02
      vertex   6.000000e+00 2.200000e+00 1.546667e+02
    endloop
  endfacet
  facet normal -1.000000e+00 0.000000e+00 0.000000e+00
    outer loop
      vertex   6.000000e+00 2.200000e+00 1.546667e+02
      vertex   6.000000e+00 6.555395e+00 1.250786e+02
      vertex   6.000000e+00 6.274837e+00 1.247086e+02
    endloop
  endfacet
  facet normal -1.000000e+00 0.000000e+00 0.000000e+00
    outer loop
      vertex   6.000000e+00 2.200000e+00 1.546667e+02
      vertex   6.000000e+00 6.274837e+00 1.247086e+02
      vertex   6.000000e+00 5.969685e+00 1.243586e+02
    endloop
  endfacet
  facet normal -1.000000e+00 -0.000000e+00 0.000000e+00
    outer loop
      vertex   6.000000e+00 5.969685e+00 1.243586e+02
      vertex   6.000000e+00 5.641361e+00 1.240303e+02
      vertex   6.000000e+00 2.200000e+00 1.546667e+02
    endloop
  endfacet
  facet normal -1.000000e+00 0.000000e+00 0.000000e+00
    outer loop
      vertex   6.000000e+00 2.200000e+00 1.546667e+02
      vertex   6.000000e+00 5.641361e+00 1.240303e+02
      vertex   6.000000e+00 5.291398e+00 1.237252e+02
    endloop
  endfacet
  facet normal -1.000000e+00 0.000000e+00 -0.000000e+00
    outer loop
      vertex   6.000000e+00 2.200000e+00 1.546667e+02
      vertex   6.000000e+00 5.291398e+00 1.237252e+02
      vertex   6.000000e+00 2.200000e+00 1.443333e+02
    endloop
  endfacet
  facet normal -1.000000e+00 0.000000e+00 0.000000e+00
    outer loop
      vertex   6.000000e+00 2.200000e+00 1.443333e+02
      vertex   6.000000e+00 5.291398e+00 1.237252e+02
      vertex   6.000000e+00 4.921426e+00 1.234446e+02
    endloop
  endfacet
  facet normal -1.000000e+00 0.000000e+00 0.000000e+00
    outer loop
      vertex   6.000000e+00 2.200000e+00 1.443333e+02
      vertex   6.000000e+00 4.921426e+00 1.234446e+02
      vertex   6.000000e+00 4.533171e+00 1.231899e+02
    endloop
  endfacet
  facet normal -1.000000e+00 -0.000000e+00 0.000000e+00
    outer loop
      vertex   6.000000e+00 4.533171e+00 1.231899e+02
      vertex   6.000000e+00 4.128442e+00 1.229624e+02
      vertex   6.000000e+00 2.200000e+00 1.443333e+02
    endloop
  endfacet
  facet normal -1.000000e+00 0.000000e+00 0.000000e+00
    outer loop
      vertex   6.000000e+00 2.200000e+00 1.443333e+02
      vertex   6.000000e+00 4.128442e+00 1.229624e+02
      vertex   6.000000e+00 2.200000e+00 1.363333e+02
    endloop
  endfacet
  facet normal -1.000000e+00 0.000000e+00 -0.000000e+00
    outer loop
      vertex   6.000000e+00 2.200000e+00 1.443333e+02
      vertex   6.000000e+00 2.200000e+00 1.363333e+02
      vertex   6.000000e+00 2.185169e+00 1.366860e+02
    endloop
  endfacet
  facet normal -1.000000e+00 -0.000000e+00 0.000000e+00
    outer loop
      vertex   6.000000e+00 4.128442e+00 1.229624e+02
      vertex   6.000000e+00 3.709127e+00 1.227630e+02
      vertex   6.000000e+00 2.200000e+00 1.363333e+02
    endloop
  endfacet
  facet normal -1.000000e+00 0.000000e+00 0.000000e+00
    outer loop
      vertex   6.000000e+00 2.200000e+00 1.363333e+02
      vertex   6.000000e+00 3.709127e+00 1.227630e+02
      vertex   6.000000e+00 3.277181e+00 1.225926e+02
    endloop
  endfacet
  facet normal -1.000000e+00 0.000000e+00 0.000000e+00
    outer loop
      vertex   6.000000e+00 2.200000e+00 1.363333e+02
      vertex   6.000000e+00 3.277181e+00 1.225926e+02
      vertex   6.000000e+00 2.834618e+00 1.224522e+02
    endloop
  endfacet
  facet normal -1.000000e+00 0.000000e+00 0.000000e+00
    outer loop
      vertex   6.000000e+00 2.200000e+00 1.363333e+02
      vertex   6.000000e+00 2.834618e+00 1.224522e+02
      vertex   6.000000e+00 2.200000e+00 1.260000e+02
    endloop
  endfacet
  facet normal -1.000000e+00 0.000000e+00 0.000000e+00
    outer loop
      vertex   6.000000e+00 2.200000e+00 1.260000e+02
      vertex   6.000000e+00 2.834618e+00 1.224522e+02
      vertex   6.000000e+00 2.383501e+00 1.223422e+02
    endloop
  endfacet
  facet normal -1.000000e+00 0.000000e+00 -0.000000e+00
    outer loop
      vertex   6.000000e+00 2.200000e+00 1.260000e+02
      vertex   6.000000e+00 2.383501e+00 1.223422e+02
      vertex   6.000000e+00 2.184120e+00 1.256351e+02
    endloop
  endfacet
  facet normal -1.000000e+00 0.000000e+00 -0.000000e+00
    outer loop
      vertex   6.000000e+00 2.184120e+00 1.256351e+02
      vertex   6.000000e+00 2.383501e+00 1.223422e+02
      vertex   6.000000e+00 2.136601e+00 1.252730e+02
    endloop
  endfacet
  facet normal -1.000000e+00 0.000000e+00 -0.000000e+00
    outer loop
      vertex   6.000000e+00 2.136601e+00 1.252730e+02
      vertex   6.000000e+00 2.383501e+00 1.223422e+02
      vertex   6.000000e+00 2.057801e+00 1.249164e+02
    endloop
  endfacet
  facet normal -1.000000e+00 0.000000e+00 -0.000000e+00
    outer loop
      vertex   6.000000e+00 2.057801e+00 1.249164e+02
      vertex   6.000000e+00 2.383501e+00 1.223422e+02
      vertex   6.000000e+00 1.925933e+00 1.222633e+02
    endloop
  endfacet
  facet normal -1.000000e+00 0.000000e+00 0.000000e+00
    outer loop
      vertex   6.000000e+00 2.057801e+00 1.249164e+02
      vertex   6.000000e+00 1.925933e+00 1.222633e+02
      vertex   6.000000e+00 1.948317e+00 1.245679e+02
    endloop
  endfacet
  facet normal -1.000000e+00 0.000000e+00 0.000000e+00
    outer loop
      vertex   6.000000e+00 1.948317e+00 1.245679e+02
      vertex   6.000000e+00 1.925933e+00 1.222633e+02
      vertex   6.000000e+00 1.808976e+00 1.242303e+02
    endloop
  endfacet
  facet normal -1.000000e+00 0.000000e+00 -0.000000e+00
    outer loop
      vertex   6.000000e+00 1.808976e+00 1.242303e+02
      vertex   6.000000e+00 1.925933e+00 1.222633e+02
      vertex   6.000000e+00 1.640833e+00 1.239061e+02
    endloop
  endfacet
  facet normal -1.000000e+00 0.000000e+00 -0.000000e+00
    outer loop
      vertex   6.000000e+00 1.640833e+00 1.239061e+02
      vertex   6.000000e+00 1.925933e+00 1.222633e+02
      vertex   6.000000e+00 1.464048e+00 1.222159e+02
    endloop
  endfacet
  facet normal -1.000000e+00 0.000000e+00 0.000000e+00
    outer loop
      vertex   6.000000e+00 1.640833e+00 1.239061e+02
      vertex   6.000000e+00 1.464048e+00 1.222159e+02
      vertex   6.000000e+00 1.445158e+00 1.235977e+02
    endloop
  endfacet
  facet normal -1.000000e+00 0.000000e+00 -0.000000e+00
    outer loop
      vertex   6.000000e+00 1.445158e+00 1.235977e+02
      vertex   6.000000e+00 1.464048e+00 1.222159e+02
      vertex   6.000000e+00 1.223432e+00 1.233075e+02
    endloop
  endfacet
  facet normal -1.000000e+00 0.000000e+00 -0.000000e+00
    outer loop
      vertex   6.000000e+00 1.223432e+00 1.233075e+02
      vertex   6.000000e+00 1.464048e+00 1.222159e+02
      vertex   6.000000e+00 1.000000e+00 1.222000e+02
    endloop
  endfacet
  facet normal -1.000000e+00 0.000000e+00 0.000000e+00
    outer loop
      vertex   6.000000e+00 1.223432e+00 1.233075e+02
      vertex   6.000000e+00 1.000000e+00 1.222000e+02
      vertex   6.000000e+00 9.773306e-01 1.230377e+02
    endloop
  endfacet
  facet normal -1.000000e+00 0.000000e+00 -0.000000e+00
    outer loop
      vertex   6.000000e+00 9.773306e-01 1.230377e+02
      vertex   6.000000e+00 1.000000e+00 1.222000e+02
      vertex   6.000000e+00 7.087151e-01 1.227902e+02
    endloop
  endfacet
  facet normal -1.000000e+00 0.000000e+00 -0.000000e+00
    outer loop
      vertex   6.000000e+00 7.087151e-01 1.227902e+02
      vertex   6.000000e+00 1.000000e+00 1.222000e+02
      vertex   6.000000e+00 4.196168e-01 1.225670e+02
    endloop
  endfacet
  facet normal -1.000000e+00 0.000000e+00 -0.000000e+00
    outer loop
      vertex   6.000000e+00 4.196168e-01 1.225670e+02
      vertex   6.000000e+00 1.000000e+00 1.222000e+02
      vertex   6.000000e+00 1.122217e-01 1.223698e+02
    endloop
  endfacet
  facet normal -1.000000e+00 0.000000e+00 -0.000000e+00
    outer loop
      vertex   6.000000e+00 1.122217e-01 1.223698e+02
      vertex   6.000000e+00 1.000000e+00 1.222000e+02
      vertex   6.000000e+00 -2.111456e-01 1.222000e+02
    endloop
  endfacet
  facet normal -1.000000e+00 0.000000e+00 0.000000e+00
    outer loop
      vertex   6.000000e+00 2.200000e+00 1.443333e+02
      vertex   6.000000e+00 2.185169e+00 1.366860e+02
      vertex   6.000000e+00 2.185169e+00 1.439807e+02
    endloop
  endfacet
  facet normal -1.000000e+00 0.000000e+00 -0.000000e+00
    outer loop
      vertex   6.000000e+00 2.185169e+00 1.439807e+02
      vertex   6.000000e+00 2.185169e+00 1.366860e+02
      vertex   6.000000e+00 2.140780e+00 1.370361e+02
    endloop
  endfacet
  facet normal -1.000000e+00 0.000000e+00 0.000000e+00
    outer loop
      vertex   6.000000e+00 2.185169e+00 1.439807e+02
      vertex   6.000000e+00 2.140780e+00 1.370361e+02
      vertex   6.000000e+00 2.140780e+00 1.436305e+02
    endloop
  endfacet
  facet normal -1.000000e+00 0.000000e+00 -0.000000e+00
    outer loop
      vertex   6.000000e+00 2.140780e+00 1.436305e+02
      vertex   6.000000e+00 2.140780e+00 1.370361e+02
      vertex   6.000000e+00 2.067146e+00 1.373813e+02
    endloop
  endfacet
  facet normal -1.000000e+00 0.000000e+00 0.000000e+00
    outer loop
      vertex   6.000000e+00 2.140780e+00 1.436305e+02
      vertex   6.000000e+00 2.067146e+00 1.373813e+02
      vertex   6.000000e+00 2.067146e+00 1.432853e+02
    endloop
  endfacet
  facet normal -1.000000e+00 0.000000e+00 -0.000000e+00
    outer loop
      vertex   6.000000e+00 2.067146e+00 1.432853e+02
      vertex   6.000000e+00 2.067146e+00 1.373813e+02
      vertex   6.000000e+00 1.964789e+00 1.377191e+02
    endloop
  endfacet
  facet normal -1.000000e+00 0.000000e+00 0.000000e+00
    outer loop
      vertex   6.000000e+00 2.067146e+00 1.432853e+02
      vertex   6.000000e+00 1.964789e+00 1.377191e+02
      vertex   6.000000e+00 1.964789e+00 1.429475e+02
    endloop
  endfacet
  facet normal -1.000000e+00 0.000000e+00 -0.000000e+00
    outer loop
      vertex   6.000000e+00 1.964789e+00 1.429475e+02
      vertex   6.000000e+00 1.964789e+00 1.377191e+02
      vertex   6.000000e+00 1.834430e+00 1.380471e+02
    endloop
  endfacet
  facet normal -1.000000e+00 0.000000e+00 0.000000e+00
    outer loop
      vertex   6.000000e+00 1.964789e+00 1.429475e+02
      vertex   6.000000e+00 1.834430e+00 1.380471e+02
      vertex   6.000000e+00 1.834430e+00 1.426195e+02
    endloop
  endfacet
  facet normal -1.000000e+00 0.000000e+00 -0.000000e+00
    outer loop
      vertex   6.000000e+00 1.834430e+00 1.426195e+02
      vertex   6.000000e+00 1.834430e+00 1.380471e+02
      vertex   6.000000e+00 1.676991e+00 1.383630e+02
    endloop
  endfacet
  facet normal -1.000000e+00 0.000000e+00 0.000000e+00
    outer loop
      vertex   6.000000e+00 1.834430e+00 1.426195e+02
      vertex   6.000000e+00 1.676991e+00 1.383630e+02
      vertex   6.000000e+00 1.676991e+00 1.423036e+02
    endloop
  endfacet
  facet normal -1.000000e+00 0.000000e+00 -0.000000e+00
    outer loop
      vertex   6.000000e+00 1.676991e+00 1.423036e+02
      vertex   6.000000e+00 1.676991e+00 1.383630e+02
      vertex   6.000000e+00 1.493582e+00 1.386646e+02
    endloop
  endfacet
  facet normal -1.000000e+00 0.000000e+00 0.000000e+00
    outer loop
      vertex   6.000000e+00 1.676991e+00 1.423036e+02
      vertex   6.000000e+00 1.493582e+00 1.386646e+02
      vertex   6.000000e+00 1.493582e+00 1.420020e+02
    endloop
  endfacet
  facet normal -1.000000e+00 0.000000e+00 -0.000000e+00
    outer loop
      vertex   6.000000e+00 1.493582e+00 1.420020e+02
      vertex   6.000000e+00 1.493582e+00 1.386646e+02
      vertex   6.000000e+00 1.285501e+00 1.417169e+02
    endloop
  endfacet
  facet normal -1.000000e+00 0.000000e+00 0.000000e+00
    outer loop
      vertex   6.000000e+00 1.285501e+00 1.417169e+02
      vertex   6.000000e+00 1.493582e+00 1.386646e+02
      vertex   6.000000e+00 1.285501e+00 1.389497e+02
    endloop
  endfacet
  facet normal -1.000000e+00 0.000000e+00 -0.000000e+00
    outer loop
      vertex   6.000000e+00 1.285501e+00 1.417169e+02
      vertex   6.000000e+00 1.285501e+00 1.389497e+02
      vertex   6.000000e+00 1.054215e+00 1.414503e+02
    endloop
  endfacet
  facet normal -1.000000e+00 0.000000e+00 0.000000e+00
    outer loop
      vertex   6.000000e+00 1.054215e+00 1.414503e+02
      vertex   6.000000e+00 1.285501e+00 1.389497e+02
      vertex   6.000000e+00 1.054215e+00 1.392163e+02
    endloop
  endfacet
  facet normal -1.000000e+00 0.000000e+00 -0.000000e+00
    outer loop
      vertex   6.000000e+00 1.054215e+00 1.414503e+02
      vertex   6.000000e+00 1.054215e+00 1.392163e+02
      vertex   6.000000e+00 8.013591e-01 1.412041e+02
    endloop
  endfacet
  facet normal -1.000000e+00 0.000000e+00 0.000000e+00
    outer loop
      vertex   6.000000e+00 8.013591e-01 1.412041e+02
      vertex   6.000000e+00 1.054215e+00 1.392163e+02
      vertex   6.000000e+00 8.013591e-01 1.394626e+02
    endloop
  endfacet
  facet normal -1.000000e+00 0.000000e+00 -0.000000e+00
    outer loop
      vertex   6.000000e+00 8.013591e-01 1.412041e+02
      vertex   6.000000e+00 8.013591e-01 1.394626e+02
      vertex   6.000000e+00 5.287185e-01 1.409799e+02
    endloop
  endfacet
  facet normal -1.000000e+00 0.000000e+00 0.000000e+00
    outer loop
      vertex   6.000000e+00 5.287185e-01 1.409799e+02
      vertex   6.000000e+00 8.013591e-01 1.394626e+02
      vertex   6.000000e+00 5.287185e-01 1.396868e+02
    endloop
  endfacet
  facet normal -1.000000e+00 0.000000e+00 -0.000000e+00
    outer loop
      vertex   6.000000e+00 5.287185e-01 1.409799e+02
      vertex   6.000000e+00 5.287185e-01 1.396868e+02
      vertex   6.000000e+00 2.382189e-01 1.407794e+02
    endloop
  endfacet
  facet normal -1.000000e+00 0.000000e+00 0.000000e+00
    outer loop
      vertex   6.000000e+00 2.382189e-01 1.407794e+02
      vertex   6.000000e+00 5.287185e-01 1.396868e+02
      vertex   6.000000e+00 2.382189e-01 1.398873e+02
    endloop
  endfacet
  facet normal -1.000000e+00 0.000000e+00 -0.000000e+00
    outer loop
      vertex   6.000000e+00 2.382189e-01 1.407794e+02
      vertex   6.000000e+00 2.382189e-01 1.398873e+02
      vertex   6.000000e+00 -6.808822e-02 1.406040e+02
    endloop
  endfacet
  facet normal -1.000000e+00 0.000000e+00 0.000000e+00
    outer loop
      vertex   6.000000e+00 -6.808822e-02 1.406040e+02
      vertex   6.000000e+00 2.382189e-01 1.398873e+02
      vertex   6.000000e+00 -6.808822e-02 1.400626e+02
    endloop
  endfacet
  facet normal -1.000000e+00 0.000000e+00 -0.000000e+00
    outer loop
      vertex   6.000000e+00 -6.808822e-02 1.406040e+02
      vertex   6.000000e+00 -6.808822e-02 1.400626e+02
      vertex   6.000000e+00 -3.880394e-01 1.404550e+02
    endloop
  endfacet
  facet normal -1.000000e+00 0.000000e+00 0.000000e+00
    outer loop
      vertex   6.000000e+00 -3.880394e-01 1.404550e+02
      vertex   6.000000e+00 -6.808822e-02 1.400626e+02
      vertex   6.000000e+00 -3.880394e-01 1.402117e+02
    endloop
  endfacet
  facet normal -1.000000e+00 0.000000e+00 -0.000000e+00
    outer loop
      vertex   6.000000e+00 -3.880394e-01 1.404550e+02
      vertex   6.000000e+00 -3.880394e-01 1.402117e+02
      vertex   6.000000e+00 -7.193751e-01 1.403333e+02
    endloop
  endfacet
  facet normal -1.000000e+00 0.000000e+00 0.000000e+00
    outer loop
      vertex   6.000000e+00 7.800000e+00 1.290000e+02
      vertex   6.000000e+00 2.200000e+00 1.546667e+02
      vertex   6.000000e+00 2.200000e+00 1.626667e+02
    endloop
  endfacet
  facet normal -1.000000e+00 0.000000e+00 -0.000000e+00
    outer loop
      vertex   6.000000e+00 2.200000e+00 1.626667e+02
      vertex   6.000000e+00 2.200000e+00 1.546667e+02
      vertex   6.000000e+00 2.185169e+00 1.550193e+02
    endloop
  endfacet
  facet normal -1.000000e+00 0.000000e+00 0.000000e+00
    outer loop
      vertex   6.000000e+00 2.200000e+00 1.626667e+02
      vertex   6.000000e+00 2.185169e+00 1.550193e+02
      vertex   6.000000e+00 2.185169e+00 1.623140e+02
    endloop
  endfacet
  facet normal -1.000000e+00 0.000000e+00 -0.000000e+00
    outer loop
      vertex   6.000000e+00 2.185169e+00 1.623140e+02
      vertex   6.000000e+00 2.185169e+00 1.550193e+02
      vertex   6.000000e+00 2.140780e+00 1.553695e+02
    endloop
  endfacet
  facet normal -1.000000e+00 0.000000e+00 0.000000e+00
    outer loop
      vertex   6.000000e+00 2.185169e+00 1.623140e+02
      vertex   6.000000e+00 2.140780e+00 1.553695e+02
      vertex   6.000000e+00 2.140780e+00 1.619639e+02
    endloop
  endfacet
  facet normal -1.000000e+00 0.000000e+00 -0.000000e+00
    outer loop
      vertex   6.000000e+00 2.140780e+00 1.619639e+02
      vertex   6.000000e+00 2.140780e+00 1.553695e+02
      vertex   6.000000e+00 2.067146e+00 1.557147e+02
    endloop
  endfacet
  facet normal -1.000000e+00 0.000000e+00 0.000000e+00
    outer loop
      vertex   6.000000e+00 2.140780e+00 1.619639e+02
      vertex   6.000000e+00 2.067146e+00 1.557147e+02
      vertex   6.000000e+00 2.067146e+00 1.616187e+02
    endloop
  endfacet
  facet normal -1.000000e+00 0.000000e+00 -0.000000e+00
    outer loop
      vertex   6.000000e+00 2.067146e+00 1.616187e+02
      vertex   6.000000e+00 2.067146e+00 1.557147e+02
      vertex   6.000000e+00 1.964789e+00 1.612809e+02
    endloop
  endfacet
  facet normal -1.000000e+00 0.000000e+00 0.000000e+00
    outer loop
      vertex   6.000000e+00 1.964789e+00 1.612809e+02
      vertex   6.000000e+00 2.067146e+00 1.557147e+02
      vertex   6.000000e+00 1.964789e+00 1.560525e+02
    endloop
  endfacet
  facet normal -1.000000e+00 0.000000e+00 -0.000000e+00
    outer loop
      vertex   6.000000e+00 1.964789e+00 1.612809e+02
      vertex   6.000000e+00 1.964789e+00 1.560525e+02
      vertex   6.000000e+00 1.834430e+00 1.609529e+02
    endloop
  endfacet
  facet normal -1.000000e+00 0.000000e+00 0.000000e+00
    outer loop
      vertex   6.000000e+00 1.834430e+00 1.609529e+02
      vertex   6.000000e+00 1.964789e+00 1.560525e+02
      vertex   6.000000e+00 1.834430e+00 1.563805e+02
    endloop
  endfacet
  facet normal -1.000000e+00 0.000000e+00 -0.000000e+00
    outer loop
      vertex   6.000000e+00 1.834430e+00 1.609529e+02
      vertex   6.000000e+00 1.834430e+00 1.563805e+02
      vertex   6.000000e+00 1.676991e+00 1.606370e+02
    endloop
  endfacet
  facet normal -1.000000e+00 0.000000e+00 0.000000e+00
    outer loop
      vertex   6.000000e+00 1.676991e+00 1.606370e+02
      vertex   6.000000e+00 1.834430e+00 1.563805e+02
      vertex   6.000000e+00 1.676991e+00 1.566964e+02
    endloop
  endfacet
  facet normal -1.000000e+00 0.000000e+00 -0.000000e+00
    outer loop
      vertex   6.000000e+00 1.676991e+00 1.606370e+02
      vertex   6.000000e+00 1.676991e+00 1.566964e+02
      vertex   6.000000e+00 1.493582e+00 1.603354e+02
    endloop
  endfacet
  facet normal -1.000000e+00 0.000000e+00 0.000000e+00
    outer loop
      vertex   6.000000e+00 1.493582e+00 1.603354e+02
      vertex   6.000000e+00 1.676991e+00 1.566964e+02
      vertex   6.000000e+00 1.493582e+00 1.569980e+02
    endloop
  endfacet
  facet normal -1.000000e+00 0.000000e+00 -0.000000e+00
    outer loop
      vertex   6.000000e+00 1.493582e+00 1.603354e+02
      vertex   6.000000e+00 1.493582e+00 1.569980e+02
      vertex   6.000000e+00 1.285501e+00 1.600503e+02
    endloop
  endfacet
  facet normal -1.000000e+00 0.000000e+00 0.000000e+00
    outer loop
      vertex   6.000000e+00 1.285501e+00 1.600503e+02
      vertex   6.000000e+00 1.493582e+00 1.569980e+02
      vertex   6.000000e+00 1.285501e+00 1.572831e+02
    endloop
  endfacet
  facet normal -1.000000e+00 0.000000e+00 -0.000000e+00
    outer loop
      vertex   6.000000e+00 1.285501e+00 1.600503e+02
      vertex   6.000000e+00 1.285501e+00 1.572831e+02
      vertex   6.000000e+00 1.054215e+00 1.597837e+02
    endloop
  endfacet
  facet normal -1.000000e+00 0.000000e+00 -0.000000e+00
    outer loop
      vertex   6.000000e+00 1.054215e+00 1.597837e+02
      vertex   6.000000e+00 1.285501e+00 1.572831e+02
      vertex   6.000000e+00 1.054215e+00 1.575497e+02
    endloop
  endfacet
  facet normal -1.000000e+00 0.000000e+00 0.000000e+00
    outer loop
      vertex   6.000000e+00 1.054215e+00 1.597837e+02
      vertex   6.000000e+00 1.054215e+00 1.575497e+02
      vertex   6.000000e+00 8.013591e-01 1.595374e+02
    endloop
  endfacet
  facet normal -1.000000e+00 0.000000e+00 -0.000000e+00
    outer loop
      vertex   6.000000e+00 8.013591e-01 1.595374e+02
      vertex   6.000000e+00 1.054215e+00 1.575497e+02
      vertex   6.000000e+00 8.013591e-01 1.577959e+02
    endloop
  endfacet
  facet normal -1.000000e+00 0.000000e+00 0.000000e+00
    outer loop
      vertex   6.000000e+00 8.013591e-01 1.595374e+02
      vertex   6.000000e+00 8.013591e-01 1.577959e+02
      vertex   6.000000e+00 5.287185e-01 1.593132e+02
    endloop
  endfacet
  facet normal -1.000000e+00 0.000000e+00 -0.000000e+00
    outer loop
      vertex   6.000000e+00 5.287185e-01 1.593132e+02
      vertex   6.000000e+00 8.013591e-01 1.577959e+02
      vertex   6.000000e+00 5.287185e-01 1.580201e+02
    endloop
  endfacet
  facet normal -1.000000e+00 0.000000e+00 0.000000e+00
    outer loop
      vertex   6.000000e+00 5.287185e-01 1.593132e+02
      vertex   6.000000e+00 5.287185e-01 1.580201e+02
      vertex   6.000000e+00 2.382189e-01 1.591127e+02
    endloop
  endfacet
  facet normal -1.000000e+00 0.000000e+00 -0.000000e+00
    outer loop
      vertex   6.000000e+00 2.382189e-01 1.591127e+02
      vertex   6.000000e+00 5.287185e-01 1.580201e+02
      vertex   6.000000e+00 2.382189e-01 1.582206e+02
    endloop
  endfacet
  facet normal -1.000000e+00 0.000000e+00 0.000000e+00
    outer loop
      vertex   6.000000e+00 2.382189e-01 1.591127e+02
      vertex   6.000000e+00 2.382189e-01 1.582206e+02
      vertex   6.000000e+00 -6.808822e-02 1.589374e+02
    endloop
  endfacet
  facet normal -1.000000e+00 0.000000e+00 -0.000000e+00
    outer loop
      vertex   6.000000e+00 -6.808822e-02 1.589374e+02
      vertex   6.000000e+00 2.382189e-01 1.582206e+02
      vertex   6.000000e+00 -6.808822e-02 1.583960e+02
    endloop
  endfacet
  facet normal -1.000000e+00 0.000000e+00 0.000000e+00
    outer loop
      vertex   6.000000e+00 -6.808822e-02 1.589374e+02
      vertex   6.000000e+00 -6.808822e-02 1.583960e+02
      vertex   6.000000e+00 -3.880394e-01 1.587883e+02
    endloop
  endfacet
  facet normal -1.000000e+00 0.000000e+00 0.000000e+00
    outer loop
      vertex   6.000000e+00 -3.880394e-01 1.587883e+02
      vertex   6.000000e+00 -6.808822e-02 1.583960e+02
      vertex   6.000000e+00 -3.880394e-01 1.585450e+02
    endloop
  endfacet
  facet normal -1.000000e+00 0.000000e+00 -0.000000e+00
    outer loop
      vertex   6.000000e+00 -3.880394e-01 1.587883e+02
      vertex   6.000000e+00 -3.880394e-01 1.585450e+02
      vertex   6.000000e+00 -7.193751e-01 1.586667e+02
    endloop
  endfacet
  facet normal -1.000000e+00 0.000000e+00 0.000000e+00
    outer loop
      vertex   6.000000e+00 2.200000e+00 1.810000e+02
      vertex   6.000000e+00 2.200000e+00 2.000000e+02
      vertex   6.000000e+00 7.800000e+00 2.000000e+02
    endloop
  endfacet
  facet normal 0.000000e+00 -9.981756e-01 6.037850e-02
    outer loop
      vertex   7.000000e+00 4.996004e-15 1.260000e+02
      vertex   6.000000e+00 4.996004e-15 1.260000e+02
      vertex   7.000000e+00 -1.458225e-02 1.257589e+02
    endloop
  endfacet
  facet normal 0.000000e+00 -9.981756e-01 6.037850e-02
    outer loop
      vertex   7.000000e+00 -1.458225e-02 1.257589e+02
      vertex   6.000000e+00 4.996004e-15 1.260000e+02
      vertex   6.000000e+00 -1.458225e-02 1.257589e+02
    endloop
  endfacet
  facet normal 0.000000e+00 -9.836199e-01 1.802550e-01
    outer loop
      vertex   7.000000e+00 -1.458225e-02 1.257589e+02
      vertex   6.000000e+00 -1.458225e-02 1.257589e+02
      vertex   7.000000e+00 -5.811637e-02 1.255214e+02
    endloop
  endfacet
  facet normal 0.000000e+00 -9.836199e-01 1.802550e-01
    outer loop
      vertex   7.000000e+00 -5.811637e-02 1.255214e+02
      vertex   6.000000e+00 -1.458225e-02 1.257589e+02
      vertex   6.000000e+00 -5.811637e-02 1.255214e+02
    endloop
  endfacet
  facet normal 0.000000e+00 -9.547209e-01 2.975031e-01
    outer loop
      vertex   7.000000e+00 -5.811637e-02 1.255214e+02
      vertex   6.000000e+00 -5.811637e-02 1.255214e+02
      vertex   7.000000e+00 -1.299675e-01 1.252908e+02
    endloop
  endfacet
  facet normal 0.000000e+00 -9.547209e-01 2.975031e-01
    outer loop
      vertex   7.000000e+00 -1.299675e-01 1.252908e+02
      vertex   6.000000e+00 -5.811637e-02 1.255214e+02
      vertex   6.000000e+00 -1.299675e-01 1.252908e+02
    endloop
  endfacet
  facet normal 0.000000e+00 -9.118998e-01 4.104128e-01
    outer loop
      vertex   7.000000e+00 -1.299675e-01 1.252908e+02
      vertex   6.000000e+00 -1.299675e-01 1.252908e+02
      vertex   7.000000e+00 -2.290879e-01 1.250706e+02
    endloop
  endfacet
  facet normal 2.531031e-16 -9.118998e-01 4.104128e-01
    outer loop
      vertex   7.000000e+00 -2.290879e-01 1.250706e+02
      vertex   6.000000e+00 -1.299675e-01 1.252908e+02
      vertex   6.000000e+00 -2.290879e-01 1.250706e+02
    endloop
  endfacet
  facet normal 2.375270e-16 -8.557813e-01 5.173378e-01
    outer loop
      vertex   7.000000e+00 -2.290879e-01 1.250706e+02
      vertex   6.000000e+00 -2.290879e-01 1.250706e+02
      vertex   7.000000e+00 -3.540323e-01 1.248639e+02
    endloop
  endfacet
  facet normal 0.000000e+00 -8.557813e-01 5.173378e-01
    outer loop
      vertex   7.000000e+00 -3.540323e-01 1.248639e+02
      vertex   6.000000e+00 -2.290879e-01 1.250706e+02
      vertex   6.000000e+00 -3.540323e-01 1.248639e+02
    endloop
  endfacet
  facet normal 0.000000e+00 -7.871835e-01 6.167189e-01
    outer loop
      vertex   7.000000e+00 -3.540323e-01 1.248639e+02
      vertex   6.000000e+00 -3.540323e-01 1.248639e+02
      vertex   7.000000e+00 -5.029785e-01 1.246738e+02
    endloop
  endfacet
  facet normal 0.000000e+00 -7.871835e-01 6.167189e-01
    outer loop
      vertex   7.000000e+00 -5.029785e-01 1.246738e+02
      vertex   6.000000e+00 -3.540323e-01 1.248639e+02
      vertex   6.000000e+00 -5.029785e-01 1.246738e+02
    endloop
  endfacet
  facet normal 0.000000e+00 -7.071068e-01 7.071068e-01
    outer loop
      vertex   7.000000e+00 -5.029785e-01 1.246738e+02
      vertex   6.000000e+00 -5.029785e-01 1.246738e+02
      vertex   7.000000e+00 -6.737547e-01 1.245030e+02
    endloop
  endfacet
  facet normal 2.355139e-16 -7.071068e-01 7.071068e-01
    outer loop
      vertex   7.000000e+00 -6.737547e-01 1.245030e+02
      vertex   6.000000e+00 -5.029785e-01 1.246738e+02
      vertex   6.000000e+00 -6.737547e-01 1.245030e+02
    endloop
  endfacet
  facet normal 2.054086e-16 -6.167189e-01 7.871835e-01
    outer loop
      vertex   7.000000e+00 -6.737547e-01 1.245030e+02
      vertex   6.000000e+00 -6.737547e-01 1.245030e+02
      vertex   7.000000e+00 -8.638705e-01 1.243540e+02
    endloop
  endfacet
  facet normal 0.000000e+00 -6.167189e-01 7.871835e-01
    outer loop
      vertex   7.000000e+00 -8.638705e-01 1.243540e+02
      vertex   6.000000e+00 -6.737547e-01 1.245030e+02
      vertex   6.000000e+00 -8.638705e-01 1.243540e+02
    endloop
  endfacet
  facet normal 0.000000e+00 -5.173378e-01 8.557813e-01
    outer loop
      vertex   7.000000e+00 -8.638705e-01 1.243540e+02
      vertex   6.000000e+00 -8.638705e-01 1.243540e+02
      vertex   7.000000e+00 -1.070554e+00 1.242291e+02
    endloop
  endfacet
  facet normal 1.148721e-16 -5.173378e-01 8.557813e-01
    outer loop
      vertex   7.000000e+00 -1.070554e+00 1.242291e+02
      vertex   6.000000e+00 -8.638705e-01 1.243540e+02
      vertex   6.000000e+00 -1.070554e+00 1.242291e+02
    endloop
  endfacet
  facet normal 9.112995e-17 -4.104128e-01 9.118998e-01
    outer loop
      vertex   7.000000e+00 -1.070554e+00 1.242291e+02
      vertex   6.000000e+00 -1.070554e+00 1.242291e+02
      vertex   7.000000e+00 -1.290790e+00 1.241300e+02
    endloop
  endfacet
  facet normal 0.000000e+00 -4.104128e-01 9.118998e-01
    outer loop
      vertex   7.000000e+00 -1.290790e+00 1.241300e+02
      vertex   6.000000e+00 -1.070554e+00 1.242291e+02
      vertex   6.000000e+00 -1.290790e+00 1.241300e+02
    endloop
  endfacet
  facet normal 0.000000e+00 -2.975031e-01 9.547209e-01
    outer loop
      vertex   7.000000e+00 -1.290790e+00 1.241300e+02
      vertex   6.000000e+00 -1.290790e+00 1.241300e+02
      vertex   7.000000e+00 -1.521369e+00 1.240581e+02
    endloop
  endfacet
  facet normal 6.605895e-17 -2.975031e-01 9.547209e-01
    outer loop
      vertex   7.000000e+00 -1.521369e+00 1.240581e+02
      vertex   6.000000e+00 -1.290790e+00 1.241300e+02
      vertex   6.000000e+00 -1.521369e+00 1.240581e+02
    endloop
  endfacet
  facet normal 4.002466e-17 -1.802550e-01 9.836199e-01
    outer loop
      vertex   7.000000e+00 -1.521369e+00 1.240581e+02
      vertex   6.000000e+00 -1.521369e+00 1.240581e+02
      vertex   7.000000e+00 -1.758927e+00 1.240146e+02
    endloop
  endfacet
  facet normal 4.002466e-17 -1.802550e-01 9.836199e-01
    outer loop
      vertex   7.000000e+00 -1.758927e+00 1.240146e+02
      vertex   6.000000e+00 -1.521369e+00 1.240581e+02
      vertex   6.000000e+00 -1.758927e+00 1.240146e+02
    endloop
  endfacet
  facet normal 1.340672e-17 -6.037850e-02 9.981756e-01
    outer loop
      vertex   7.000000e+00 -1.758927e+00 1.240146e+02
      vertex   6.000000e+00 -1.758927e+00 1.240146e+02
      vertex   7.000000e+00 -2.000000e+00 1.240000e+02
    endloop
  endfacet
  facet normal 0.000000e+00 -6.037850e-02 9.981756e-01
    outer loop
      vertex   7.000000e+00 -2.000000e+00 1.240000e+02
      vertex   6.000000e+00 -1.758927e+00 1.240146e+02
      vertex   6.000000e+00 -2.000000e+00 1.240000e+02
    endloop
  endfacet
  facet normal 0.000000e+00 -1.000000e+00 -4.834842e-16
    outer loop
      vertex   6.000000e+00 0.000000e+00 1.363333e+02
      vertex   6.000000e+00 4.996004e-15 1.260000e+02
      vertex   7.000000e+00 0.000000e+00 1.363333e+02
    endloop
  endfacet
  facet normal 0.000000e+00 -1.000000e+00 -4.834842e-16
    outer loop
      vertex   7.000000e+00 0.000000e+00 1.363333e+02
      vertex   6.000000e+00 4.996004e-15 1.260000e+02
      vertex   7.000000e+00 4.996004e-15 1.260000e+02
    endloop
  endfacet
  facet normal -0.000000e+00 -6.037850e-02 -9.981756e-01
    outer loop
      vertex   7.000000e+00 -2.000000e+00 1.383333e+02
      vertex   6.000000e+00 -2.000000e+00 1.383333e+02
      vertex   7.000000e+00 -1.758927e+00 1.383188e+02
    endloop
  endfacet
  facet normal -2.681344e-17 -6.037850e-02 -9.981756e-01
    outer loop
      vertex   7.000000e+00 -1.758927e+00 1.383188e+02
      vertex   6.000000e+00 -2.000000e+00 1.383333e+02
      vertex   6.000000e+00 -1.758927e+00 1.383188e+02
    endloop
  endfacet
  facet normal -8.004932e-17 -1.802550e-01 -9.836199e-01
    outer loop
      vertex   7.000000e+00 -1.758927e+00 1.383188e+02
      vertex   6.000000e+00 -1.758927e+00 1.383188e+02
      vertex   7.000000e+00 -1.521369e+00 1.382752e+02
    endloop
  endfacet
  facet normal -0.000000e+00 -1.802550e-01 -9.836199e-01
    outer loop
      vertex   7.000000e+00 -1.521369e+00 1.382752e+02
      vertex   6.000000e+00 -1.758927e+00 1.383188e+02
      vertex   6.000000e+00 -1.521369e+00 1.382752e+02
    endloop
  endfacet
  facet normal -0.000000e+00 -2.975031e-01 -9.547209e-01
    outer loop
      vertex   7.000000e+00 -1.521369e+00 1.382752e+02
      vertex   6.000000e+00 -1.521369e+00 1.382752e+02
      vertex   7.000000e+00 -1.290790e+00 1.382034e+02
    endloop
  endfacet
  facet normal -1.321179e-16 -2.975031e-01 -9.547209e-01
    outer loop
      vertex   7.000000e+00 -1.290790e+00 1.382034e+02
      vertex   6.000000e+00 -1.521369e+00 1.382752e+02
      vertex   6.000000e+00 -1.290790e+00 1.382034e+02
    endloop
  endfacet
  facet normal -1.822599e-16 -4.104128e-01 -9.118998e-01
    outer loop
      vertex   7.000000e+00 -1.290790e+00 1.382034e+02
      vertex   6.000000e+00 -1.290790e+00 1.382034e+02
      vertex   7.000000e+00 -1.070554e+00 1.381042e+02
    endloop
  endfacet
  facet normal -0.000000e+00 -4.104128e-01 -9.118998e-01
    outer loop
      vertex   7.000000e+00 -1.070554e+00 1.381042e+02
      vertex   6.000000e+00 -1.290790e+00 1.382034e+02
      vertex   6.000000e+00 -1.070554e+00 1.381042e+02
    endloop
  endfacet
  facet normal -0.000000e+00 -5.173378e-01 -8.557813e-01
    outer loop
      vertex   7.000000e+00 -1.070554e+00 1.381042e+02
      vertex   6.000000e+00 -1.070554e+00 1.381042e+02
      vertex   7.000000e+00 -8.638705e-01 1.379793e+02
    endloop
  endfacet
  facet normal -5.743604e-17 -5.173378e-01 -8.557813e-01
    outer loop
      vertex   7.000000e+00 -8.638705e-01 1.379793e+02
      vertex   6.000000e+00 -1.070554e+00 1.381042e+02
      vertex   6.000000e+00 -8.638705e-01 1.379793e+02
    endloop
  endfacet
  facet normal -6.846955e-17 -6.167189e-01 -7.871835e-01
    outer loop
      vertex   7.000000e+00 -8.638705e-01 1.379793e+02
      vertex   6.000000e+00 -8.638705e-01 1.379793e+02
      vertex   7.000000e+00 -6.737547e-01 1.378304e+02
    endloop
  endfacet
  facet normal -1.369391e-16 -6.167189e-01 -7.871835e-01
    outer loop
      vertex   7.000000e+00 -6.737547e-01 1.378304e+02
      vertex   6.000000e+00 -8.638705e-01 1.379793e+02
      vertex   6.000000e+00 -6.737547e-01 1.378304e+02
    endloop
  endfacet
  facet normal -1.570092e-16 -7.071068e-01 -7.071068e-01
    outer loop
      vertex   7.000000e+00 -6.737547e-01 1.378304e+02
      vertex   6.000000e+00 -6.737547e-01 1.378304e+02
      vertex   7.000000e+00 -5.029785e-01 1.376596e+02
    endloop
  endfacet
  facet normal -2.355139e-16 -7.071068e-01 -7.071068e-01
    outer loop
      vertex   7.000000e+00 -5.029785e-01 1.376596e+02
      vertex   6.000000e+00 -6.737547e-01 1.378304e+02
      vertex   6.000000e+00 -5.029785e-01 1.376596e+02
    endloop
  endfacet
  facet normal -2.621848e-16 -7.871835e-01 -6.167189e-01
    outer loop
      vertex   7.000000e+00 -5.029785e-01 1.376596e+02
      vertex   6.000000e+00 -5.029785e-01 1.376596e+02
      vertex   7.000000e+00 -3.540323e-01 1.374695e+02
    endloop
  endfacet
  facet normal -2.184873e-16 -7.871835e-01 -6.167189e-01
    outer loop
      vertex   7.000000e+00 -3.540323e-01 1.374695e+02
      vertex   6.000000e+00 -5.029785e-01 1.376596e+02
      vertex   6.000000e+00 -3.540323e-01 1.374695e+02
    endloop
  endfacet
  facet normal -2.375270e-16 -8.557813e-01 -5.173378e-01
    outer loop
      vertex   7.000000e+00 -3.540323e-01 1.374695e+02
      vertex   6.000000e+00 -3.540323e-01 1.374695e+02
      vertex   7.000000e+00 -2.290879e-01 1.372628e+02
    endloop
  endfacet
  facet normal -0.000000e+00 -8.557813e-01 -5.173378e-01
    outer loop
      vertex   7.000000e+00 -2.290879e-01 1.372628e+02
      vertex   6.000000e+00 -3.540323e-01 1.374695e+02
      vertex   6.000000e+00 -2.290879e-01 1.372628e+02
    endloop
  endfacet
  facet normal -0.000000e+00 -9.118998e-01 -4.104128e-01
    outer loop
      vertex   7.000000e+00 -2.290879e-01 1.372628e+02
      vertex   6.000000e+00 -2.290879e-01 1.372628e+02
      vertex   7.000000e+00 -1.299675e-01 1.370425e+02
    endloop
  endfacet
  facet normal -0.000000e+00 -9.118998e-01 -4.104128e-01
    outer loop
      vertex   7.000000e+00 -1.299675e-01 1.370425e+02
      vertex   6.000000e+00 -2.290879e-01 1.372628e+02
      vertex   6.000000e+00 -1.299675e-01 1.370425e+02
    endloop
  endfacet
  facet normal -0.000000e+00 -9.547209e-01 -2.975031e-01
    outer loop
      vertex   7.000000e+00 -1.299675e-01 1.370425e+02
      vertex   6.000000e+00 -1.299675e-01 1.370425e+02
      vertex   7.000000e+00 -5.811637e-02 1.368120e+02
    endloop
  endfacet
  facet normal -0.000000e+00 -9.547209e-01 -2.975031e-01
    outer loop
      vertex   7.000000e+00 -5.811637e-02 1.368120e+02
      vertex   6.000000e+00 -1.299675e-01 1.370425e+02
      vertex   6.000000e+00 -5.811637e-02 1.368120e+02
    endloop
  endfacet
  facet normal -0.000000e+00 -9.836199e-01 -1.802550e-01
    outer loop
      vertex   7.000000e+00 -5.811637e-02 1.368120e+02
      vertex   6.000000e+00 -5.811637e-02 1.368120e+02
      vertex   7.000000e+00 -1.458225e-02 1.365744e+02
    endloop
  endfacet
  facet normal -0.000000e+00 -9.836199e-01 -1.802550e-01
    outer loop
      vertex   7.000000e+00 -1.458225e-02 1.365744e+02
      vertex   6.000000e+00 -5.811637e-02 1.368120e+02
      vertex   6.000000e+00 -1.458225e-02 1.365744e+02
    endloop
  endfacet
  facet normal -0.000000e+00 -9.981756e-01 -6.037850e-02
    outer loop
      vertex   7.000000e+00 -1.458225e-02 1.365744e+02
      vertex   6.000000e+00 -1.458225e-02 1.365744e+02
      vertex   7.000000e+00 0.000000e+00 1.363333e+02
    endloop
  endfacet
  facet normal -0.000000e+00 -9.981756e-01 -6.037850e-02
    outer loop
      vertex   7.000000e+00 0.000000e+00 1.363333e+02
      vertex   6.000000e+00 -1.458225e-02 1.365744e+02
      vertex   6.000000e+00 0.000000e+00 1.363333e+02
    endloop
  endfacet
  facet normal 0.000000e+00 0.000000e+00 -1.000000e+00
    outer loop
      vertex   6.000000e+00 -5.000000e+00 1.383333e+02
      vertex   6.000000e+00 -2.000000e+00 1.383333e+02
      vertex   7.000000e+00 -5.000000e+00 1.383333e+02
    endloop
  endfacet
  facet normal 0.000000e+00 0.000000e+00 -1.000000e+00
    outer loop
      vertex   7.000000e+00 -5.000000e+00 1.383333e+02
      vertex   6.000000e+00 -2.000000e+00 1.383333e+02
      vertex   7.000000e+00 -2.000000e+00 1.383333e+02
    endloop
  endfacet
  facet normal 0.000000e+00 -1.000000e+00 0.000000e+00
    outer loop
      vertex   6.000000e+00 -5.000000e+00 1.423333e+02
      vertex   6.000000e+00 -5.000000e+00 1.383333e+02
      vertex   7.000000e+00 -5.000000e+00 1.423333e+02
    endloop
  endfacet
  facet normal 0.000000e+00 -1.000000e+00 -0.000000e+00
    outer loop
      vertex   7.000000e+00 -5.000000e+00 1.423333e+02
      vertex   6.000000e+00 -5.000000e+00 1.383333e+02
      vertex   7.000000e+00 -5.000000e+00 1.383333e+02
    endloop
  endfacet
  facet normal -0.000000e+00 0.000000e+00 1.000000e+00
    outer loop
      vertex   6.000000e+00 -2.000000e+00 1.423333e+02
      vertex   6.000000e+00 -5.000000e+00 1.423333e+02
      vertex   7.000000e+00 -2.000000e+00 1.423333e+02
    endloop
  endfacet
  facet normal 0.000000e+00 0.000000e+00 1.000000e+00
    outer loop
      vertex   7.000000e+00 -2.000000e+00 1.423333e+02
      vertex   6.000000e+00 -5.000000e+00 1.423333e+02
      vertex   7.000000e+00 -5.000000e+00 1.423333e+02
    endloop
  endfacet
  facet normal 0.000000e+00 -9.981756e-01 6.037850e-02
    outer loop
      vertex   7.000000e+00 -9.159340e-15 1.443333e+02
      vertex   6.000000e+00 -9.159340e-15 1.443333e+02
      vertex   7.000000e+00 -1.458225e-02 1.440923e+02
    endloop
  endfacet
  facet normal 0.000000e+00 -9.981756e-01 6.037850e-02
    outer loop
      vertex   7.000000e+00 -1.458225e-02 1.440923e+02
      vertex   6.000000e+00 -9.159340e-15 1.443333e+02
      vertex   6.000000e+00 -1.458225e-02 1.440923e+02
    endloop
  endfacet
  facet normal 0.000000e+00 -9.836199e-01 1.802550e-01
    outer loop
      vertex   7.000000e+00 -1.458225e-02 1.440923e+02
      vertex   6.000000e+00 -1.458225e-02 1.440923e+02
      vertex   7.000000e+00 -5.811637e-02 1.438547e+02
    endloop
  endfacet
  facet normal 0.000000e+00 -9.836199e-01 1.802550e-01
    outer loop
      vertex   7.000000e+00 -5.811637e-02 1.438547e+02
      vertex   6.000000e+00 -1.458225e-02 1.440923e+02
      vertex   6.000000e+00 -5.811637e-02 1.438547e+02
    endloop
  endfacet
  facet normal 0.000000e+00 -9.547209e-01 2.975031e-01
    outer loop
      vertex   7.000000e+00 -5.811637e-02 1.438547e+02
      vertex   6.000000e+00 -5.811637e-02 1.438547e+02
      vertex   7.000000e+00 -1.299675e-01 1.436241e+02
    endloop
  endfacet
  facet normal 2.649883e-16 -9.547209e-01 2.975031e-01
    outer loop
      vertex   7.000000e+00 -1.299675e-01 1.436241e+02
      vertex   6.000000e+00 -5.811637e-02 1.438547e+02
      vertex   6.000000e+00 -1.299675e-01 1.436241e+02
    endloop
  endfacet
  facet normal 2.531031e-16 -9.118998e-01 4.104128e-01
    outer loop
      vertex   7.000000e+00 -1.299675e-01 1.436241e+02
      vertex   6.000000e+00 -1.299675e-01 1.436241e+02
      vertex   7.000000e+00 -2.290879e-01 1.434039e+02
    endloop
  endfacet
  facet normal 0.000000e+00 -9.118998e-01 4.104128e-01
    outer loop
      vertex   7.000000e+00 -2.290879e-01 1.434039e+02
      vertex   6.000000e+00 -1.299675e-01 1.436241e+02
      vertex   6.000000e+00 -2.290879e-01 1.434039e+02
    endloop
  endfacet
  facet normal 0.000000e+00 -8.557813e-01 5.173378e-01
    outer loop
      vertex   7.000000e+00 -2.290879e-01 1.434039e+02
      vertex   6.000000e+00 -2.290879e-01 1.434039e+02
      vertex   7.000000e+00 -3.540323e-01 1.431972e+02
    endloop
  endfacet
  facet normal 0.000000e+00 -8.557813e-01 5.173378e-01
    outer loop
      vertex   7.000000e+00 -3.540323e-01 1.431972e+02
      vertex   6.000000e+00 -2.290879e-01 1.434039e+02
      vertex   6.000000e+00 -3.540323e-01 1.431972e+02
    endloop
  endfacet
  facet normal 0.000000e+00 -7.871835e-01 6.167189e-01
    outer loop
      vertex   7.000000e+00 -3.540323e-01 1.431972e+02
      vertex   6.000000e+00 -3.540323e-01 1.431972e+02
      vertex   7.000000e+00 -5.029785e-01 1.430071e+02
    endloop
  endfacet
  facet normal 0.000000e+00 -7.871835e-01 6.167189e-01
    outer loop
      vertex   7.000000e+00 -5.029785e-01 1.430071e+02
      vertex   6.000000e+00 -3.540323e-01 1.431972e+02
      vertex   6.000000e+00 -5.029785e-01 1.430071e+02
    endloop
  endfacet
  facet normal 0.000000e+00 -7.071068e-01 7.071068e-01
    outer loop
      vertex   7.000000e+00 -5.029785e-01 1.430071e+02
      vertex   6.000000e+00 -5.029785e-01 1.430071e+02
      vertex   7.000000e+00 -6.737547e-01 1.428363e+02
    endloop
  endfacet
  facet normal 1.570092e-16 -7.071068e-01 7.071068e-01
    outer loop
      vertex   7.000000e+00 -6.737547e-01 1.428363e+02
      vertex   6.000000e+00 -5.029785e-01 1.430071e+02
      vertex   6.000000e+00 -6.737547e-01 1.428363e+02
    endloop
  endfacet
  facet normal 1.369391e-16 -6.167189e-01 7.871835e-01
    outer loop
      vertex   7.000000e+00 -6.737547e-01 1.428363e+02
      vertex   6.000000e+00 -6.737547e-01 1.428363e+02
      vertex   7.000000e+00 -8.638705e-01 1.426874e+02
    endloop
  endfacet
  facet normal 1.369391e-16 -6.167189e-01 7.871835e-01
    outer loop
      vertex   7.000000e+00 -8.638705e-01 1.426874e+02
      vertex   6.000000e+00 -6.737547e-01 1.428363e+02
      vertex   6.000000e+00 -8.638705e-01 1.426874e+02
    endloop
  endfacet
  facet normal 1.148721e-16 -5.173378e-01 8.557813e-01
    outer loop
      vertex   7.000000e+00 -8.638705e-01 1.426874e+02
      vertex   6.000000e+00 -8.638705e-01 1.426874e+02
      vertex   7.000000e+00 -1.070554e+00 1.425624e+02
    endloop
  endfacet
  facet normal 0.000000e+00 -5.173378e-01 8.557813e-01
    outer loop
      vertex   7.000000e+00 -1.070554e+00 1.425624e+02
      vertex   6.000000e+00 -8.638705e-01 1.426874e+02
      vertex   6.000000e+00 -1.070554e+00 1.425624e+02
    endloop
  endfacet
  facet normal 0.000000e+00 -4.104128e-01 9.118998e-01
    outer loop
      vertex   7.000000e+00 -1.070554e+00 1.425624e+02
      vertex   6.000000e+00 -1.070554e+00 1.425624e+02
      vertex   7.000000e+00 -1.290790e+00 1.424633e+02
    endloop
  endfacet
  facet normal 9.112995e-17 -4.104128e-01 9.118998e-01
    outer loop
      vertex   7.000000e+00 -1.290790e+00 1.424633e+02
      vertex   6.000000e+00 -1.070554e+00 1.425624e+02
      vertex   6.000000e+00 -1.290790e+00 1.424633e+02
    endloop
  endfacet
  facet normal 6.605895e-17 -2.975031e-01 9.547209e-01
    outer loop
      vertex   7.000000e+00 -1.290790e+00 1.424633e+02
      vertex   6.000000e+00 -1.290790e+00 1.424633e+02
      vertex   7.000000e+00 -1.521369e+00 1.423914e+02
    endloop
  endfacet
  facet normal 0.000000e+00 -2.975031e-01 9.547209e-01
    outer loop
      vertex   7.000000e+00 -1.521369e+00 1.423914e+02
      vertex   6.000000e+00 -1.290790e+00 1.424633e+02
      vertex   6.000000e+00 -1.521369e+00 1.423914e+02
    endloop
  endfacet
  facet normal 0.000000e+00 -1.802550e-01 9.836199e-01
    outer loop
      vertex   7.000000e+00 -1.521369e+00 1.423914e+02
      vertex   6.000000e+00 -1.521369e+00 1.423914e+02
      vertex   7.000000e+00 -1.758927e+00 1.423479e+02
    endloop
  endfacet
  facet normal 4.002466e-17 -1.802550e-01 9.836199e-01
    outer loop
      vertex   7.000000e+00 -1.758927e+00 1.423479e+02
      vertex   6.000000e+00 -1.521369e+00 1.423914e+02
      vertex   6.000000e+00 -1.758927e+00 1.423479e+02
    endloop
  endfacet
  facet normal 1.340672e-17 -6.037850e-02 9.981756e-01
    outer loop
      vertex   7.000000e+00 -1.758927e+00 1.423479e+02
      vertex   6.000000e+00 -1.758927e+00 1.423479e+02
      vertex   7.000000e+00 -2.000000e+00 1.423333e+02
    endloop
  endfacet
  facet normal 0.000000e+00 -6.037850e-02 9.981756e-01
    outer loop
      vertex   7.000000e+00 -2.000000e+00 1.423333e+02
      vertex   6.000000e+00 -1.758927e+00 1.423479e+02
      vertex   6.000000e+00 -2.000000e+00 1.423333e+02
    endloop
  endfacet
  facet normal 0.000000e+00 -1.000000e+00 6.983661e-16
    outer loop
      vertex   6.000000e+00 -1.942890e-15 1.546667e+02
      vertex   6.000000e+00 -9.159340e-15 1.443333e+02
      vertex   7.000000e+00 -1.942890e-15 1.546667e+02
    endloop
  endfacet
  facet normal 0.000000e+00 -1.000000e+00 6.983661e-16
    outer loop
      vertex   7.000000e+00 -1.942890e-15 1.546667e+02
      vertex   6.000000e+00 -9.159340e-15 1.443333e+02
      vertex   7.000000e+00 -9.159340e-15 1.443333e+02
    endloop
  endfacet
  facet normal -0.000000e+00 -6.037850e-02 -9.981756e-01
    outer loop
      vertex   7.000000e+00 -2.000000e+00 1.566667e+02
      vertex   6.000000e+00 -2.000000e+00 1.566667e+02
      vertex   7.000000e+00 -1.758927e+00 1.566521e+02
    endloop
  endfacet
  facet normal 4.022016e-17 -6.037850e-02 -9.981756e-01
    outer loop
      vertex   7.000000e+00 -1.758927e+00 1.566521e+02
      vertex   6.000000e+00 -2.000000e+00 1.566667e+02
      vertex   6.000000e+00 -1.758927e+00 1.566521e+02
    endloop
  endfacet
  facet normal 1.200740e-16 -1.802550e-01 -9.836199e-01
    outer loop
      vertex   7.000000e+00 -1.758927e+00 1.566521e+02
      vertex   6.000000e+00 -1.758927e+00 1.566521e+02
      vertex   7.000000e+00 -1.521369e+00 1.566086e+02
    endloop
  endfacet
  facet normal -0.000000e+00 -1.802550e-01 -9.836199e-01
    outer loop
      vertex   7.000000e+00 -1.521369e+00 1.566086e+02
      vertex   6.000000e+00 -1.758927e+00 1.566521e+02
      vertex   6.000000e+00 -1.521369e+00 1.566086e+02
    endloop
  endfacet
  facet normal -0.000000e+00 -2.975031e-01 -9.547209e-01
    outer loop
      vertex   7.000000e+00 -1.521369e+00 1.566086e+02
      vertex   6.000000e+00 -1.521369e+00 1.566086e+02
      vertex   7.000000e+00 -1.290790e+00 1.565367e+02
    endloop
  endfacet
  facet normal 6.605895e-17 -2.975031e-01 -9.547209e-01
    outer loop
      vertex   7.000000e+00 -1.290790e+00 1.565367e+02
      vertex   6.000000e+00 -1.521369e+00 1.566086e+02
      vertex   6.000000e+00 -1.290790e+00 1.565367e+02
    endloop
  endfacet
  facet normal 9.112995e-17 -4.104128e-01 -9.118998e-01
    outer loop
      vertex   7.000000e+00 -1.290790e+00 1.565367e+02
      vertex   6.000000e+00 -1.290790e+00 1.565367e+02
      vertex   7.000000e+00 -1.070554e+00 1.564376e+02
    endloop
  endfacet
  facet normal -0.000000e+00 -4.104128e-01 -9.118998e-01
    outer loop
      vertex   7.000000e+00 -1.070554e+00 1.564376e+02
      vertex   6.000000e+00 -1.290790e+00 1.565367e+02
      vertex   6.000000e+00 -1.070554e+00 1.564376e+02
    endloop
  endfacet
  facet normal -0.000000e+00 -5.173378e-01 -8.557813e-01
    outer loop
      vertex   7.000000e+00 -1.070554e+00 1.564376e+02
      vertex   6.000000e+00 -1.070554e+00 1.564376e+02
      vertex   7.000000e+00 -8.638705e-01 1.563126e+02
    endloop
  endfacet
  facet normal 1.148721e-16 -5.173378e-01 -8.557813e-01
    outer loop
      vertex   7.000000e+00 -8.638705e-01 1.563126e+02
      vertex   6.000000e+00 -1.070554e+00 1.564376e+02
      vertex   6.000000e+00 -8.638705e-01 1.563126e+02
    endloop
  endfacet
  facet normal 1.369391e-16 -6.167189e-01 -7.871835e-01
    outer loop
      vertex   7.000000e+00 -8.638705e-01 1.563126e+02
      vertex   6.000000e+00 -8.638705e-01 1.563126e+02
      vertex   7.000000e+00 -6.737547e-01 1.561637e+02
    endloop
  endfacet
  facet normal 1.369391e-16 -6.167189e-01 -7.871835e-01
    outer loop
      vertex   7.000000e+00 -6.737547e-01 1.561637e+02
      vertex   6.000000e+00 -8.638705e-01 1.563126e+02
      vertex   6.000000e+00 -6.737547e-01 1.561637e+02
    endloop
  endfacet
  facet normal 1.570092e-16 -7.071068e-01 -7.071068e-01
    outer loop
      vertex   7.000000e+00 -6.737547e-01 1.561637e+02
      vertex   6.000000e+00 -6.737547e-01 1.561637e+02
      vertex   7.000000e+00 -5.029785e-01 1.559929e+02
    endloop
  endfacet
  facet normal -0.000000e+00 -7.071068e-01 -7.071068e-01
    outer loop
      vertex   7.000000e+00 -5.029785e-01 1.559929e+02
      vertex   6.000000e+00 -6.737547e-01 1.561637e+02
      vertex   6.000000e+00 -5.029785e-01 1.559929e+02
    endloop
  endfacet
  facet normal -0.000000e+00 -7.871835e-01 -6.167189e-01
    outer loop
      vertex   7.000000e+00 -5.029785e-01 1.559929e+02
      vertex   6.000000e+00 -5.029785e-01 1.559929e+02
      vertex   7.000000e+00 -3.540323e-01 1.558028e+02
    endloop
  endfacet
  facet normal -0.000000e+00 -7.871835e-01 -6.167189e-01
    outer loop
      vertex   7.000000e+00 -3.540323e-01 1.558028e+02
      vertex   6.000000e+00 -5.029785e-01 1.559929e+02
      vertex   6.000000e+00 -3.540323e-01 1.558028e+02
    endloop
  endfacet
  facet normal -0.000000e+00 -8.557813e-01 -5.173378e-01
    outer loop
      vertex   7.000000e+00 -3.540323e-01 1.558028e+02
      vertex   6.000000e+00 -3.540323e-01 1.558028e+02
      vertex   7.000000e+00 -2.290879e-01 1.555961e+02
    endloop
  endfacet
  facet normal -0.000000e+00 -8.557813e-01 -5.173378e-01
    outer loop
      vertex   7.000000e+00 -2.290879e-01 1.555961e+02
      vertex   6.000000e+00 -3.540323e-01 1.558028e+02
      vertex   6.000000e+00 -2.290879e-01 1.555961e+02
    endloop
  endfacet
  facet normal -0.000000e+00 -9.118998e-01 -4.104128e-01
    outer loop
      vertex   7.000000e+00 -2.290879e-01 1.555961e+02
      vertex   6.000000e+00 -2.290879e-01 1.555961e+02
      vertex   7.000000e+00 -1.299675e-01 1.553759e+02
    endloop
  endfacet
  facet normal -0.000000e+00 -9.118998e-01 -4.104128e-01
    outer loop
      vertex   7.000000e+00 -1.299675e-01 1.553759e+02
      vertex   6.000000e+00 -2.290879e-01 1.555961e+02
      vertex   6.000000e+00 -1.299675e-01 1.553759e+02
    endloop
  endfacet
  facet normal -0.000000e+00 -9.547209e-01 -2.975031e-01
    outer loop
      vertex   7.000000e+00 -1.299675e-01 1.553759e+02
      vertex   6.000000e+00 -1.299675e-01 1.553759e+02
      vertex   7.000000e+00 -5.811637e-02 1.551453e+02
    endloop
  endfacet
  facet normal -0.000000e+00 -9.547209e-01 -2.975031e-01
    outer loop
      vertex   7.000000e+00 -5.811637e-02 1.551453e+02
      vertex   6.000000e+00 -1.299675e-01 1.553759e+02
      vertex   6.000000e+00 -5.811637e-02 1.551453e+02
    endloop
  endfacet
  facet normal -0.000000e+00 -9.836199e-01 -1.802550e-01
    outer loop
      vertex   7.000000e+00 -5.811637e-02 1.551453e+02
      vertex   6.000000e+00 -5.811637e-02 1.551453e+02
      vertex   7.000000e+00 -1.458225e-02 1.549077e+02
    endloop
  endfacet
  facet normal -0.000000e+00 -9.836199e-01 -1.802550e-01
    outer loop
      vertex   7.000000e+00 -1.458225e-02 1.549077e+02
      vertex   6.000000e+00 -5.811637e-02 1.551453e+02
      vertex   6.000000e+00 -1.458225e-02 1.549077e+02
    endloop
  endfacet
  facet normal -0.000000e+00 -9.981756e-01 -6.037850e-02
    outer loop
      vertex   7.000000e+00 -1.458225e-02 1.549077e+02
      vertex   6.000000e+00 -1.458225e-02 1.549077e+02
      vertex   7.000000e+00 -1.942890e-15 1.546667e+02
    endloop
  endfacet
  facet normal -0.000000e+00 -9.981756e-01 -6.037850e-02
    outer loop
      vertex   7.000000e+00 -1.942890e-15 1.546667e+02
      vertex   6.000000e+00 -1.458225e-02 1.549077e+02
      vertex   6.000000e+00 -1.942890e-15 1.546667e+02
    endloop
  endfacet
  facet normal 0.000000e+00 0.000000e+00 -1.000000e+00
    outer loop
      vertex   6.000000e+00 -5.000000e+00 1.566667e+02
      vertex   6.000000e+00 -2.000000e+00 1.566667e+02
      vertex   7.000000e+00 -5.000000e+00 1.566667e+02
    endloop
  endfacet
  facet normal 0.000000e+00 0.000000e+00 -1.000000e+00
    outer loop
      vertex   7.000000e+00 -5.000000e+00 1.566667e+02
      vertex   6.000000e+00 -2.000000e+00 1.566667e+02
      vertex   7.000000e+00 -2.000000e+00 1.566667e+02
    endloop
  endfacet
  facet normal 0.000000e+00 -1.000000e+00 0.000000e+00
    outer loop
      vertex   6.000000e+00 -5.000000e+00 1.606667e+02
      vertex   6.000000e+00 -5.000000e+00 1.566667e+02
      vertex   7.000000e+00 -5.000000e+00 1.606667e+02
    endloop
  endfacet
  facet normal 0.000000e+00 -1.000000e+00 -0.000000e+00
    outer loop
      vertex   7.000000e+00 -5.000000e+00 1.606667e+02
      vertex   6.000000e+00 -5.000000e+00 1.566667e+02
      vertex   7.000000e+00 -5.000000e+00 1.566667e+02
    endloop
  endfacet
  facet normal -0.000000e+00 0.000000e+00 1.000000e+00
    outer loop
      vertex   6.000000e+00 -2.000000e+00 1.606667e+02
      vertex   6.000000e+00 -5.000000e+00 1.606667e+02
      vertex   7.000000e+00 -2.000000e+00 1.606667e+02
    endloop
  endfacet
  facet normal 0.000000e+00 0.000000e+00 1.000000e+00
    outer loop
      vertex   7.000000e+00 -2.000000e+00 1.606667e+02
      vertex   6.000000e+00 -5.000000e+00 1.606667e+02
      vertex   7.000000e+00 -5.000000e+00 1.606667e+02
    endloop
  endfacet
  facet normal 0.000000e+00 -9.981756e-01 6.037850e-02
    outer loop
      vertex   7.000000e+00 -1.054712e-14 1.626667e+02
      vertex   6.000000e+00 -1.054712e-14 1.626667e+02
      vertex   7.000000e+00 -1.458225e-02 1.624256e+02
    endloop
  endfacet
  facet normal 0.000000e+00 -9.981756e-01 6.037850e-02
    outer loop
      vertex   7.000000e+00 -1.458225e-02 1.624256e+02
      vertex   6.000000e+00 -1.054712e-14 1.626667e+02
      vertex   6.000000e+00 -1.458225e-02 1.624256e+02
    endloop
  endfacet
  facet normal 0.000000e+00 -9.836199e-01 1.802550e-01
    outer loop
      vertex   7.000000e+00 -1.458225e-02 1.624256e+02
      vertex   6.000000e+00 -1.458225e-02 1.624256e+02
      vertex   7.000000e+00 -5.811637e-02 1.621880e+02
    endloop
  endfacet
  facet normal 0.000000e+00 -9.836199e-01 1.802550e-01
    outer loop
      vertex   7.000000e+00 -5.811637e-02 1.621880e+02
      vertex   6.000000e+00 -1.458225e-02 1.624256e+02
      vertex   6.000000e+00 -5.811637e-02 1.621880e+02
    endloop
  endfacet
  facet normal 0.000000e+00 -9.547209e-01 2.975031e-01
    outer loop
      vertex   7.000000e+00 -5.811637e-02 1.621880e+02
      vertex   6.000000e+00 -5.811637e-02 1.621880e+02
      vertex   7.000000e+00 -1.299675e-01 1.619575e+02
    endloop
  endfacet
  facet normal 2.649883e-16 -9.547209e-01 2.975031e-01
    outer loop
      vertex   7.000000e+00 -1.299675e-01 1.619575e+02
      vertex   6.000000e+00 -5.811637e-02 1.621880e+02
      vertex   6.000000e+00 -1.299675e-01 1.619575e+02
    endloop
  endfacet
  facet normal 2.531031e-16 -9.118998e-01 4.104128e-01
    outer loop
      vertex   7.000000e+00 -1.299675e-01 1.619575e+02
      vertex   6.000000e+00 -1.299675e-01 1.619575e+02
      vertex   7.000000e+00 -2.290879e-01 1.617372e+02
    endloop
  endfacet
  facet normal 0.000000e+00 -9.118998e-01 4.104128e-01
    outer loop
      vertex   7.000000e+00 -2.290879e-01 1.617372e+02
      vertex   6.000000e+00 -1.299675e-01 1.619575e+02
      vertex   6.000000e+00 -2.290879e-01 1.617372e+02
    endloop
  endfacet
  facet normal 0.000000e+00 -8.557813e-01 5.173378e-01
    outer loop
      vertex   7.000000e+00 -2.290879e-01 1.617372e+02
      vertex   6.000000e+00 -2.290879e-01 1.617372e+02
      vertex   7.000000e+00 -3.540323e-01 1.615305e+02
    endloop
  endfacet
  facet normal 0.000000e+00 -8.557813e-01 5.173378e-01
    outer loop
      vertex   7.000000e+00 -3.540323e-01 1.615305e+02
      vertex   6.000000e+00 -2.290879e-01 1.617372e+02
      vertex   6.000000e+00 -3.540323e-01 1.615305e+02
    endloop
  endfacet
  facet normal 0.000000e+00 -7.871835e-01 6.167189e-01
    outer loop
      vertex   7.000000e+00 -3.540323e-01 1.615305e+02
      vertex   6.000000e+00 -3.540323e-01 1.615305e+02
      vertex   7.000000e+00 -5.029785e-01 1.613404e+02
    endloop
  endfacet
  facet normal 0.000000e+00 -7.871835e-01 6.167189e-01
    outer loop
      vertex   7.000000e+00 -5.029785e-01 1.613404e+02
      vertex   6.000000e+00 -3.540323e-01 1.615305e+02
      vertex   6.000000e+00 -5.029785e-01 1.613404e+02
    endloop
  endfacet
  facet normal 0.000000e+00 -7.071068e-01 7.071068e-01
    outer loop
      vertex   7.000000e+00 -5.029785e-01 1.613404e+02
      vertex   6.000000e+00 -5.029785e-01 1.613404e+02
      vertex   7.000000e+00 -6.737547e-01 1.611696e+02
    endloop
  endfacet
  facet normal 2.355139e-16 -7.071068e-01 7.071068e-01
    outer loop
      vertex   7.000000e+00 -6.737547e-01 1.611696e+02
      vertex   6.000000e+00 -5.029785e-01 1.613404e+02
      vertex   6.000000e+00 -6.737547e-01 1.611696e+02
    endloop
  endfacet
  facet normal 2.054086e-16 -6.167189e-01 7.871835e-01
    outer loop
      vertex   7.000000e+00 -6.737547e-01 1.611696e+02
      vertex   6.000000e+00 -6.737547e-01 1.611696e+02
      vertex   7.000000e+00 -8.638705e-01 1.610207e+02
    endloop
  endfacet
  facet normal 6.846955e-17 -6.167189e-01 7.871835e-01
    outer loop
      vertex   7.000000e+00 -8.638705e-01 1.610207e+02
      vertex   6.000000e+00 -6.737547e-01 1.611696e+02
      vertex   6.000000e+00 -8.638705e-01 1.610207e+02
    endloop
  endfacet
  facet normal 5.743604e-17 -5.173378e-01 8.557813e-01
    outer loop
      vertex   7.000000e+00 -8.638705e-01 1.610207e+02
      vertex   6.000000e+00 -8.638705e-01 1.610207e+02
      vertex   7.000000e+00 -1.070554e+00 1.608958e+02
    endloop
  endfacet
  facet normal 0.000000e+00 -5.173378e-01 8.557813e-01
    outer loop
      vertex   7.000000e+00 -1.070554e+00 1.608958e+02
      vertex   6.000000e+00 -8.638705e-01 1.610207e+02
      vertex   6.000000e+00 -1.070554e+00 1.608958e+02
    endloop
  endfacet
  facet normal 0.000000e+00 -4.104128e-01 9.118998e-01
    outer loop
      vertex   7.000000e+00 -1.070554e+00 1.608958e+02
      vertex   6.000000e+00 -1.070554e+00 1.608958e+02
      vertex   7.000000e+00 -1.290790e+00 1.607966e+02
    endloop
  endfacet
  facet normal 9.112995e-17 -4.104128e-01 9.118998e-01
    outer loop
      vertex   7.000000e+00 -1.290790e+00 1.607966e+02
      vertex   6.000000e+00 -1.070554e+00 1.608958e+02
      vertex   6.000000e+00 -1.290790e+00 1.607966e+02
    endloop
  endfacet
  facet normal 6.605895e-17 -2.975031e-01 9.547209e-01
    outer loop
      vertex   7.000000e+00 -1.290790e+00 1.607966e+02
      vertex   6.000000e+00 -1.290790e+00 1.607966e+02
      vertex   7.000000e+00 -1.521369e+00 1.607248e+02
    endloop
  endfacet
  facet normal 0.000000e+00 -2.975031e-01 9.547209e-01
    outer loop
      vertex   7.000000e+00 -1.521369e+00 1.607248e+02
      vertex   6.000000e+00 -1.290790e+00 1.607966e+02
      vertex   6.000000e+00 -1.521369e+00 1.607248e+02
    endloop
  endfacet
  facet normal 0.000000e+00 -1.802550e-01 9.836199e-01
    outer loop
      vertex   7.000000e+00 -1.521369e+00 1.607248e+02
      vertex   6.000000e+00 -1.521369e+00 1.607248e+02
      vertex   7.000000e+00 -1.758927e+00 1.606812e+02
    endloop
  endfacet
  facet normal 4.002466e-17 -1.802550e-01 9.836199e-01
    outer loop
      vertex   7.000000e+00 -1.758927e+00 1.606812e+02
      vertex   6.000000e+00 -1.521369e+00 1.607248e+02
      vertex   6.000000e+00 -1.758927e+00 1.606812e+02
    endloop
  endfacet
  facet normal 1.340672e-17 -6.037850e-02 9.981756e-01
    outer loop
      vertex   7.000000e+00 -1.758927e+00 1.606812e+02
      vertex   6.000000e+00 -1.758927e+00 1.606812e+02
      vertex   7.000000e+00 -2.000000e+00 1.606667e+02
    endloop
  endfacet
  facet normal 0.000000e+00 -6.037850e-02 9.981756e-01
    outer loop
      vertex   7.000000e+00 -2.000000e+00 1.606667e+02
      vertex   6.000000e+00 -1.758927e+00 1.606812e+02
      vertex   6.000000e+00 -2.000000e+00 1.606667e+02
    endloop
  endfacet
  facet normal 0.000000e+00 -1.000000e+00 6.983661e-16
    outer loop
      vertex   6.000000e+00 -3.330669e-15 1.730000e+02
      vertex   6.000000e+00 -1.054712e-14 1.626667e+02
      vertex   7.000000e+00 -3.330669e-15 1.730000e+02
    endloop
  endfacet
  facet normal 0.000000e+00 -1.000000e+00 6.983661e-16
    outer loop
      vertex   7.000000e+00 -3.330669e-15 1.730000e+02
      vertex   6.000000e+00 -1.054712e-14 1.626667e+02
      vertex   7.000000e+00 -1.054712e-14 1.626667e+02
    endloop
  endfacet
  facet normal -0.000000e+00 -6.037850e-02 -9.981756e-01
    outer loop
      vertex   7.000000e+00 -2.000000e+00 1.750000e+02
      vertex   6.000000e+00 -2.000000e+00 1.750000e+02
      vertex   7.000000e+00 -1.758927e+00 1.749854e+02
    endloop
  endfacet
  facet normal -1.340672e-17 -6.037850e-02 -9.981756e-01
    outer loop
      vertex   7.000000e+00 -1.758927e+00 1.749854e+02
      vertex   6.000000e+00 -2.000000e+00 1.750000e+02
      vertex   6.000000e+00 -1.758927e+00 1.749854e+02
    endloop
  endfacet
  facet normal -4.002466e-17 -1.802550e-01 -9.836199e-01
    outer loop
      vertex   7.000000e+00 -1.758927e+00 1.749854e+02
      vertex   6.000000e+00 -1.758927e+00 1.749854e+02
      vertex   7.000000e+00 -1.521369e+00 1.749419e+02
    endloop
  endfacet
  facet normal -0.000000e+00 -1.802550e-01 -9.836199e-01
    outer loop
      vertex   7.000000e+00 -1.521369e+00 1.749419e+02
      vertex   6.000000e+00 -1.758927e+00 1.749854e+02
      vertex   6.000000e+00 -1.521369e+00 1.749419e+02
    endloop
  endfacet
  facet normal -0.000000e+00 -2.975031e-01 -9.547209e-01
    outer loop
      vertex   7.000000e+00 -1.521369e+00 1.749419e+02
      vertex   6.000000e+00 -1.521369e+00 1.749419e+02
      vertex   7.000000e+00 -1.290790e+00 1.748700e+02
    endloop
  endfacet
  facet normal -1.981768e-16 -2.975031e-01 -9.547209e-01
    outer loop
      vertex   7.000000e+00 -1.290790e+00 1.748700e+02
      vertex   6.000000e+00 -1.521369e+00 1.749419e+02
      vertex   6.000000e+00 -1.290790e+00 1.748700e+02
    endloop
  endfacet
  facet normal -2.733898e-16 -4.104128e-01 -9.118998e-01
    outer loop
      vertex   7.000000e+00 -1.290790e+00 1.748700e+02
      vertex   6.000000e+00 -1.290790e+00 1.748700e+02
      vertex   7.000000e+00 -1.070554e+00 1.747709e+02
    endloop
  endfacet
  facet normal -0.000000e+00 -4.104128e-01 -9.118998e-01
    outer loop
      vertex   7.000000e+00 -1.070554e+00 1.747709e+02
      vertex   6.000000e+00 -1.290790e+00 1.748700e+02
      vertex   6.000000e+00 -1.070554e+00 1.747709e+02
    endloop
  endfacet
  facet normal -0.000000e+00 -5.173378e-01 -8.557813e-01
    outer loop
      vertex   7.000000e+00 -1.070554e+00 1.747709e+02
      vertex   6.000000e+00 -1.070554e+00 1.747709e+02
      vertex   7.000000e+00 -8.638705e-01 1.746460e+02
    endloop
  endfacet
  facet normal -5.743604e-17 -5.173378e-01 -8.557813e-01
    outer loop
      vertex   7.000000e+00 -8.638705e-01 1.746460e+02
      vertex   6.000000e+00 -1.070554e+00 1.747709e+02
      vertex   6.000000e+00 -8.638705e-01 1.746460e+02
    endloop
  endfacet
  facet normal -6.846955e-17 -6.167189e-01 -7.871835e-01
    outer loop
      vertex   7.000000e+00 -8.638705e-01 1.746460e+02
      vertex   6.000000e+00 -8.638705e-01 1.746460e+02
      vertex   7.000000e+00 -6.737547e-01 1.744970e+02
    endloop
  endfacet
  facet normal -1.369391e-16 -6.167189e-01 -7.871835e-01
    outer loop
      vertex   7.000000e+00 -6.737547e-01 1.744970e+02
      vertex   6.000000e+00 -8.638705e-01 1.746460e+02
      vertex   6.000000e+00 -6.737547e-01 1.744970e+02
    endloop
  endfacet
  facet normal -1.570092e-16 -7.071068e-01 -7.071068e-01
    outer loop
      vertex   7.000000e+00 -6.737547e-01 1.744970e+02
      vertex   6.000000e+00 -6.737547e-01 1.744970e+02
      vertex   7.000000e+00 -5.029785e-01 1.743262e+02
    endloop
  endfacet
  facet normal -2.355139e-16 -7.071068e-01 -7.071068e-01
    outer loop
      vertex   7.000000e+00 -5.029785e-01 1.743262e+02
      vertex   6.000000e+00 -6.737547e-01 1.744970e+02
      vertex   6.000000e+00 -5.029785e-01 1.743262e+02
    endloop
  endfacet
  facet normal -2.621848e-16 -7.871835e-01 -6.167189e-01
    outer loop
      vertex   7.000000e+00 -5.029785e-01 1.743262e+02
      vertex   6.000000e+00 -5.029785e-01 1.743262e+02
      vertex   7.000000e+00 -3.540323e-01 1.741361e+02
    endloop
  endfacet
  facet normal -2.184873e-16 -7.871835e-01 -6.167189e-01
    outer loop
      vertex   7.000000e+00 -3.540323e-01 1.741361e+02
      vertex   6.000000e+00 -5.029785e-01 1.743262e+02
      vertex   6.000000e+00 -3.540323e-01 1.741361e+02
    endloop
  endfacet
  facet normal -2.375270e-16 -8.557813e-01 -5.173378e-01
    outer loop
      vertex   7.000000e+00 -3.540323e-01 1.741361e+02
      vertex   6.000000e+00 -3.540323e-01 1.741361e+02
      vertex   7.000000e+00 -2.290879e-01 1.739294e+02
    endloop
  endfacet
  facet normal -0.000000e+00 -8.557813e-01 -5.173378e-01
    outer loop
      vertex   7.000000e+00 -2.290879e-01 1.739294e+02
      vertex   6.000000e+00 -3.540323e-01 1.741361e+02
      vertex   6.000000e+00 -2.290879e-01 1.739294e+02
    endloop
  endfacet
  facet normal -0.000000e+00 -9.118998e-01 -4.104128e-01
    outer loop
      vertex   7.000000e+00 -2.290879e-01 1.739294e+02
      vertex   6.000000e+00 -2.290879e-01 1.739294e+02
      vertex   7.000000e+00 -1.299675e-01 1.737092e+02
    endloop
  endfacet
  facet normal -0.000000e+00 -9.118998e-01 -4.104128e-01
    outer loop
      vertex   7.000000e+00 -1.299675e-01 1.737092e+02
      vertex   6.000000e+00 -2.290879e-01 1.739294e+02
      vertex   6.000000e+00 -1.299675e-01 1.737092e+02
    endloop
  endfacet
  facet normal -0.000000e+00 -9.547209e-01 -2.975031e-01
    outer loop
      vertex   7.000000e+00 -1.299675e-01 1.737092e+02
      vertex   6.000000e+00 -1.299675e-01 1.737092e+02
      vertex   7.000000e+00 -5.811637e-02 1.734786e+02
    endloop
  endfacet
  facet normal -0.000000e+00 -9.547209e-01 -2.975031e-01
    outer loop
      vertex   7.000000e+00 -5.811637e-02 1.734786e+02
      vertex   6.000000e+00 -1.299675e-01 1.737092e+02
      vertex   6.000000e+00 -5.811637e-02 1.734786e+02
    endloop
  endfacet
  facet normal -0.000000e+00 -9.836199e-01 -1.802550e-01
    outer loop
      vertex   7.000000e+00 -5.811637e-02 1.734786e+02
      vertex   6.000000e+00 -5.811637e-02 1.734786e+02
      vertex   7.000000e+00 -1.458225e-02 1.732411e+02
    endloop
  endfacet
  facet normal -0.000000e+00 -9.836199e-01 -1.802550e-01
    outer loop
      vertex   7.000000e+00 -1.458225e-02 1.732411e+02
      vertex   6.000000e+00 -5.811637e-02 1.734786e+02
      vertex   6.000000e+00 -1.458225e-02 1.732411e+02
    endloop
  endfacet
  facet normal -0.000000e+00 -9.981756e-01 -6.037850e-02
    outer loop
      vertex   7.000000e+00 -1.458225e-02 1.732411e+02
      vertex   6.000000e+00 -1.458225e-02 1.732411e+02
      vertex   7.000000e+00 -3.330669e-15 1.730000e+02
    endloop
  endfacet
  facet normal -0.000000e+00 -9.981756e-01 -6.037850e-02
    outer loop
      vertex   7.000000e+00 -3.330669e-15 1.730000e+02
      vertex   6.000000e+00 -1.458225e-02 1.732411e+02
      vertex   6.000000e+00 -3.330669e-15 1.730000e+02
    endloop
  endfacet
  facet normal 0.000000e+00 0.000000e+00 -1.000000e+00
    outer loop
      vertex   6.000000e+00 -5.000000e+00 1.750000e+02
      vertex   6.000000e+00 -2.000000e+00 1.750000e+02
      vertex   7.000000e+00 -5.000000e+00 1.750000e+02
    endloop
  endfacet
  facet normal 0.000000e+00 0.000000e+00 -1.000000e+00
    outer loop
      vertex   7.000000e+00 -5.000000e+00 1.750000e+02
      vertex   6.000000e+00 -2.000000e+00 1.750000e+02
      vertex   7.000000e+00 -2.000000e+00 1.750000e+02
    endloop
  endfacet
  facet normal 0.000000e+00 -1.000000e+00 0.000000e+00
    outer loop
      vertex   6.000000e+00 -5.000000e+00 1.790000e+02
      vertex   6.000000e+00 -5.000000e+00 1.750000e+02
      vertex   7.000000e+00 -5.000000e+00 1.790000e+02
    endloop
  endfacet
  facet normal 0.000000e+00 -1.000000e+00 -0.000000e+00
    outer loop
      vertex   7.000000e+00 -5.000000e+00 1.790000e+02
      vertex   6.000000e+00 -5.000000e+00 1.750000e+02
      vertex   7.000000e+00 -5.000000e+00 1.750000e+02
    endloop
  endfacet
  facet normal -0.000000e+00 0.000000e+00 1.000000e+00
    outer loop
      vertex   6.000000e+00 -2.000000e+00 1.790000e+02
      vertex   6.000000e+00 -5.000000e+00 1.790000e+02
      vertex   7.000000e+00 -2.000000e+00 1.790000e+02
    endloop
  endfacet
  facet normal 0.000000e+00 0.000000e+00 1.000000e+00
    outer loop
      vertex   7.000000e+00 -2.000000e+00 1.790000e+02
      vertex   6.000000e+00 -5.000000e+00 1.790000e+02
      vertex   7.000000e+00 -5.000000e+00 1.790000e+02
    endloop
  endfacet
  facet normal 0.000000e+00 -9.981756e-01 6.037850e-02
    outer loop
      vertex   7.000000e+00 -1.026956e-14 1.810000e+02
      vertex   6.000000e+00 -1.026956e-14 1.810000e+02
      vertex   7.000000e+00 -1.458225e-02 1.807589e+02
    endloop
  endfacet
  facet normal 0.000000e+00 -9.981756e-01 6.037850e-02
    outer loop
      vertex   7.000000e+00 -1.458225e-02 1.807589e+02
      vertex   6.000000e+00 -1.026956e-14 1.810000e+02
      vertex   6.000000e+00 -1.458225e-02 1.807589e+02
    endloop
  endfacet
  facet normal 0.000000e+00 -9.836199e-01 1.802550e-01
    outer loop
      vertex   7.000000e+00 -1.458225e-02 1.807589e+02
      vertex   6.000000e+00 -1.458225e-02 1.807589e+02
      vertex   7.000000e+00 -5.811637e-02 1.805214e+02
    endloop
  endfacet
  facet normal 0.000000e+00 -9.836199e-01 1.802550e-01
    outer loop
      vertex   7.000000e+00 -5.811637e-02 1.805214e+02
      vertex   6.000000e+00 -1.458225e-02 1.807589e+02
      vertex   6.000000e+00 -5.811637e-02 1.805214e+02
    endloop
  endfacet
  facet normal 0.000000e+00 -9.547209e-01 2.975031e-01
    outer loop
      vertex   7.000000e+00 -5.811637e-02 1.805214e+02
      vertex   6.000000e+00 -5.811637e-02 1.805214e+02
      vertex   7.000000e+00 -1.299675e-01 1.802908e+02
    endloop
  endfacet
  facet normal 2.649883e-16 -9.547209e-01 2.975031e-01
    outer loop
      vertex   7.000000e+00 -1.299675e-01 1.802908e+02
      vertex   6.000000e+00 -5.811637e-02 1.805214e+02
      vertex   6.000000e+00 -1.299675e-01 1.802908e+02
    endloop
  endfacet
  facet normal 2.531031e-16 -9.118998e-01 4.104128e-01
    outer loop
      vertex   7.000000e+00 -1.299675e-01 1.802908e+02
      vertex   6.000000e+00 -1.299675e-01 1.802908e+02
      vertex   7.000000e+00 -2.290879e-01 1.800706e+02
    endloop
  endfacet
  facet normal 0.000000e+00 -9.118998e-01 4.104128e-01
    outer loop
      vertex   7.000000e+00 -2.290879e-01 1.800706e+02
      vertex   6.000000e+00 -1.299675e-01 1.802908e+02
      vertex   6.000000e+00 -2.290879e-01 1.800706e+02
    endloop
  endfacet
  facet normal 0.000000e+00 -8.557813e-01 5.173378e-01
    outer loop
      vertex   7.000000e+00 -2.290879e-01 1.800706e+02
      vertex   6.000000e+00 -2.290879e-01 1.800706e+02
      vertex   7.000000e+00 -3.540323e-01 1.798639e+02
    endloop
  endfacet
  facet normal 0.000000e+00 -8.557813e-01 5.173378e-01
    outer loop
      vertex   7.000000e+00 -3.540323e-01 1.798639e+02
      vertex   6.000000e+00 -2.290879e-01 1.800706e+02
      vertex   6.000000e+00 -3.540323e-01 1.798639e+02
    endloop
  endfacet
  facet normal 0.000000e+00 -7.871835e-01 6.167189e-01
    outer loop
      vertex   7.000000e+00 -3.540323e-01 1.798639e+02
      vertex   6.000000e+00 -3.540323e-01 1.798639e+02
      vertex   7.000000e+00 -5.029785e-01 1.796738e+02
    endloop
  endfacet
  facet normal 0.000000e+00 -7.871835e-01 6.167189e-01
    outer loop
      vertex   7.000000e+00 -5.029785e-01 1.796738e+02
      vertex   6.000000e+00 -3.540323e-01 1.798639e+02
      vertex   6.000000e+00 -5.029785e-01 1.796738e+02
    endloop
  endfacet
  facet normal 0.000000e+00 -7.071068e-01 7.071068e-01
    outer loop
      vertex   7.000000e+00 -5.029785e-01 1.796738e+02
      vertex   6.000000e+00 -5.029785e-01 1.796738e+02
      vertex   7.000000e+00 -6.737547e-01 1.795030e+02
    endloop
  endfacet
  facet normal 1.570092e-16 -7.071068e-01 7.071068e-01
    outer loop
      vertex   7.000000e+00 -6.737547e-01 1.795030e+02
      vertex   6.000000e+00 -5.029785e-01 1.796738e+02
      vertex   6.000000e+00 -6.737547e-01 1.795030e+02
    endloop
  endfacet
  facet normal 1.369391e-16 -6.167189e-01 7.871835e-01
    outer loop
      vertex   7.000000e+00 -6.737547e-01 1.795030e+02
      vertex   6.000000e+00 -6.737547e-01 1.795030e+02
      vertex   7.000000e+00 -8.638705e-01 1.793540e+02
    endloop
  endfacet
  facet normal 1.369391e-16 -6.167189e-01 7.871835e-01
    outer loop
      vertex   7.000000e+00 -8.638705e-01 1.793540e+02
      vertex   6.000000e+00 -6.737547e-01 1.795030e+02
      vertex   6.000000e+00 -8.638705e-01 1.793540e+02
    endloop
  endfacet
  facet normal 1.148721e-16 -5.173378e-01 8.557813e-01
    outer loop
      vertex   7.000000e+00 -8.638705e-01 1.793540e+02
      vertex   6.000000e+00 -8.638705e-01 1.793540e+02
      vertex   7.000000e+00 -1.070554e+00 1.792291e+02
    endloop
  endfacet
  facet normal 0.000000e+00 -5.173378e-01 8.557813e-01
    outer loop
      vertex   7.000000e+00 -1.070554e+00 1.792291e+02
      vertex   6.000000e+00 -8.638705e-01 1.793540e+02
      vertex   6.000000e+00 -1.070554e+00 1.792291e+02
    endloop
  endfacet
  facet normal 0.000000e+00 -4.104128e-01 9.118998e-01
    outer loop
      vertex   7.000000e+00 -1.070554e+00 1.792291e+02
      vertex   6.000000e+00 -1.070554e+00 1.792291e+02
      vertex   7.000000e+00 -1.290790e+00 1.791300e+02
    endloop
  endfacet
  facet normal 9.112995e-17 -4.104128e-01 9.118998e-01
    outer loop
      vertex   7.000000e+00 -1.290790e+00 1.791300e+02
      vertex   6.000000e+00 -1.070554e+00 1.792291e+02
      vertex   6.000000e+00 -1.290790e+00 1.791300e+02
    endloop
  endfacet
  facet normal 6.605895e-17 -2.975031e-01 9.547209e-01
    outer loop
      vertex   7.000000e+00 -1.290790e+00 1.791300e+02
      vertex   6.000000e+00 -1.290790e+00 1.791300e+02
      vertex   7.000000e+00 -1.521369e+00 1.790581e+02
    endloop
  endfacet
  facet normal 0.000000e+00 -2.975031e-01 9.547209e-01
    outer loop
      vertex   7.000000e+00 -1.521369e+00 1.790581e+02
      vertex   6.000000e+00 -1.290790e+00 1.791300e+02
      vertex   6.000000e+00 -1.521369e+00 1.790581e+02
    endloop
  endfacet
  facet normal 0.000000e+00 -1.802550e-01 9.836199e-01
    outer loop
      vertex   7.000000e+00 -1.521369e+00 1.790581e+02
      vertex   6.000000e+00 -1.521369e+00 1.790581e+02
      vertex   7.000000e+00 -1.758927e+00 1.790146e+02
    endloop
  endfacet
  facet normal 4.002466e-17 -1.802550e-01 9.836199e-01
    outer loop
      vertex   7.000000e+00 -1.758927e+00 1.790146e+02
      vertex   6.000000e+00 -1.521369e+00 1.790581e+02
      vertex   6.000000e+00 -1.758927e+00 1.790146e+02
    endloop
  endfacet
  facet normal 1.340672e-17 -6.037850e-02 9.981756e-01
    outer loop
      vertex   7.000000e+00 -1.758927e+00 1.790146e+02
      vertex   6.000000e+00 -1.758927e+00 1.790146e+02
      vertex   7.000000e+00 -2.000000e+00 1.790000e+02
    endloop
  endfacet
  facet normal 0.000000e+00 -6.037850e-02 9.981756e-01
    outer loop
      vertex   7.000000e+00 -2.000000e+00 1.790000e+02
      vertex   6.000000e+00 -1.758927e+00 1.790146e+02
      vertex   6.000000e+00 -2.000000e+00 1.790000e+02
    endloop
  endfacet
  facet normal 0.000000e+00 -1.000000e+00 5.405033e-16
    outer loop
      vertex   6.000000e+00 0.000000e+00 2.000000e+02
      vertex   6.000000e+00 -1.026956e-14 1.810000e+02
      vertex   7.000000e+00 0.000000e+00 2.000000e+02
    endloop
  endfacet
  facet normal 0.000000e+00 -1.000000e+00 5.405033e-16
    outer loop
      vertex   7.000000e+00 0.000000e+00 2.000000e+02
      vertex   6.000000e+00 -1.026956e-14 1.810000e+02
      vertex   7.000000e+00 -1.026956e-14 1.810000e+02
    endloop
  endfacet
  facet normal -0.000000e+00 0.000000e+00 1.000000e+00
    outer loop
      vertex   6.000000e+00 1.000000e+01 2.000000e+02
      vertex   6.000000e+00 8.800000e+00 2.000000e+02
      vertex   7.000000e+00 1.000000e+01 2.000000e+02
    endloop
  endfacet
  facet normal 0.000000e+00 0.000000e+00 1.000000e+00
    outer loop
      vertex   7.000000e+00 1.000000e+01 2.000000e+02
      vertex   6.000000e+00 8.800000e+00 2.000000e+02
      vertex   6.000000e+00 7.800000e+00 2.000000e+02
    endloop
  endfacet
  facet normal 0.000000e+00 0.000000e+00 1.000000e+00
    outer loop
      vertex   7.000000e+00 1.000000e+01 2.000000e+02
      vertex   6.000000e+00 7.800000e+00 2.000000e+02
      vertex   7.000000e+00 0.000000e+00 2.000000e+02
    endloop
  endfacet
  facet normal 0.000000e+00 0.000000e+00 1.000000e+00
    outer loop
      vertex   7.000000e+00 0.000000e+00 2.000000e+02
      vertex   6.000000e+00 7.800000e+00 2.000000e+02
      vertex   6.000000e+00 2.200000e+00 2.000000e+02
    endloop
  endfacet
  facet normal 0.000000e+00 0.000000e+00 1.000000e+00
    outer loop
      vertex   7.000000e+00 0.000000e+00 2.000000e+02
      vertex   6.000000e+00 2.200000e+00 2.000000e+02
      vertex   6.000000e+00 1.200000e+00 2.000000e+02
    endloop
  endfacet
  facet normal 0.000000e+00 -0.000000e+00 1.000000e+00
    outer loop
      vertex   6.000000e+00 1.200000e+00 2.000000e+02
      vertex   6.000000e+00 2.200000e+00 2.000000e+02
      vertex   5.000000e+00 1.200000e+00 2.000000e+02
    endloop
  endfacet
  facet normal 0.000000e+00 0.000000e+00 1.000000e+00
    outer loop
      vertex   5.000000e+00 1.200000e+00 2.000000e+02
      vertex   6.000000e+00 2.200000e+00 2.000000e+02
      vertex   5.000000e+00 2.200000e+00 2.000000e+02
    endloop
  endfacet
  facet normal -0.000000e+00 0.000000e+00 1.000000e+00
    outer loop
      vertex   5.000000e+00 8.800000e+00 2.000000e+02
      vertex   5.000000e+00 7.800000e+00 2.000000e+02
      vertex   6.000000e+00 8.800000e+00 2.000000e+02
    endloop
  endfacet
  facet normal 0.000000e+00 0.000000e+00 1.000000e+00
    outer loop
      vertex   6.000000e+00 8.800000e+00 2.000000e+02
      vertex   5.000000e+00 7.800000e+00 2.000000e+02
      vertex   6.000000e+00 7.800000e+00 2.000000e+02
    endloop
  endfacet
  facet normal 0.000000e+00 0.000000e+00 1.000000e+00
    outer loop
      vertex   6.000000e+00 1.200000e+00 2.000000e+02
      vertex   6.000000e+00 0.000000e+00 2.000000e+02
      vertex   7.000000e+00 0.000000e+00 2.000000e+02
    endloop
  endfacet
  facet normal 0.000000e+00 1.000000e+00 -2.086164e-08
    outer loop
      vertex   6.000000e+00 1.000000e+01 1.950000e+02
      vertex   6.000000e+00 1.000000e+01 2.000000e+02
      vertex   7.000000e+00 1.000000e+01 1.950000e+02
    endloop
  endfacet
  facet normal 0.000000e+00 1.000000e+00 -2.086164e-08
    outer loop
      vertex   7.000000e+00 1.000000e+01 1.950000e+02
      vertex   6.000000e+00 1.000000e+01 2.000000e+02
      vertex   7.000000e+00 1.000000e+01 2.000000e+02
    endloop
  endfacet
  facet normal 0.000000e+00 1.000000e+00 0.000000e+00
    outer loop
      vertex   6.000000e+00 1.000000e+01 1.290000e+02
      vertex   6.000000e+00 1.000000e+01 1.950000e+02
      vertex   7.000000e+00 1.000000e+01 1.290000e+02
    endloop
  endfacet
  facet normal 0.000000e+00 1.000000e+00 -0.000000e+00
    outer loop
      vertex   7.000000e+00 1.000000e+01 1.290000e+02
      vertex   6.000000e+00 1.000000e+01 1.950000e+02
      vertex   7.000000e+00 1.000000e+01 1.950000e+02
    endloop
  endfacet
  facet normal 0.000000e+00 2.908472e-02 -9.995770e-01
    outer loop
      vertex   7.000000e+00 1.000000e+00 1.200000e+02
      vertex   6.000000e+00 1.000000e+00 1.200000e+02
      vertex   7.000000e+00 1.523303e+00 1.200152e+02
    endloop
  endfacet
  facet normal 0.000000e+00 2.908472e-02 -9.995770e-01
    outer loop
      vertex   7.000000e+00 1.523303e+00 1.200152e+02
      vertex   6.000000e+00 1.000000e+00 1.200000e+02
      vertex   6.000000e+00 1.523303e+00 1.200152e+02
    endloop
  endfacet
  facet normal 0.000000e+00 8.715574e-02 -9.961947e-01
    outer loop
      vertex   7.000000e+00 1.523303e+00 1.200152e+02
      vertex   6.000000e+00 1.523303e+00 1.200152e+02
      vertex   6.000000e+00 2.044836e+00 1.200609e+02
    endloop
  endfacet
  facet normal 0.000000e+00 8.715574e-02 -9.961947e-01
    outer loop
      vertex   7.000000e+00 1.523303e+00 1.200152e+02
      vertex   6.000000e+00 2.044836e+00 1.200609e+02
      vertex   7.000000e+00 2.044836e+00 1.200609e+02
    endloop
  endfacet
  facet normal 0.000000e+00 1.449319e-01 -9.894416e-01
    outer loop
      vertex   7.000000e+00 2.044836e+00 1.200609e+02
      vertex   6.000000e+00 2.044836e+00 1.200609e+02
      vertex   6.000000e+00 2.562834e+00 1.201367e+02
    endloop
  endfacet
  facet normal 0.000000e+00 1.449319e-01 -9.894416e-01
    outer loop
      vertex   7.000000e+00 2.044836e+00 1.200609e+02
      vertex   6.000000e+00 2.562834e+00 1.201367e+02
      vertex   7.000000e+00 2.562834e+00 1.201367e+02
    endloop
  endfacet
  facet normal 0.000000e+00 2.022176e-01 -9.793406e-01
    outer loop
      vertex   7.000000e+00 2.562834e+00 1.201367e+02
      vertex   6.000000e+00 2.562834e+00 1.201367e+02
      vertex   6.000000e+00 3.075543e+00 1.202426e+02
    endloop
  endfacet
  facet normal 0.000000e+00 2.022176e-01 -9.793406e-01
    outer loop
      vertex   7.000000e+00 2.562834e+00 1.201367e+02
      vertex   6.000000e+00 3.075543e+00 1.202426e+02
      vertex   7.000000e+00 3.075543e+00 1.202426e+02
    endloop
  endfacet
  facet normal 0.000000e+00 2.588190e-01 -9.659258e-01
    outer loop
      vertex   7.000000e+00 3.075543e+00 1.202426e+02
      vertex   6.000000e+00 3.075543e+00 1.202426e+02
      vertex   6.000000e+00 3.581229e+00 1.203781e+02
    endloop
  endfacet
  facet normal 0.000000e+00 2.588190e-01 -9.659258e-01
    outer loop
      vertex   7.000000e+00 3.075543e+00 1.202426e+02
      vertex   6.000000e+00 3.581229e+00 1.203781e+02
      vertex   7.000000e+00 3.581229e+00 1.203781e+02
    endloop
  endfacet
  facet normal 0.000000e+00 3.145448e-01 -9.492426e-01
    outer loop
      vertex   7.000000e+00 3.581229e+00 1.203781e+02
      vertex   6.000000e+00 3.581229e+00 1.203781e+02
      vertex   6.000000e+00 4.078181e+00 1.205428e+02
    endloop
  endfacet
  facet normal 0.000000e+00 3.145448e-01 -9.492426e-01
    outer loop
      vertex   7.000000e+00 3.581229e+00 1.203781e+02
      vertex   6.000000e+00 4.078181e+00 1.205428e+02
      vertex   7.000000e+00 4.078181e+00 1.205428e+02
    endloop
  endfacet
  facet normal 0.000000e+00 3.692061e-01 -9.293475e-01
    outer loop
      vertex   7.000000e+00 4.078181e+00 1.205428e+02
      vertex   6.000000e+00 4.078181e+00 1.205428e+02
      vertex   6.000000e+00 4.564718e+00 1.207361e+02
    endloop
  endfacet
  facet normal 0.000000e+00 3.692061e-01 -9.293475e-01
    outer loop
      vertex   7.000000e+00 4.078181e+00 1.205428e+02
      vertex   6.000000e+00 4.564718e+00 1.207361e+02
      vertex   7.000000e+00 4.564718e+00 1.207361e+02
    endloop
  endfacet
  facet normal 0.000000e+00 4.226183e-01 -9.063078e-01
    outer loop
      vertex   7.000000e+00 4.564718e+00 1.207361e+02
      vertex   6.000000e+00 4.564718e+00 1.207361e+02
      vertex   6.000000e+00 5.039193e+00 1.209573e+02
    endloop
  endfacet
  facet normal 0.000000e+00 4.226183e-01 -9.063078e-01
    outer loop
      vertex   7.000000e+00 4.564718e+00 1.207361e+02
      vertex   6.000000e+00 5.039193e+00 1.209573e+02
      vertex   7.000000e+00 5.039193e+00 1.209573e+02
    endloop
  endfacet
  facet normal 0.000000e+00 4.746004e-01 -8.802014e-01
    outer loop
      vertex   7.000000e+00 5.039193e+00 1.209573e+02
      vertex   6.000000e+00 5.039193e+00 1.209573e+02
      vertex   6.000000e+00 5.500000e+00 1.212058e+02
    endloop
  endfacet
  facet normal 0.000000e+00 4.746004e-01 -8.802014e-01
    outer loop
      vertex   7.000000e+00 5.039193e+00 1.209573e+02
      vertex   6.000000e+00 5.500000e+00 1.212058e+02
      vertex   7.000000e+00 5.500000e+00 1.212058e+02
    endloop
  endfacet
  facet normal 0.000000e+00 5.249766e-01 -8.511167e-01
    outer loop
      vertex   7.000000e+00 5.500000e+00 1.212058e+02
      vertex   6.000000e+00 5.500000e+00 1.212058e+02
      vertex   6.000000e+00 5.945581e+00 1.214806e+02
    endloop
  endfacet
  facet normal 0.000000e+00 5.249766e-01 -8.511167e-01
    outer loop
      vertex   7.000000e+00 5.500000e+00 1.212058e+02
      vertex   6.000000e+00 5.945581e+00 1.214806e+02
      vertex   7.000000e+00 5.945581e+00 1.214806e+02
    endloop
  endfacet
  facet normal 0.000000e+00 5.735764e-01 -8.191520e-01
    outer loop
      vertex   7.000000e+00 5.945581e+00 1.214806e+02
      vertex   6.000000e+00 5.945581e+00 1.214806e+02
      vertex   6.000000e+00 6.374427e+00 1.217809e+02
    endloop
  endfacet
  facet normal 0.000000e+00 5.735764e-01 -8.191520e-01
    outer loop
      vertex   7.000000e+00 5.945581e+00 1.214806e+02
      vertex   6.000000e+00 6.374427e+00 1.217809e+02
      vertex   7.000000e+00 6.374427e+00 1.217809e+02
    endloop
  endfacet
  facet normal 0.000000e+00 6.202355e-01 -7.844157e-01
    outer loop
      vertex   7.000000e+00 6.374427e+00 1.217809e+02
      vertex   6.000000e+00 6.374427e+00 1.217809e+02
      vertex   6.000000e+00 6.785088e+00 1.221056e+02
    endloop
  endfacet
  facet normal 0.000000e+00 6.202355e-01 -7.844157e-01
    outer loop
      vertex   7.000000e+00 6.374427e+00 1.217809e+02
      vertex   6.000000e+00 6.785088e+00 1.221056e+02
      vertex   7.000000e+00 6.785088e+00 1.221056e+02
    endloop
  endfacet
  facet normal 0.000000e+00 6.647959e-01 -7.470251e-01
    outer loop
      vertex   7.000000e+00 6.785088e+00 1.221056e+02
      vertex   6.000000e+00 6.785088e+00 1.221056e+02
      vertex   6.000000e+00 7.176175e+00 1.224536e+02
    endloop
  endfacet
  facet normal 0.000000e+00 6.647959e-01 -7.470251e-01
    outer loop
      vertex   7.000000e+00 6.785088e+00 1.221056e+02
      vertex   6.000000e+00 7.176175e+00 1.224536e+02
      vertex   7.000000e+00 7.176175e+00 1.224536e+02
    endloop
  endfacet
  facet normal 0.000000e+00 7.071068e-01 -7.071068e-01
    outer loop
      vertex   7.000000e+00 7.176175e+00 1.224536e+02
      vertex   6.000000e+00 7.176175e+00 1.224536e+02
      vertex   6.000000e+00 7.546363e+00 1.228238e+02
    endloop
  endfacet
  facet normal 0.000000e+00 7.071068e-01 -7.071068e-01
    outer loop
      vertex   7.000000e+00 7.176175e+00 1.224536e+02
      vertex   6.000000e+00 7.546363e+00 1.228238e+02
      vertex   7.000000e+00 7.546363e+00 1.228238e+02
    endloop
  endfacet
  facet normal 0.000000e+00 7.470251e-01 -6.647959e-01
    outer loop
      vertex   7.000000e+00 7.546363e+00 1.228238e+02
      vertex   6.000000e+00 7.546363e+00 1.228238e+02
      vertex   6.000000e+00 7.894400e+00 1.232149e+02
    endloop
  endfacet
  facet normal 0.000000e+00 7.470251e-01 -6.647959e-01
    outer loop
      vertex   7.000000e+00 7.546363e+00 1.228238e+02
      vertex   6.000000e+00 7.894400e+00 1.232149e+02
      vertex   7.000000e+00 7.894400e+00 1.232149e+02
    endloop
  endfacet
  facet normal 0.000000e+00 7.844157e-01 -6.202355e-01
    outer loop
      vertex   7.000000e+00 7.894400e+00 1.232149e+02
      vertex   6.000000e+00 7.894400e+00 1.232149e+02
      vertex   6.000000e+00 8.219109e+00 1.236256e+02
    endloop
  endfacet
  facet normal 0.000000e+00 7.844157e-01 -6.202355e-01
    outer loop
      vertex   7.000000e+00 7.894400e+00 1.232149e+02
      vertex   6.000000e+00 8.219109e+00 1.236256e+02
      vertex   7.000000e+00 8.219109e+00 1.236256e+02
    endloop
  endfacet
  facet normal 0.000000e+00 8.191520e-01 -5.735764e-01
    outer loop
      vertex   7.000000e+00 8.219109e+00 1.236256e+02
      vertex   6.000000e+00 8.219109e+00 1.236256e+02
      vertex   6.000000e+00 8.519390e+00 1.240544e+02
    endloop
  endfacet
  facet normal 0.000000e+00 8.191520e-01 -5.735764e-01
    outer loop
      vertex   7.000000e+00 8.219109e+00 1.236256e+02
      vertex   6.000000e+00 8.519390e+00 1.240544e+02
      vertex   7.000000e+00 8.519390e+00 1.240544e+02
    endloop
  endfacet
  facet normal 0.000000e+00 8.511167e-01 -5.249766e-01
    outer loop
      vertex   7.000000e+00 8.519390e+00 1.240544e+02
      vertex   6.000000e+00 8.519390e+00 1.240544e+02
      vertex   6.000000e+00 8.794229e+00 1.245000e+02
    endloop
  endfacet
  facet normal 0.000000e+00 8.511167e-01 -5.249766e-01
    outer loop
      vertex   7.000000e+00 8.519390e+00 1.240544e+02
      vertex   6.000000e+00 8.794229e+00 1.245000e+02
      vertex   7.000000e+00 8.794229e+00 1.245000e+02
    endloop
  endfacet
  facet normal 0.000000e+00 8.802014e-01 -4.746004e-01
    outer loop
      vertex   7.000000e+00 8.794229e+00 1.245000e+02
      vertex   6.000000e+00 8.794229e+00 1.245000e+02
      vertex   6.000000e+00 9.042694e+00 1.249608e+02
    endloop
  endfacet
  facet normal 0.000000e+00 8.802014e-01 -4.746004e-01
    outer loop
      vertex   7.000000e+00 8.794229e+00 1.245000e+02
      vertex   6.000000e+00 9.042694e+00 1.249608e+02
      vertex   7.000000e+00 9.042694e+00 1.249608e+02
    endloop
  endfacet
  facet normal 0.000000e+00 9.063078e-01 -4.226183e-01
    outer loop
      vertex   7.000000e+00 9.042694e+00 1.249608e+02
      vertex   6.000000e+00 9.042694e+00 1.249608e+02
      vertex   6.000000e+00 9.263945e+00 1.254353e+02
    endloop
  endfacet
  facet normal 0.000000e+00 9.063078e-01 -4.226183e-01
    outer loop
      vertex   7.000000e+00 9.042694e+00 1.249608e+02
      vertex   6.000000e+00 9.263945e+00 1.254353e+02
      vertex   7.000000e+00 9.263945e+00 1.254353e+02
    endloop
  endfacet
  facet normal 0.000000e+00 9.293475e-01 -3.692061e-01
    outer loop
      vertex   7.000000e+00 9.263945e+00 1.254353e+02
      vertex   6.000000e+00 9.263945e+00 1.254353e+02
      vertex   6.000000e+00 9.457234e+00 1.259218e+02
    endloop
  endfacet
  facet normal 0.000000e+00 9.293475e-01 -3.692061e-01
    outer loop
      vertex   7.000000e+00 9.263945e+00 1.254353e+02
      vertex   6.000000e+00 9.457234e+00 1.259218e+02
      vertex   7.000000e+00 9.457234e+00 1.259218e+02
    endloop
  endfacet
  facet normal 0.000000e+00 9.492426e-01 -3.145448e-01
    outer loop
      vertex   7.000000e+00 9.457234e+00 1.259218e+02
      vertex   6.000000e+00 9.457234e+00 1.259218e+02
      vertex   6.000000e+00 9.621906e+00 1.264188e+02
    endloop
  endfacet
  facet normal 0.000000e+00 9.492426e-01 -3.145448e-01
    outer loop
      vertex   7.000000e+00 9.457234e+00 1.259218e+02
      vertex   6.000000e+00 9.621906e+00 1.264188e+02
      vertex   7.000000e+00 9.621906e+00 1.264188e+02
    endloop
  endfacet
  facet normal 0.000000e+00 9.659258e-01 -2.588190e-01
    outer loop
      vertex   7.000000e+00 9.621906e+00 1.264188e+02
      vertex   6.000000e+00 9.621906e+00 1.264188e+02
      vertex   6.000000e+00 9.757404e+00 1.269245e+02
    endloop
  endfacet
  facet normal 0.000000e+00 9.659258e-01 -2.588190e-01
    outer loop
      vertex   7.000000e+00 9.621906e+00 1.264188e+02
      vertex   6.000000e+00 9.757404e+00 1.269245e+02
      vertex   7.000000e+00 9.757404e+00 1.269245e+02
    endloop
  endfacet
  facet normal 0.000000e+00 9.793406e-01 -2.022176e-01
    outer loop
      vertex   7.000000e+00 9.757404e+00 1.269245e+02
      vertex   6.000000e+00 9.757404e+00 1.269245e+02
      vertex   6.000000e+00 9.863270e+00 1.274372e+02
    endloop
  endfacet
  facet normal 0.000000e+00 9.793406e-01 -2.022176e-01
    outer loop
      vertex   7.000000e+00 9.757404e+00 1.269245e+02
      vertex   6.000000e+00 9.863270e+00 1.274372e+02
      vertex   7.000000e+00 9.863270e+00 1.274372e+02
    endloop
  endfacet
  facet normal 0.000000e+00 9.894416e-01 -1.449319e-01
    outer loop
      vertex   7.000000e+00 9.863270e+00 1.274372e+02
      vertex   6.000000e+00 9.863270e+00 1.274372e+02
      vertex   6.000000e+00 9.939145e+00 1.279552e+02
    endloop
  endfacet
  facet normal 0.000000e+00 9.894416e-01 -1.449319e-01
    outer loop
      vertex   7.000000e+00 9.863270e+00 1.274372e+02
      vertex   6.000000e+00 9.939145e+00 1.279552e+02
      vertex   7.000000e+00 9.939145e+00 1.279552e+02
    endloop
  endfacet
  facet normal 0.000000e+00 9.961947e-01 -8.715574e-02
    outer loop
      vertex   7.000000e+00 9.939145e+00 1.279552e+02
      vertex   6.000000e+00 9.939145e+00 1.279552e+02
      vertex   6.000000e+00 9.984773e+00 1.284767e+02
    endloop
  endfacet
  facet normal 0.000000e+00 9.961947e-01 -8.715574e-02
    outer loop
      vertex   7.000000e+00 9.939145e+00 1.279552e+02
      vertex   6.000000e+00 9.984773e+00 1.284767e+02
      vertex   7.000000e+00 9.984773e+00 1.284767e+02
    endloop
  endfacet
  facet normal 0.000000e+00 9.995770e-01 -2.908472e-02
    outer loop
      vertex   7.000000e+00 9.984773e+00 1.284767e+02
      vertex   6.000000e+00 9.984773e+00 1.284767e+02
      vertex   7.000000e+00 1.000000e+01 1.290000e+02
    endloop
  endfacet
  facet normal 0.000000e+00 9.995770e-01 -2.908472e-02
    outer loop
      vertex   7.000000e+00 1.000000e+01 1.290000e+02
      vertex   6.000000e+00 9.984773e+00 1.284767e+02
      vertex   6.000000e+00 1.000000e+01 1.290000e+02
    endloop
  endfacet
  facet normal 0.000000e+00 0.000000e+00 -1.000000e+00
    outer loop
      vertex   6.000000e+00 -5.000000e+00 1.200000e+02
      vertex   6.000000e+00 1.000000e+00 1.200000e+02
      vertex   7.000000e+00 -5.000000e+00 1.200000e+02
    endloop
  endfacet
  facet normal 0.000000e+00 0.000000e+00 -1.000000e+00
    outer loop
      vertex   7.000000e+00 -5.000000e+00 1.200000e+02
      vertex   6.000000e+00 1.000000e+00 1.200000e+02
      vertex   7.000000e+00 1.000000e+00 1.200000e+02
    endloop
  endfacet
  facet normal 0.000000e+00 -1.000000e+00 0.000000e+00
    outer loop
      vertex   6.000000e+00 -5.000000e+00 1.240000e+02
      vertex   6.000000e+00 -5.000000e+00 1.200000e+02
      vertex   7.000000e+00 -5.000000e+00 1.240000e+02
    endloop
  endfacet
  facet normal 0.000000e+00 -1.000000e+00 -0.000000e+00
    outer loop
      vertex   7.000000e+00 -5.000000e+00 1.240000e+02
      vertex   6.000000e+00 -5.000000e+00 1.200000e+02
      vertex   7.000000e+00 -5.000000e+00 1.200000e+02
    endloop
  endfacet
  facet normal -0.000000e+00 0.000000e+00 1.000000e+00
    outer loop
      vertex   6.000000e+00 -2.000000e+00 1.240000e+02
      vertex   6.000000e+00 -5.000000e+00 1.240000e+02
      vertex   7.000000e+00 -2.000000e+00 1.240000e+02
    endloop
  endfacet
  facet normal 0.000000e+00 0.000000e+00 1.000000e+00
    outer loop
      vertex   7.000000e+00 -2.000000e+00 1.240000e+02
      vertex   6.000000e+00 -5.000000e+00 1.240000e+02
      vertex   7.000000e+00 -5.000000e+00 1.240000e+02
    endloop
  endfacet
  facet normal 1.000000e+00 -0.000000e+00 0.000000e+00
    outer loop
      vertex   7.000000e+00 -5.000000e+00 1.240000e+02
      vertex   7.000000e+00 -5.000000e+00 1.200000e+02
      vertex   7.000000e+00 -2.000000e+00 1.240000e+02
    endloop
  endfacet
  facet normal 1.000000e+00 -0.000000e+00 0.000000e+00
    outer loop
      vertex   7.000000e+00 -2.000000e+00 1.240000e+02
      vertex   7.000000e+00 -5.000000e+00 1.200000e+02
      vertex   7.000000e+00 -1.758927e+00 1.240146e+02
    endloop
  endfacet
  facet normal 1.000000e+00 -0.000000e+00 0.000000e+00
    outer loop
      vertex   7.000000e+00 -1.758927e+00 1.240146e+02
      vertex   7.000000e+00 -5.000000e+00 1.200000e+02
      vertex   7.000000e+00 -1.521369e+00 1.240581e+02
    endloop
  endfacet
  facet normal 1.000000e+00 0.000000e+00 0.000000e+00
    outer loop
      vertex   7.000000e+00 -1.521369e+00 1.240581e+02
      vertex   7.000000e+00 -5.000000e+00 1.200000e+02
      vertex   7.000000e+00 2.562834e+00 1.201367e+02
    endloop
  endfacet
  facet normal 1.000000e+00 0.000000e+00 0.000000e+00
    outer loop
      vertex   7.000000e+00 -1.521369e+00 1.240581e+02
      vertex   7.000000e+00 2.562834e+00 1.201367e+02
      vertex   7.000000e+00 3.075543e+00 1.202426e+02
    endloop
  endfacet
  facet normal 1.000000e+00 0.000000e+00 -0.000000e+00
    outer loop
      vertex   7.000000e+00 1.000000e+00 1.200000e+02
      vertex   7.000000e+00 1.523303e+00 1.200152e+02
      vertex   7.000000e+00 -5.000000e+00 1.200000e+02
    endloop
  endfacet
  facet normal 1.000000e+00 0.000000e+00 0.000000e+00
    outer loop
      vertex   7.000000e+00 -5.000000e+00 1.200000e+02
      vertex   7.000000e+00 1.523303e+00 1.200152e+02
      vertex   7.000000e+00 2.044836e+00 1.200609e+02
    endloop
  endfacet
  facet normal 1.000000e+00 0.000000e+00 0.000000e+00
    outer loop
      vertex   7.000000e+00 -5.000000e+00 1.200000e+02
      vertex   7.000000e+00 2.044836e+00 1.200609e+02
      vertex   7.000000e+00 2.562834e+00 1.201367e+02
    endloop
  endfacet
  facet normal 1.000000e+00 0.000000e+00 0.000000e+00
    outer loop
      vertex   7.000000e+00 3.581229e+00 1.203781e+02
      vertex   7.000000e+00 0.000000e+00 1.363333e+02
      vertex   7.000000e+00 3.075543e+00 1.202426e+02
    endloop
  endfacet
  facet normal 1.000000e+00 0.000000e+00 0.000000e+00
    outer loop
      vertex   7.000000e+00 3.075543e+00 1.202426e+02
      vertex   7.000000e+00 0.000000e+00 1.363333e+02
      vertex   7.000000e+00 4.996004e-15 1.260000e+02
    endloop
  endfacet
  facet normal 1.000000e+00 0.000000e+00 0.000000e+00
    outer loop
      vertex   7.000000e+00 3.075543e+00 1.202426e+02
      vertex   7.000000e+00 4.996004e-15 1.260000e+02
      vertex   7.000000e+00 -1.458225e-02 1.257589e+02
    endloop
  endfacet
  facet normal 1.000000e+00 0.000000e+00 -0.000000e+00
    outer loop
      vertex   7.000000e+00 3.581229e+00 1.203781e+02
      vertex   7.000000e+00 4.078181e+00 1.205428e+02
      vertex   7.000000e+00 0.000000e+00 1.363333e+02
    endloop
  endfacet
  facet normal 1.000000e+00 -0.000000e+00 -0.000000e+00
    outer loop
      vertex   7.000000e+00 0.000000e+00 1.363333e+02
      vertex   7.000000e+00 4.078181e+00 1.205428e+02
      vertex   7.000000e+00 -9.159340e-15 1.443333e+02
    endloop
  endfacet
  facet normal 1.000000e+00 0.000000e+00 0.000000e+00
    outer loop
      vertex   7.000000e+00 0.000000e+00 1.363333e+02
      vertex   7.000000e+00 -9.159340e-15 1.443333e+02
      vertex   7.000000e+00 -1.458225e-02 1.365744e+02
    endloop
  endfacet
  facet normal 1.000000e+00 0.000000e+00 -0.000000e+00
    outer loop
      vertex   7.000000e+00 -1.458225e-02 1.365744e+02
      vertex   7.000000e+00 -9.159340e-15 1.443333e+02
      vertex   7.000000e+00 -1.458225e-02 1.440923e+02
    endloop
  endfacet
  facet normal 1.000000e+00 0.000000e+00 0.000000e+00
    outer loop
      vertex   7.000000e+00 -1.458225e-02 1.365744e+02
      vertex   7.000000e+00 -1.458225e-02 1.440923e+02
      vertex   7.000000e+00 -5.811637e-02 1.368120e+02
    endloop
  endfacet
  facet normal 1.000000e+00 0.000000e+00 -0.000000e+00
    outer loop
      vertex   7.000000e+00 -5.811637e-02 1.368120e+02
      vertex   7.000000e+00 -1.458225e-02 1.440923e+02
      vertex   7.000000e+00 -5.811637e-02 1.438547e+02
    endloop
  endfacet
  facet normal 1.000000e+00 0.000000e+00 0.000000e+00
    outer loop
      vertex   7.000000e+00 -5.811637e-02 1.368120e+02
      vertex   7.000000e+00 -5.811637e-02 1.438547e+02
      vertex   7.000000e+00 -1.299675e-01 1.370425e+02
    endloop
  endfacet
  facet normal 1.000000e+00 0.000000e+00 -0.000000e+00
    outer loop
      vertex   7.000000e+00 -1.299675e-01 1.370425e+02
      vertex   7.000000e+00 -5.811637e-02 1.438547e+02
      vertex   7.000000e+00 -1.299675e-01 1.436241e+02
    endloop
  endfacet
  facet normal 1.000000e+00 0.000000e+00 0.000000e+00
    outer loop
      vertex   7.000000e+00 -1.299675e-01 1.370425e+02
      vertex   7.000000e+00 -1.299675e-01 1.436241e+02
      vertex   7.000000e+00 -2.290879e-01 1.372628e+02
    endloop
  endfacet
  facet normal 1.000000e+00 0.000000e+00 -0.000000e+00
    outer loop
      vertex   7.000000e+00 -2.290879e-01 1.372628e+02
      vertex   7.000000e+00 -1.299675e-01 1.436241e+02
      vertex   7.000000e+00 -2.290879e-01 1.434039e+02
    endloop
  endfacet
  facet normal 1.000000e+00 0.000000e+00 0.000000e+00
    outer loop
      vertex   7.000000e+00 -2.290879e-01 1.372628e+02
      vertex   7.000000e+00 -2.290879e-01 1.434039e+02
      vertex   7.000000e+00 -3.540323e-01 1.374695e+02
    endloop
  endfacet
  facet normal 1.000000e+00 0.000000e+00 -0.000000e+00
    outer loop
      vertex   7.000000e+00 -3.540323e-01 1.374695e+02
      vertex   7.000000e+00 -2.290879e-01 1.434039e+02
      vertex   7.000000e+00 -3.540323e-01 1.431972e+02
    endloop
  endfacet
  facet normal 1.000000e+00 0.000000e+00 0.000000e+00
    outer loop
      vertex   7.000000e+00 -3.540323e-01 1.374695e+02
      vertex   7.000000e+00 -3.540323e-01 1.431972e+02
      vertex   7.000000e+00 -5.029785e-01 1.376596e+02
    endloop
  endfacet
  facet normal 1.000000e+00 0.000000e+00 -0.000000e+00
    outer loop
      vertex   7.000000e+00 -5.029785e-01 1.376596e+02
      vertex   7.000000e+00 -3.540323e-01 1.431972e+02
      vertex   7.000000e+00 -5.029785e-01 1.430071e+02
    endloop
  endfacet
  facet normal 1.000000e+00 0.000000e+00 0.000000e+00
    outer loop
      vertex   7.000000e+00 -5.029785e-01 1.376596e+02
      vertex   7.000000e+00 -5.029785e-01 1.430071e+02
      vertex   7.000000e+00 -6.737547e-01 1.378304e+02
    endloop
  endfacet
  facet normal 1.000000e+00 0.000000e+00 -0.000000e+00
    outer loop
      vertex   7.000000e+00 -6.737547e-01 1.378304e+02
      vertex   7.000000e+00 -5.029785e-01 1.430071e+02
      vertex   7.000000e+00 -6.737547e-01 1.428363e+02
    endloop
  endfacet
  facet normal 1.000000e+00 0.000000e+00 0.000000e+00
    outer loop
      vertex   7.000000e+00 -6.737547e-01 1.378304e+02
      vertex   7.000000e+00 -6.737547e-01 1.428363e+02
      vertex   7.000000e+00 -8.638705e-01 1.426874e+02
    endloop
  endfacet
  facet normal 1.000000e+00 0.000000e+00 -0.000000e+00
    outer loop
      vertex   7.000000e+00 4.078181e+00 1.205428e+02
      vertex   7.000000e+00 4.564718e+00 1.207361e+02
      vertex   7.000000e+00 -9.159340e-15 1.443333e+02
    endloop
  endfacet
  facet normal 1.000000e+00 0.000000e+00 0.000000e+00
    outer loop
      vertex   7.000000e+00 -9.159340e-15 1.443333e+02
      vertex   7.000000e+00 4.564718e+00 1.207361e+02
      vertex   7.000000e+00 5.039193e+00 1.209573e+02
    endloop
  endfacet
  facet normal 1.000000e+00 0.000000e+00 0.000000e+00
    outer loop
      vertex   7.000000e+00 -9.159340e-15 1.443333e+02
      vertex   7.000000e+00 5.039193e+00 1.209573e+02
      vertex   7.000000e+00 5.500000e+00 1.212058e+02
    endloop
  endfacet
  facet normal 1.000000e+00 0.000000e+00 -0.000000e+00
    outer loop
      vertex   7.000000e+00 5.500000e+00 1.212058e+02
      vertex   7.000000e+00 5.945581e+00 1.214806e+02
      vertex   7.000000e+00 -9.159340e-15 1.443333e+02
    endloop
  endfacet
  facet normal 1.000000e+00 -0.000000e+00 0.000000e+00
    outer loop
      vertex   7.000000e+00 -9.159340e-15 1.443333e+02
      vertex   7.000000e+00 5.945581e+00 1.214806e+02
      vertex   7.000000e+00 -1.942890e-15 1.546667e+02
    endloop
  endfacet
  facet normal 1.000000e+00 0.000000e+00 0.000000e+00
    outer loop
      vertex   7.000000e+00 -1.942890e-15 1.546667e+02
      vertex   7.000000e+00 5.945581e+00 1.214806e+02
      vertex   7.000000e+00 6.374427e+00 1.217809e+02
    endloop
  endfacet
  facet normal 1.000000e+00 0.000000e+00 0.000000e+00
    outer loop
      vertex   7.000000e+00 -1.942890e-15 1.546667e+02
      vertex   7.000000e+00 6.374427e+00 1.217809e+02
      vertex   7.000000e+00 6.785088e+00 1.221056e+02
    endloop
  endfacet
  facet normal 1.000000e+00 0.000000e+00 -0.000000e+00
    outer loop
      vertex   7.000000e+00 6.785088e+00 1.221056e+02
      vertex   7.000000e+00 7.176175e+00 1.224536e+02
      vertex   7.000000e+00 -1.942890e-15 1.546667e+02
    endloop
  endfacet
  facet normal 1.000000e+00 0.000000e+00 0.000000e+00
    outer loop
      vertex   7.000000e+00 -1.942890e-15 1.546667e+02
      vertex   7.000000e+00 7.176175e+00 1.224536e+02
      vertex   7.000000e+00 1.000000e+01 1.290000e+02
    endloop
  endfacet
  facet normal 1.000000e+00 -0.000000e+00 -0.000000e+00
    outer loop
      vertex   7.000000e+00 -1.942890e-15 1.546667e+02
      vertex   7.000000e+00 1.000000e+01 1.290000e+02
      vertex   7.000000e+00 -1.054712e-14 1.626667e+02
    endloop
  endfacet
  facet normal 1.000000e+00 -0.000000e+00 0.000000e+00
    outer loop
      vertex   7.000000e+00 -1.054712e-14 1.626667e+02
      vertex   7.000000e+00 1.000000e+01 1.290000e+02
      vertex   7.000000e+00 1.000000e+01 1.950000e+02
    endloop
  endfacet
  facet normal 1.000000e+00 0.000000e+00 0.000000e+00
    outer loop
      vertex   7.000000e+00 -1.054712e-14 1.626667e+02
      vertex   7.000000e+00 1.000000e+01 1.950000e+02
      vertex   7.000000e+00 -3.330669e-15 1.730000e+02
    endloop
  endfacet
  facet normal 1.000000e+00 0.000000e+00 -0.000000e+00
    outer loop
      vertex   7.000000e+00 -3.330669e-15 1.730000e+02
      vertex   7.000000e+00 1.000000e+01 1.950000e+02
      vertex   7.000000e+00 -1.026956e-14 1.810000e+02
    endloop
  endfacet
  facet normal 1.000000e+00 0.000000e+00 0.000000e+00
    outer loop
      vertex   7.000000e+00 -3.330669e-15 1.730000e+02
      vertex   7.000000e+00 -1.026956e-14 1.810000e+02
      vertex   7.000000e+00 -1.458225e-02 1.732411e+02
    endloop
  endfacet
  facet normal 1.000000e+00 0.000000e+00 -0.000000e+00
    outer loop
      vertex   7.000000e+00 -1.458225e-02 1.732411e+02
      vertex   7.000000e+00 -1.026956e-14 1.810000e+02
      vertex   7.000000e+00 -1.458225e-02 1.807589e+02
    endloop
  endfacet
  facet normal 1.000000e+00 0.000000e+00 0.000000e+00
    outer loop
      vertex   7.000000e+00 -1.458225e-02 1.732411e+02
      vertex   7.000000e+00 -1.458225e-02 1.807589e+02
      vertex   7.000000e+00 -5.811637e-02 1.734786e+02
    endloop
  endfacet
  facet normal 1.000000e+00 0.000000e+00 -0.000000e+00
    outer loop
      vertex   7.000000e+00 -5.811637e-02 1.734786e+02
      vertex   7.000000e+00 -1.458225e-02 1.807589e+02
      vertex   7.000000e+00 -5.811637e-02 1.805214e+02
    endloop
  endfacet
  facet normal 1.000000e+00 0.000000e+00 0.000000e+00
    outer loop
      vertex   7.000000e+00 -5.811637e-02 1.734786e+02
      vertex   7.000000e+00 -5.811637e-02 1.805214e+02
      vertex   7.000000e+00 -1.299675e-01 1.802908e+02
    endloop
  endfacet
  facet normal 1.000000e+00 0.000000e+00 0.000000e+00
    outer loop
      vertex   7.000000e+00 7.176175e+00 1.224536e+02
      vertex   7.000000e+00 7.546363e+00 1.228238e+02
      vertex   7.000000e+00 1.000000e+01 1.290000e+02
    endloop
  endfacet
  facet normal 1.000000e+00 0.000000e+00 0.000000e+00
    outer loop
      vertex   7.000000e+00 1.000000e+01 1.290000e+02
      vertex   7.000000e+00 7.546363e+00 1.228238e+02
      vertex   7.000000e+00 7.894400e+00 1.232149e+02
    endloop
  endfacet
  facet normal 1.000000e+00 0.000000e+00 0.000000e+00
    outer loop
      vertex   7.000000e+00 1.000000e+01 1.290000e+02
      vertex   7.000000e+00 7.894400e+00 1.232149e+02
      vertex   7.000000e+00 8.219109e+00 1.236256e+02
    endloop
  endfacet
  facet normal 1.000000e+00 0.000000e+00 0.000000e+00
    outer loop
      vertex   7.000000e+00 8.219109e+00 1.236256e+02
      vertex   7.000000e+00 8.519390e+00 1.240544e+02
      vertex   7.000000e+00 1.000000e+01 1.290000e+02
    endloop
  endfacet
  facet normal 1.000000e+00 0.000000e+00 0.000000e+00
    outer loop
      vertex   7.000000e+00 1.000000e+01 1.290000e+02
      vertex   7.000000e+00 8.519390e+00 1.240544e+02
      vertex   7.000000e+00 8.794229e+00 1.245000e+02
    endloop
  endfacet
  facet normal 1.000000e+00 0.000000e+00 0.000000e+00
    outer loop
      vertex   7.000000e+00 1.000000e+01 1.290000e+02
      vertex   7.000000e+00 8.794229e+00 1.245000e+02
      vertex   7.000000e+00 9.042694e+00 1.249608e+02
    endloop
  endfacet
  facet normal 1.000000e+00 0.000000e+00 0.000000e+00
    outer loop
      vertex   7.000000e+00 9.042694e+00 1.249608e+02
      vertex   7.000000e+00 9.263945e+00 1.254353e+02
      vertex   7.000000e+00 1.000000e+01 1.290000e+02
    endloop
  endfacet
  facet normal 1.000000e+00 0.000000e+00 0.000000e+00
    outer loop
      vertex   7.000000e+00 1.000000e+01 1.290000e+02
      vertex   7.000000e+00 9.263945e+00 1.254353e+02
      vertex   7.000000e+00 9.457234e+00 1.259218e+02
    endloop
  endfacet
  facet normal 1.000000e+00 0.000000e+00 0.000000e+00
    outer loop
      vertex   7.000000e+00 1.000000e+01 1.290000e+02
      vertex   7.000000e+00 9.457234e+00 1.259218e+02
      vertex   7.000000e+00 9.621906e+00 1.264188e+02
    endloop
  endfacet
  facet normal 1.000000e+00 0.000000e+00 0.000000e+00
    outer loop
      vertex   7.000000e+00 9.621906e+00 1.264188e+02
      vertex   7.000000e+00 9.757404e+00 1.269245e+02
      vertex   7.000000e+00 1.000000e+01 1.290000e+02
    endloop
  endfacet
  facet normal 1.000000e+00 0.000000e+00 0.000000e+00
    outer loop
      vertex   7.000000e+00 1.000000e+01 1.290000e+02
      vertex   7.000000e+00 9.757404e+00 1.269245e+02
      vertex   7.000000e+00 9.863270e+00 1.274372e+02
    endloop
  endfacet
  facet normal 1.000000e+00 0.000000e+00 0.000000e+00
    outer loop
      vertex   7.000000e+00 1.000000e+01 1.290000e+02
      vertex   7.000000e+00 9.863270e+00 1.274372e+02
      vertex   7.000000e+00 9.939145e+00 1.279552e+02
    endloop
  endfacet
  facet normal 1.000000e+00 0.000000e+00 0.000000e+00
    outer loop
      vertex   7.000000e+00 9.939145e+00 1.279552e+02
      vertex   7.000000e+00 9.984773e+00 1.284767e+02
      vertex   7.000000e+00 1.000000e+01 1.290000e+02
    endloop
  endfacet
  facet normal 1.000000e+00 0.000000e+00 0.000000e+00
    outer loop
      vertex   7.000000e+00 1.000000e+01 2.000000e+02
      vertex   7.000000e+00 0.000000e+00 2.000000e+02
      vertex   7.000000e+00 1.000000e+01 1.950000e+02
    endloop
  endfacet
  facet normal 1.000000e+00 0.000000e+00 0.000000e+00
    outer loop
      vertex   7.000000e+00 1.000000e+01 1.950000e+02
      vertex   7.000000e+00 0.000000e+00 2.000000e+02
      vertex   7.000000e+00 -1.026956e-14 1.810000e+02
    endloop
  endfacet
  facet normal 1.000000e+00 0.000000e+00 0.000000e+00
    outer loop
      vertex   7.000000e+00 -5.811637e-02 1.734786e+02
      vertex   7.000000e+00 -1.299675e-01 1.802908e+02
      vertex   7.000000e+00 -1.299675e-01 1.737092e+02
    endloop
  endfacet
  facet normal 1.000000e+00 0.000000e+00 0.000000e+00
    outer loop
      vertex   7.000000e+00 -1.299675e-01 1.737092e+02
      vertex   7.000000e+00 -1.299675e-01 1.802908e+02
      vertex   7.000000e+00 -2.290879e-01 1.800706e+02
    endloop
  endfacet
  facet normal 1.000000e+00 0.000000e+00 0.000000e+00
    outer loop
      vertex   7.000000e+00 -1.299675e-01 1.737092e+02
      vertex   7.000000e+00 -2.290879e-01 1.800706e+02
      vertex   7.000000e+00 -2.290879e-01 1.739294e+02
    endloop
  endfacet
  facet normal 1.000000e+00 0.000000e+00 0.000000e+00
    outer loop
      vertex   7.000000e+00 -2.290879e-01 1.739294e+02
      vertex   7.000000e+00 -2.290879e-01 1.800706e+02
      vertex   7.000000e+00 -3.540323e-01 1.798639e+02
    endloop
  endfacet
  facet normal 1.000000e+00 0.000000e+00 0.000000e+00
    outer loop
      vertex   7.000000e+00 -2.290879e-01 1.739294e+02
      vertex   7.000000e+00 -3.540323e-01 1.798639e+02
      vertex   7.000000e+00 -3.540323e-01 1.741361e+02
    endloop
  endfacet
  facet normal 1.000000e+00 0.000000e+00 0.000000e+00
    outer loop
      vertex   7.000000e+00 -3.540323e-01 1.741361e+02
      vertex   7.000000e+00 -3.540323e-01 1.798639e+02
      vertex   7.000000e+00 -5.029785e-01 1.796738e+02
    endloop
  endfacet
  facet normal 1.000000e+00 0.000000e+00 0.000000e+00
    outer loop
      vertex   7.000000e+00 -3.540323e-01 1.741361e+02
      vertex   7.000000e+00 -5.029785e-01 1.796738e+02
      vertex   7.000000e+00 -5.029785e-01 1.743262e+02
    endloop
  endfacet
  facet normal 1.000000e+00 0.000000e+00 0.000000e+00
    outer loop
      vertex   7.000000e+00 -5.029785e-01 1.743262e+02
      vertex   7.000000e+00 -5.029785e-01 1.796738e+02
      vertex   7.000000e+00 -6.737547e-01 1.795030e+02
    endloop
  endfacet
  facet normal 1.000000e+00 0.000000e+00 0.000000e+00
    outer loop
      vertex   7.000000e+00 -5.029785e-01 1.743262e+02
      vertex   7.000000e+00 -6.737547e-01 1.795030e+02
      vertex   7.000000e+00 -6.737547e-01 1.744970e+02
    endloop
  endfacet
  facet normal 1.000000e+00 0.000000e+00 0.000000e+00
    outer loop
      vertex   7.000000e+00 -6.737547e-01 1.744970e+02
      vertex   7.000000e+00 -6.737547e-01 1.795030e+02
      vertex   7.000000e+00 -8.638705e-01 1.793540e+02
    endloop
  endfacet
  facet normal 1.000000e+00 0.000000e+00 0.000000e+00
    outer loop
      vertex   7.000000e+00 -6.737547e-01 1.744970e+02
      vertex   7.000000e+00 -8.638705e-01 1.793540e+02
      vertex   7.000000e+00 -8.638705e-01 1.746460e+02
    endloop
  endfacet
  facet normal 1.000000e+00 0.000000e+00 0.000000e+00
    outer loop
      vertex   7.000000e+00 -8.638705e-01 1.746460e+02
      vertex   7.000000e+00 -8.638705e-01 1.793540e+02
      vertex   7.000000e+00 -1.070554e+00 1.792291e+02
    endloop
  endfacet
  facet normal 1.000000e+00 0.000000e+00 0.000000e+00
    outer loop
      vertex   7.000000e+00 -8.638705e-01 1.746460e+02
      vertex   7.000000e+00 -1.070554e+00 1.792291e+02
      vertex   7.000000e+00 -1.070554e+00 1.747709e+02
    endloop
  endfacet
  facet normal 1.000000e+00 0.000000e+00 0.000000e+00
    outer loop
      vertex   7.000000e+00 -1.070554e+00 1.747709e+02
      vertex   7.000000e+00 -1.070554e+00 1.792291e+02
      vertex   7.000000e+00 -1.290790e+00 1.791300e+02
    endloop
  endfacet
  facet normal 1.000000e+00 0.000000e+00 0.000000e+00
    outer loop
      vertex   7.000000e+00 -1.070554e+00 1.747709e+02
      vertex   7.000000e+00 -1.290790e+00 1.791300e+02
      vertex   7.000000e+00 -1.290790e+00 1.748700e+02
    endloop
  endfacet
  facet normal 1.000000e+00 0.000000e+00 0.000000e+00
    outer loop
      vertex   7.000000e+00 -1.290790e+00 1.748700e+02
      vertex   7.000000e+00 -1.290790e+00 1.791300e+02
      vertex   7.000000e+00 -1.521369e+00 1.790581e+02
    endloop
  endfacet
  facet normal 1.000000e+00 0.000000e+00 0.000000e+00
    outer loop
      vertex   7.000000e+00 -1.290790e+00 1.748700e+02
      vertex   7.000000e+00 -1.521369e+00 1.790581e+02
      vertex   7.000000e+00 -1.521369e+00 1.749419e+02
    endloop
  endfacet
  facet normal 1.000000e+00 0.000000e+00 0.000000e+00
    outer loop
      vertex   7.000000e+00 -1.521369e+00 1.749419e+02
      vertex   7.000000e+00 -1.521369e+00 1.790581e+02
      vertex   7.000000e+00 -1.758927e+00 1.790146e+02
    endloop
  endfacet
  facet normal 1.000000e+00 0.000000e+00 0.000000e+00
    outer loop
      vertex   7.000000e+00 -1.521369e+00 1.749419e+02
      vertex   7.000000e+00 -1.758927e+00 1.790146e+02
      vertex   7.000000e+00 -1.758927e+00 1.749854e+02
    endloop
  endfacet
  facet normal 1.000000e+00 0.000000e+00 -0.000000e+00
    outer loop
      vertex   7.000000e+00 -1.758927e+00 1.749854e+02
      vertex   7.000000e+00 -1.758927e+00 1.790146e+02
      vertex   7.000000e+00 -2.000000e+00 1.790000e+02
    endloop
  endfacet
  facet normal 1.000000e+00 0.000000e+00 0.000000e+00
    outer loop
      vertex   7.000000e+00 -1.758927e+00 1.749854e+02
      vertex   7.000000e+00 -2.000000e+00 1.790000e+02
      vertex   7.000000e+00 -2.000000e+00 1.750000e+02
    endloop
  endfacet
  facet normal 1.000000e+00 0.000000e+00 -0.000000e+00
    outer loop
      vertex   7.000000e+00 -2.000000e+00 1.750000e+02
      vertex   7.000000e+00 -2.000000e+00 1.790000e+02
      vertex   7.000000e+00 -5.000000e+00 1.790000e+02
    endloop
  endfacet
  facet normal 1.000000e+00 0.000000e+00 0.000000e+00
    outer loop
      vertex   7.000000e+00 -2.000000e+00 1.750000e+02
      vertex   7.000000e+00 -5.000000e+00 1.790000e+02
      vertex   7.000000e+00 -5.000000e+00 1.750000e+02
    endloop
  endfacet
  facet normal 1.000000e+00 0.000000e+00 0.000000e+00
    outer loop
      vertex   7.000000e+00 -1.942890e-15 1.546667e+02
      vertex   7.000000e+00 -1.054712e-14 1.626667e+02
      vertex   7.000000e+00 -1.458225e-02 1.549077e+02
    endloop
  endfacet
  facet normal 1.000000e+00 0.000000e+00 -0.000000e+00
    outer loop
      vertex   7.000000e+00 -1.458225e-02 1.549077e+02
      vertex   7.000000e+00 -1.054712e-14 1.626667e+02
      vertex   7.000000e+00 -1.458225e-02 1.624256e+02
    endloop
  endfacet
  facet normal 1.000000e+00 0.000000e+00 0.000000e+00
    outer loop
      vertex   7.000000e+00 -1.458225e-02 1.549077e+02
      vertex   7.000000e+00 -1.458225e-02 1.624256e+02
      vertex   7.000000e+00 -5.811637e-02 1.551453e+02
    endloop
  endfacet
  facet normal 1.000000e+00 0.000000e+00 -0.000000e+00
    outer loop
      vertex   7.000000e+00 -5.811637e-02 1.551453e+02
      vertex   7.000000e+00 -1.458225e-02 1.624256e+02
      vertex   7.000000e+00 -5.811637e-02 1.621880e+02
    endloop
  endfacet
  facet normal 1.000000e+00 0.000000e+00 0.000000e+00
    outer loop
      vertex   7.000000e+00 -5.811637e-02 1.551453e+02
      vertex   7.000000e+00 -5.811637e-02 1.621880e+02
      vertex   7.000000e+00 -1.299675e-01 1.553759e+02
    endloop
  endfacet
  facet normal 1.000000e+00 0.000000e+00 -0.000000e+00
    outer loop
      vertex   7.000000e+00 -1.299675e-01 1.553759e+02
      vertex   7.000000e+00 -5.811637e-02 1.621880e+02
      vertex   7.000000e+00 -1.299675e-01 1.619575e+02
    endloop
  endfacet
  facet normal 1.000000e+00 0.000000e+00 0.000000e+00
    outer loop
      vertex   7.000000e+00 -1.299675e-01 1.553759e+02
      vertex   7.000000e+00 -1.299675e-01 1.619575e+02
      vertex   7.000000e+00 -2.290879e-01 1.617372e+02
    endloop
  endfacet
  facet normal 1.000000e+00 0.000000e+00 0.000000e+00
    outer loop
      vertex   7.000000e+00 -1.299675e-01 1.553759e+02
      vertex   7.000000e+00 -2.290879e-01 1.617372e+02
      vertex   7.000000e+00 -2.290879e-01 1.555961e+02
    endloop
  endfacet
  facet normal 1.000000e+00 0.000000e+00 0.000000e+00
    outer loop
      vertex   7.000000e+00 -2.290879e-01 1.555961e+02
      vertex   7.000000e+00 -2.290879e-01 1.617372e+02
      vertex   7.000000e+00 -3.540323e-01 1.615305e+02
    endloop
  endfacet
  facet normal 1.000000e+00 0.000000e+00 0.000000e+00
    outer loop
      vertex   7.000000e+00 -2.290879e-01 1.555961e+02
      vertex   7.000000e+00 -3.540323e-01 1.615305e+02
      vertex   7.000000e+00 -3.540323e-01 1.558028e+02
    endloop
  endfacet
  facet normal 1.000000e+00 0.000000e+00 0.000000e+00
    outer loop
      vertex   7.000000e+00 -3.540323e-01 1.558028e+02
      vertex   7.000000e+00 -3.540323e-01 1.615305e+02
      vertex   7.000000e+00 -5.029785e-01 1.613404e+02
    endloop
  endfacet
  facet normal 1.000000e+00 0.000000e+00 0.000000e+00
    outer loop
      vertex   7.000000e+00 -3.540323e-01 1.558028e+02
      vertex   7.000000e+00 -5.029785e-01 1.613404e+02
      vertex   7.000000e+00 -5.029785e-01 1.559929e+02
    endloop
  endfacet
  facet normal 1.000000e+00 0.000000e+00 0.000000e+00
    outer loop
      vertex   7.000000e+00 -5.029785e-01 1.559929e+02
      vertex   7.000000e+00 -5.029785e-01 1.613404e+02
      vertex   7.000000e+00 -6.737547e-01 1.611696e+02
    endloop
  endfacet
  facet normal 1.000000e+00 0.000000e+00 0.000000e+00
    outer loop
      vertex   7.000000e+00 -5.029785e-01 1.559929e+02
      vertex   7.000000e+00 -6.737547e-01 1.611696e+02
      vertex   7.000000e+00 -6.737547e-01 1.561637e+02
    endloop
  endfacet
  facet normal 1.000000e+00 0.000000e+00 0.000000e+00
    outer loop
      vertex   7.000000e+00 -6.737547e-01 1.561637e+02
      vertex   7.000000e+00 -6.737547e-01 1.611696e+02
      vertex   7.000000e+00 -8.638705e-01 1.610207e+02
    endloop
  endfacet
  facet normal 1.000000e+00 0.000000e+00 0.000000e+00
    outer loop
      vertex   7.000000e+00 -6.737547e-01 1.561637e+02
      vertex   7.000000e+00 -8.638705e-01 1.610207e+02
      vertex   7.000000e+00 -8.638705e-01 1.563126e+02
    endloop
  endfacet
  facet normal 1.000000e+00 0.000000e+00 0.000000e+00
    outer loop
      vertex   7.000000e+00 -8.638705e-01 1.563126e+02
      vertex   7.000000e+00 -8.638705e-01 1.610207e+02
      vertex   7.000000e+00 -1.070554e+00 1.608958e+02
    endloop
  endfacet
  facet normal 1.000000e+00 0.000000e+00 0.000000e+00
    outer loop
      vertex   7.000000e+00 -8.638705e-01 1.563126e+02
      vertex   7.000000e+00 -1.070554e+00 1.608958e+02
      vertex   7.000000e+00 -1.070554e+00 1.564376e+02
    endloop
  endfacet
  facet normal 1.000000e+00 0.000000e+00 0.000000e+00
    outer loop
      vertex   7.000000e+00 -1.070554e+00 1.564376e+02
      vertex   7.000000e+00 -1.070554e+00 1.608958e+02
      vertex   7.000000e+00 -1.290790e+00 1.607966e+02
    endloop
  endfacet
  facet normal 1.000000e+00 0.000000e+00 0.000000e+00
    outer loop
      vertex   7.000000e+00 -1.070554e+00 1.564376e+02
      vertex   7.000000e+00 -1.290790e+00 1.607966e+02
      vertex   7.000000e+00 -1.290790e+00 1.565367e+02
    endloop
  endfacet
  facet normal 1.000000e+00 0.000000e+00 0.000000e+00
    outer loop
      vertex   7.000000e+00 -1.290790e+00 1.565367e+02
      vertex   7.000000e+00 -1.290790e+00 1.607966e+02
      vertex   7.000000e+00 -1.521369e+00 1.607248e+02
    endloop
  endfacet
  facet normal 1.000000e+00 0.000000e+00 0.000000e+00
    outer loop
      vertex   7.000000e+00 -1.290790e+00 1.565367e+02
      vertex   7.000000e+00 -1.521369e+00 1.607248e+02
      vertex   7.000000e+00 -1.521369e+00 1.566086e+02
    endloop
  endfacet
  facet normal 1.000000e+00 0.000000e+00 0.000000e+00
    outer loop
      vertex   7.000000e+00 -1.521369e+00 1.566086e+02
      vertex   7.000000e+00 -1.521369e+00 1.607248e+02
      vertex   7.000000e+00 -1.758927e+00 1.606812e+02
    endloop
  endfacet
  facet normal 1.000000e+00 0.000000e+00 0.000000e+00
    outer loop
      vertex   7.000000e+00 -1.521369e+00 1.566086e+02
      vertex   7.000000e+00 -1.758927e+00 1.606812e+02
      vertex   7.000000e+00 -1.758927e+00 1.566521e+02
    endloop
  endfacet
  facet normal 1.000000e+00 0.000000e+00 0.000000e+00
    outer loop
      vertex   7.000000e+00 -1.758927e+00 1.566521e+02
      vertex   7.000000e+00 -1.758927e+00 1.606812e+02
      vertex   7.000000e+00 -2.000000e+00 1.606667e+02
    endloop
  endfacet
  facet normal 1.000000e+00 0.000000e+00 0.000000e+00
    outer loop
      vertex   7.000000e+00 -1.758927e+00 1.566521e+02
      vertex   7.000000e+00 -2.000000e+00 1.606667e+02
      vertex   7.000000e+00 -2.000000e+00 1.566667e+02
    endloop
  endfacet
  facet normal 1.000000e+00 0.000000e+00 0.000000e+00
    outer loop
      vertex   7.000000e+00 -2.000000e+00 1.566667e+02
      vertex   7.000000e+00 -2.000000e+00 1.606667e+02
      vertex   7.000000e+00 -5.000000e+00 1.606667e+02
    endloop
  endfacet
  facet normal 1.000000e+00 0.000000e+00 0.000000e+00
    outer loop
      vertex   7.000000e+00 -2.000000e+00 1.566667e+02
      vertex   7.000000e+00 -5.000000e+00 1.606667e+02
      vertex   7.000000e+00 -5.000000e+00 1.566667e+02
    endloop
  endfacet
  facet normal 1.000000e+00 0.000000e+00 0.000000e+00
    outer loop
      vertex   7.000000e+00 -6.737547e-01 1.378304e+02
      vertex   7.000000e+00 -8.638705e-01 1.426874e+02
      vertex   7.000000e+00 -8.638705e-01 1.379793e+02
    endloop
  endfacet
  facet normal 1.000000e+00 0.000000e+00 0.000000e+00
    outer loop
      vertex   7.000000e+00 -8.638705e-01 1.379793e+02
      vertex   7.000000e+00 -8.638705e-01 1.426874e+02
      vertex   7.000000e+00 -1.070554e+00 1.425624e+02
    endloop
  endfacet
  facet normal 1.000000e+00 0.000000e+00 0.000000e+00
    outer loop
      vertex   7.000000e+00 -8.638705e-01 1.379793e+02
      vertex   7.000000e+00 -1.070554e+00 1.425624e+02
      vertex   7.000000e+00 -1.070554e+00 1.381042e+02
    endloop
  endfacet
  facet normal 1.000000e+00 0.000000e+00 0.000000e+00
    outer loop
      vertex   7.000000e+00 -1.070554e+00 1.381042e+02
      vertex   7.000000e+00 -1.070554e+00 1.425624e+02
      vertex   7.000000e+00 -1.290790e+00 1.424633e+02
    endloop
  endfacet
  facet normal 1.000000e+00 0.000000e+00 0.000000e+00
    outer loop
      vertex   7.000000e+00 -1.070554e+00 1.381042e+02
      vertex   7.000000e+00 -1.290790e+00 1.424633e+02
      vertex   7.000000e+00 -1.290790e+00 1.382034e+02
    endloop
  endfacet
  facet normal 1.000000e+00 0.000000e+00 0.000000e+00
    outer loop
      vertex   7.000000e+00 -1.290790e+00 1.382034e+02
      vertex   7.000000e+00 -1.290790e+00 1.424633e+02
      vertex   7.000000e+00 -1.521369e+00 1.423914e+02
    endloop
  endfacet
  facet normal 1.000000e+00 0.000000e+00 0.000000e+00
    outer loop
      vertex   7.000000e+00 -1.290790e+00 1.382034e+02
      vertex   7.000000e+00 -1.521369e+00 1.423914e+02
      vertex   7.000000e+00 -1.521369e+00 1.382752e+02
    endloop
  endfacet
  facet normal 1.000000e+00 0.000000e+00 0.000000e+00
    outer loop
      vertex   7.000000e+00 -1.521369e+00 1.382752e+02
      vertex   7.000000e+00 -1.521369e+00 1.423914e+02
      vertex   7.000000e+00 -1.758927e+00 1.423479e+02
    endloop
  endfacet
  facet normal 1.000000e+00 0.000000e+00 0.000000e+00
    outer loop
      vertex   7.000000e+00 -1.521369e+00 1.382752e+02
      vertex   7.000000e+00 -1.758927e+00 1.423479e+02
      vertex   7.000000e+00 -1.758927e+00 1.383188e+02
    endloop
  endfacet
  facet normal 1.000000e+00 0.000000e+00 0.000000e+00
    outer loop
      vertex   7.000000e+00 -1.758927e+00 1.383188e+02
      vertex   7.000000e+00 -1.758927e+00 1.423479e+02
      vertex   7.000000e+00 -2.000000e+00 1.423333e+02
    endloop
  endfacet
  facet normal 1.000000e+00 0.000000e+00 0.000000e+00
    outer loop
      vertex   7.000000e+00 -1.758927e+00 1.383188e+02
      vertex   7.000000e+00 -2.000000e+00 1.423333e+02
      vertex   7.000000e+00 -2.000000e+00 1.383333e+02
    endloop
  endfacet
  facet normal 1.000000e+00 0.000000e+00 0.000000e+00
    outer loop
      vertex   7.000000e+00 -2.000000e+00 1.383333e+02
      vertex   7.000000e+00 -2.000000e+00 1.423333e+02
      vertex   7.000000e+00 -5.000000e+00 1.423333e+02
    endloop
  endfacet
  facet normal 1.000000e+00 0.000000e+00 0.000000e+00
    outer loop
      vertex   7.000000e+00 -2.000000e+00 1.383333e+02
      vertex   7.000000e+00 -5.000000e+00 1.423333e+02
      vertex   7.000000e+00 -5.000000e+00 1.383333e+02
    endloop
  endfacet
  facet normal 1.000000e+00 0.000000e+00 0.000000e+00
    outer loop
      vertex   7.000000e+00 -1.458225e-02 1.257589e+02
      vertex   7.000000e+00 -5.811637e-02 1.255214e+02
      vertex   7.000000e+00 3.075543e+00 1.202426e+02
    endloop
  endfacet
  facet normal 1.000000e+00 0.000000e+00 0.000000e+00
    outer loop
      vertex   7.000000e+00 3.075543e+00 1.202426e+02
      vertex   7.000000e+00 -5.811637e-02 1.255214e+02
      vertex   7.000000e+00 -1.299675e-01 1.252908e+02
    endloop
  endfacet
  facet normal 1.000000e+00 0.000000e+00 0.000000e+00
    outer loop
      vertex   7.000000e+00 3.075543e+00 1.202426e+02
      vertex   7.000000e+00 -1.299675e-01 1.252908e+02
      vertex   7.000000e+00 -2.290879e-01 1.250706e+02
    endloop
  endfacet
  facet normal 1.000000e+00 0.000000e+00 0.000000e+00
    outer loop
      vertex   7.000000e+00 -2.290879e-01 1.250706e+02
      vertex   7.000000e+00 -3.540323e-01 1.248639e+02
      vertex   7.000000e+00 3.075543e+00 1.202426e+02
    endloop
  endfacet
  facet normal 1.000000e+00 0.000000e+00 0.000000e+00
    outer loop
      vertex   7.000000e+00 3.075543e+00 1.202426e+02
      vertex   7.000000e+00 -3.540323e-01 1.248639e+02
      vertex   7.000000e+00 -5.029785e-01 1.246738e+02
    endloop
  endfacet
  facet normal 1.000000e+00 0.000000e+00 0.000000e+00
    outer loop
      vertex   7.000000e+00 3.075543e+00 1.202426e+02
      vertex   7.000000e+00 -5.029785e-01 1.246738e+02
      vertex   7.000000e+00 -6.737547e-01 1.245030e+02
    endloop
  endfacet
  facet normal 1.000000e+00 0.000000e+00 0.000000e+00
    outer loop
      vertex   7.000000e+00 -6.737547e-01 1.245030e+02
      vertex   7.000000e+00 -8.638705e-01 1.243540e+02
      vertex   7.000000e+00 3.075543e+00 1.202426e+02
    endloop
  endfacet
  facet normal 1.000000e+00 0.000000e+00 0.000000e+00
    outer loop
      vertex   7.000000e+00 3.075543e+00 1.202426e+02
      vertex   7.000000e+00 -8.638705e-01 1.243540e+02
      vertex   7.000000e+00 -1.070554e+00 1.242291e+02
    endloop
  endfacet
  facet normal 1.000000e+00 0.000000e+00 0.000000e+00
    outer loop
      vertex   7.000000e+00 3.075543e+00 1.202426e+02
      vertex   7.000000e+00 -1.070554e+00 1.242291e+02
      vertex   7.000000e+00 -1.290790e+00 1.241300e+02
    endloop
  endfacet
  facet normal 1.000000e+00 0.000000e+00 0.000000e+00
    outer loop
      vertex   7.000000e+00 -1.290790e+00 1.241300e+02
      vertex   7.000000e+00 -1.521369e+00 1.240581e+02
      vertex   7.000000e+00 3.075543e+00 1.202426e+02
    endloop
  endfacet
  facet normal -1.000000e+00 0.000000e+00 0.000000e+00
    outer loop
      vertex   6.000000e+00 8.800000e+00 2.000000e+02
      vertex   6.000000e+00 1.000000e+01 1.950000e+02
      vertex   6.000000e+00 8.800000e+00 1.290000e+02
    endloop
  endfacet
  facet normal -1.000000e+00 0.000000e+00 0.000000e+00
    outer loop
      vertex   6.000000e+00 8.800000e+00 1.290000e+02
      vertex   6.000000e+00 1.000000e+01 1.950000e+02
      vertex   6.000000e+00 1.000000e+01 1.290000e+02
    endloop
  endfacet
  facet normal -1.000000e+00 0.000000e+00 0.000000e+00
    outer loop
      vertex   6.000000e+00 8.800000e+00 1.290000e+02
      vertex   6.000000e+00 1.000000e+01 1.290000e+02
      vertex   6.000000e+00 9.863270e+00 1.274372e+02
    endloop
  endfacet
  facet normal -1.000000e+00 0.000000e+00 0.000000e+00
    outer loop
      vertex   6.000000e+00 9.863270e+00 1.274372e+02
      vertex   6.000000e+00 1.000000e+01 1.290000e+02
      vertex   6.000000e+00 9.939145e+00 1.279552e+02
    endloop
  endfacet
  facet normal -1.000000e+00 0.000000e+00 0.000000e+00
    outer loop
      vertex   6.000000e+00 9.939145e+00 1.279552e+02
      vertex   6.000000e+00 1.000000e+01 1.290000e+02
      vertex   6.000000e+00 9.984773e+00 1.284767e+02
    endloop
  endfacet
  facet normal -1.000000e+00 0.000000e+00 0.000000e+00
    outer loop
      vertex   6.000000e+00 8.800000e+00 2.000000e+02
      vertex   6.000000e+00 1.000000e+01 2.000000e+02
      vertex   6.000000e+00 1.000000e+01 1.950000e+02
    endloop
  endfacet
  facet normal -1.000000e+00 -0.000000e+00 0.000000e+00
    outer loop
      vertex   6.000000e+00 9.863270e+00 1.274372e+02
      vertex   6.000000e+00 9.757404e+00 1.269245e+02
      vertex   6.000000e+00 8.800000e+00 1.290000e+02
    endloop
  endfacet
  facet normal -1.000000e+00 0.000000e+00 0.000000e+00
    outer loop
      vertex   6.000000e+00 8.800000e+00 1.290000e+02
      vertex   6.000000e+00 9.757404e+00 1.269245e+02
      vertex   6.000000e+00 9.621906e+00 1.264188e+02
    endloop
  endfacet
  facet normal -1.000000e+00 0.000000e+00 0.000000e+00
    outer loop
      vertex   6.000000e+00 8.800000e+00 1.290000e+02
      vertex   6.000000e+00 9.621906e+00 1.264188e+02
      vertex   6.000000e+00 9.457234e+00 1.259218e+02
    endloop
  endfacet
  facet normal -1.000000e+00 0.000000e+00 -0.000000e+00
    outer loop
      vertex   6.000000e+00 8.800000e+00 1.290000e+02
      vertex   6.000000e+00 9.457234e+00 1.259218e+02
      vertex   6.000000e+00 8.784608e+00 1.285102e+02
    endloop
  endfacet
  facet normal -1.000000e+00 0.000000e+00 0.000000e+00
    outer loop
      vertex   6.000000e+00 8.784608e+00 1.285102e+02
      vertex   6.000000e+00 9.457234e+00 1.259218e+02
      vertex   6.000000e+00 9.263945e+00 1.254353e+02
    endloop
  endfacet
  facet normal -1.000000e+00 0.000000e+00 -0.000000e+00
    outer loop
      vertex   6.000000e+00 8.784608e+00 1.285102e+02
      vertex   6.000000e+00 9.263945e+00 1.254353e+02
      vertex   6.000000e+00 8.738495e+00 1.280224e+02
    endloop
  endfacet
  facet normal -1.000000e+00 0.000000e+00 0.000000e+00
    outer loop
      vertex   6.000000e+00 8.738495e+00 1.280224e+02
      vertex   6.000000e+00 9.263945e+00 1.254353e+02
      vertex   6.000000e+00 9.042694e+00 1.249608e+02
    endloop
  endfacet
  facet normal -1.000000e+00 0.000000e+00 -0.000000e+00
    outer loop
      vertex   6.000000e+00 8.738495e+00 1.280224e+02
      vertex   6.000000e+00 9.042694e+00 1.249608e+02
      vertex   6.000000e+00 8.661841e+00 1.275384e+02
    endloop
  endfacet
  facet normal -1.000000e+00 0.000000e+00 0.000000e+00
    outer loop
      vertex   6.000000e+00 8.661841e+00 1.275384e+02
      vertex   6.000000e+00 9.042694e+00 1.249608e+02
      vertex   6.000000e+00 8.794229e+00 1.245000e+02
    endloop
  endfacet
  facet normal -1.000000e+00 0.000000e+00 -0.000000e+00
    outer loop
      vertex   6.000000e+00 8.661841e+00 1.275384e+02
      vertex   6.000000e+00 8.794229e+00 1.245000e+02
      vertex   6.000000e+00 8.554949e+00 1.270602e+02
    endloop
  endfacet
  facet normal -1.000000e+00 0.000000e+00 -0.000000e+00
    outer loop
      vertex   6.000000e+00 8.554949e+00 1.270602e+02
      vertex   6.000000e+00 8.794229e+00 1.245000e+02
      vertex   6.000000e+00 8.418241e+00 1.265897e+02
    endloop
  endfacet
  facet normal -1.000000e+00 0.000000e+00 0.000000e+00
    outer loop
      vertex   6.000000e+00 8.418241e+00 1.265897e+02
      vertex   6.000000e+00 8.794229e+00 1.245000e+02
      vertex   6.000000e+00 8.519390e+00 1.240544e+02
    endloop
  endfacet
  facet normal -1.000000e+00 0.000000e+00 -0.000000e+00
    outer loop
      vertex   6.000000e+00 8.418241e+00 1.265897e+02
      vertex   6.000000e+00 8.519390e+00 1.240544e+02
      vertex   6.000000e+00 8.252257e+00 1.261286e+02
    endloop
  endfacet
  facet normal -1.000000e+00 0.000000e+00 -0.000000e+00
    outer loop
      vertex   6.000000e+00 8.252257e+00 1.261286e+02
      vertex   6.000000e+00 8.519390e+00 1.240544e+02
      vertex   6.000000e+00 8.219109e+00 1.236256e+02
    endloop
  endfacet
  facet normal -1.000000e+00 0.000000e+00 0.000000e+00
    outer loop
      vertex   6.000000e+00 8.252257e+00 1.261286e+02
      vertex   6.000000e+00 8.219109e+00 1.236256e+02
      vertex   6.000000e+00 8.057651e+00 1.256789e+02
    endloop
  endfacet
  facet normal -1.000000e+00 0.000000e+00 -0.000000e+00
    outer loop
      vertex   6.000000e+00 8.057651e+00 1.256789e+02
      vertex   6.000000e+00 8.219109e+00 1.236256e+02
      vertex   6.000000e+00 7.835192e+00 1.252423e+02
    endloop
  endfacet
  facet normal -1.000000e+00 0.000000e+00 0.000000e+00
    outer loop
      vertex   6.000000e+00 7.835192e+00 1.252423e+02
      vertex   6.000000e+00 8.219109e+00 1.236256e+02
      vertex   6.000000e+00 7.894400e+00 1.232149e+02
    endloop
  endfacet
  facet normal -1.000000e+00 0.000000e+00 -0.000000e+00
    outer loop
      vertex   6.000000e+00 7.835192e+00 1.252423e+02
      vertex   6.000000e+00 7.894400e+00 1.232149e+02
      vertex   6.000000e+00 7.585758e+00 1.248206e+02
    endloop
  endfacet
  facet normal -1.000000e+00 0.000000e+00 -0.000000e+00
    outer loop
      vertex   6.000000e+00 7.585758e+00 1.248206e+02
      vertex   6.000000e+00 7.894400e+00 1.232149e+02
      vertex   6.000000e+00 7.546363e+00 1.228238e+02
    endloop
  endfacet
  facet normal -1.000000e+00 0.000000e+00 0.000000e+00
    outer loop
      vertex   6.000000e+00 7.585758e+00 1.248206e+02
      vertex   6.000000e+00 7.546363e+00 1.228238e+02
      vertex   6.000000e+00 7.310333e+00 1.244153e+02
    endloop
  endfacet
  facet normal -1.000000e+00 0.000000e+00 -0.000000e+00
    outer loop
      vertex   6.000000e+00 7.310333e+00 1.244153e+02
      vertex   6.000000e+00 7.546363e+00 1.228238e+02
      vertex   6.000000e+00 7.176175e+00 1.224536e+02
    endloop
  endfacet
  facet normal -1.000000e+00 0.000000e+00 0.000000e+00
    outer loop
      vertex   6.000000e+00 7.310333e+00 1.244153e+02
      vertex   6.000000e+00 7.176175e+00 1.224536e+02
      vertex   6.000000e+00 7.010003e+00 1.240281e+02
    endloop
  endfacet
  facet normal -1.000000e+00 0.000000e+00 -0.000000e+00
    outer loop
      vertex   6.000000e+00 7.010003e+00 1.240281e+02
      vertex   6.000000e+00 7.176175e+00 1.224536e+02
      vertex   6.000000e+00 6.785088e+00 1.221056e+02
    endloop
  endfacet
  facet normal -1.000000e+00 0.000000e+00 0.000000e+00
    outer loop
      vertex   6.000000e+00 7.010003e+00 1.240281e+02
      vertex   6.000000e+00 6.785088e+00 1.221056e+02
      vertex   6.000000e+00 6.685955e+00 1.236605e+02
    endloop
  endfacet
  facet normal -1.000000e+00 0.000000e+00 -0.000000e+00
    outer loop
      vertex   6.000000e+00 6.685955e+00 1.236605e+02
      vertex   6.000000e+00 6.785088e+00 1.221056e+02
      vertex   6.000000e+00 6.374427e+00 1.217809e+02
    endloop
  endfacet
  facet normal -1.000000e+00 0.000000e+00 0.000000e+00
    outer loop
      vertex   6.000000e+00 6.685955e+00 1.236605e+02
      vertex   6.000000e+00 6.374427e+00 1.217809e+02
      vertex   6.000000e+00 6.339467e+00 1.233140e+02
    endloop
  endfacet
  facet normal -1.000000e+00 0.000000e+00 -0.000000e+00
    outer loop
      vertex   6.000000e+00 6.339467e+00 1.233140e+02
      vertex   6.000000e+00 6.374427e+00 1.217809e+02
      vertex   6.000000e+00 5.971907e+00 1.229900e+02
    endloop
  endfacet
  facet normal -1.000000e+00 0.000000e+00 -0.000000e+00
    outer loop
      vertex   6.000000e+00 5.971907e+00 1.229900e+02
      vertex   6.000000e+00 6.374427e+00 1.217809e+02
      vertex   6.000000e+00 5.945581e+00 1.214806e+02
    endloop
  endfacet
  facet normal -1.000000e+00 0.000000e+00 0.000000e+00
    outer loop
      vertex   6.000000e+00 5.971907e+00 1.229900e+02
      vertex   6.000000e+00 5.945581e+00 1.214806e+02
      vertex   6.000000e+00 5.584725e+00 1.226897e+02
    endloop
  endfacet
  facet normal -1.000000e+00 0.000000e+00 -0.000000e+00
    outer loop
      vertex   6.000000e+00 5.584725e+00 1.226897e+02
      vertex   6.000000e+00 5.945581e+00 1.214806e+02
      vertex   6.000000e+00 5.500000e+00 1.212058e+02
    endloop
  endfacet
  facet normal -1.000000e+00 0.000000e+00 0.000000e+00
    outer loop
      vertex   6.000000e+00 5.584725e+00 1.226897e+02
      vertex   6.000000e+00 5.500000e+00 1.212058e+02
      vertex   6.000000e+00 5.179449e+00 1.224142e+02
    endloop
  endfacet
  facet normal -1.000000e+00 0.000000e+00 -0.000000e+00
    outer loop
      vertex   6.000000e+00 5.179449e+00 1.224142e+02
      vertex   6.000000e+00 5.500000e+00 1.212058e+02
      vertex   6.000000e+00 5.039193e+00 1.209573e+02
    endloop
  endfacet
  facet normal -1.000000e+00 0.000000e+00 0.000000e+00
    outer loop
      vertex   6.000000e+00 5.179449e+00 1.224142e+02
      vertex   6.000000e+00 5.039193e+00 1.209573e+02
      vertex   6.000000e+00 4.757679e+00 1.221648e+02
    endloop
  endfacet
  facet normal -1.000000e+00 0.000000e+00 -0.000000e+00
    outer loop
      vertex   6.000000e+00 4.757679e+00 1.221648e+02
      vertex   6.000000e+00 5.039193e+00 1.209573e+02
      vertex   6.000000e+00 4.564718e+00 1.207361e+02
    endloop
  endfacet
  facet normal -1.000000e+00 0.000000e+00 0.000000e+00
    outer loop
      vertex   6.000000e+00 4.757679e+00 1.221648e+02
      vertex   6.000000e+00 4.564718e+00 1.207361e+02
      vertex   6.000000e+00 4.321078e+00 1.219423e+02
    endloop
  endfacet
  facet normal -1.000000e+00 0.000000e+00 -0.000000e+00
    outer loop
      vertex   6.000000e+00 4.321078e+00 1.219423e+02
      vertex   6.000000e+00 4.564718e+00 1.207361e+02
      vertex   6.000000e+00 4.078181e+00 1.205428e+02
    endloop
  endfacet
  facet normal -1.000000e+00 0.000000e+00 0.000000e+00
    outer loop
      vertex   6.000000e+00 4.321078e+00 1.219423e+02
      vertex   6.000000e+00 4.078181e+00 1.205428e+02
      vertex   6.000000e+00 3.871372e+00 1.217477e+02
    endloop
  endfacet
  facet normal -1.000000e+00 0.000000e+00 -0.000000e+00
    outer loop
      vertex   6.000000e+00 3.871372e+00 1.217477e+02
      vertex   6.000000e+00 4.078181e+00 1.205428e+02
      vertex   6.000000e+00 3.581229e+00 1.203781e+02
    endloop
  endfacet
  facet normal -1.000000e+00 0.000000e+00 0.000000e+00
    outer loop
      vertex   6.000000e+00 3.871372e+00 1.217477e+02
      vertex   6.000000e+00 3.581229e+00 1.203781e+02
      vertex   6.000000e+00 3.410333e+00 1.215818e+02
    endloop
  endfacet
  facet normal -1.000000e+00 0.000000e+00 -0.000000e+00
    outer loop
      vertex   6.000000e+00 3.410333e+00 1.215818e+02
      vertex   6.000000e+00 3.581229e+00 1.203781e+02
      vertex   6.000000e+00 3.075543e+00 1.202426e+02
    endloop
  endfacet
  facet normal -1.000000e+00 0.000000e+00 0.000000e+00
    outer loop
      vertex   6.000000e+00 3.410333e+00 1.215818e+02
      vertex   6.000000e+00 3.075543e+00 1.202426e+02
      vertex   6.000000e+00 2.939781e+00 1.214451e+02
    endloop
  endfacet
  facet normal -1.000000e+00 0.000000e+00 -0.000000e+00
    outer loop
      vertex   6.000000e+00 2.939781e+00 1.214451e+02
      vertex   6.000000e+00 3.075543e+00 1.202426e+02
      vertex   6.000000e+00 2.562834e+00 1.201367e+02
    endloop
  endfacet
  facet normal -1.000000e+00 0.000000e+00 0.000000e+00
    outer loop
      vertex   6.000000e+00 2.939781e+00 1.214451e+02
      vertex   6.000000e+00 2.562834e+00 1.201367e+02
      vertex   6.000000e+00 2.461574e+00 1.213382e+02
    endloop
  endfacet
  facet normal -1.000000e+00 0.000000e+00 -0.000000e+00
    outer loop
      vertex   6.000000e+00 2.461574e+00 1.213382e+02
      vertex   6.000000e+00 2.562834e+00 1.201367e+02
      vertex   6.000000e+00 2.044836e+00 1.200609e+02
    endloop
  endfacet
  facet normal -1.000000e+00 0.000000e+00 0.000000e+00
    outer loop
      vertex   6.000000e+00 2.461574e+00 1.213382e+02
      vertex   6.000000e+00 2.044836e+00 1.200609e+02
      vertex   6.000000e+00 1.977599e+00 1.212615e+02
    endloop
  endfacet
  facet normal -1.000000e+00 0.000000e+00 -0.000000e+00
    outer loop
      vertex   6.000000e+00 1.977599e+00 1.212615e+02
      vertex   6.000000e+00 2.044836e+00 1.200609e+02
      vertex   6.000000e+00 1.523303e+00 1.200152e+02
    endloop
  endfacet
  facet normal -1.000000e+00 0.000000e+00 0.000000e+00
    outer loop
      vertex   6.000000e+00 1.977599e+00 1.212615e+02
      vertex   6.000000e+00 1.523303e+00 1.200152e+02
      vertex   6.000000e+00 1.489766e+00 1.212154e+02
    endloop
  endfacet
  facet normal -1.000000e+00 0.000000e+00 -0.000000e+00
    outer loop
      vertex   6.000000e+00 1.489766e+00 1.212154e+02
      vertex   6.000000e+00 1.523303e+00 1.200152e+02
      vertex   6.000000e+00 1.000000e+00 1.200000e+02
    endloop
  endfacet
  facet normal -1.000000e+00 0.000000e+00 0.000000e+00
    outer loop
      vertex   6.000000e+00 1.489766e+00 1.212154e+02
      vertex   6.000000e+00 1.000000e+00 1.200000e+02
      vertex   6.000000e+00 1.000000e+00 1.212000e+02
    endloop
  endfacet
  facet normal -1.000000e+00 -0.000000e+00 -0.000000e+00
    outer loop
      vertex   6.000000e+00 1.000000e+00 1.212000e+02
      vertex   6.000000e+00 1.000000e+00 1.200000e+02
      vertex   6.000000e+00 -4.800000e+00 1.212000e+02
    endloop
  endfacet
  facet normal -1.000000e+00 0.000000e+00 -0.000000e+00
    outer loop
      vertex   6.000000e+00 -4.800000e+00 1.212000e+02
      vertex   6.000000e+00 1.000000e+00 1.200000e+02
      vertex   6.000000e+00 -5.000000e+00 1.200000e+02
    endloop
  endfacet
  facet normal -1.000000e+00 -0.000000e+00 0.000000e+00
    outer loop
      vertex   6.000000e+00 -4.800000e+00 1.212000e+02
      vertex   6.000000e+00 -5.000000e+00 1.200000e+02
      vertex   6.000000e+00 -4.800000e+00 1.228000e+02
    endloop
  endfacet
  facet normal -1.000000e+00 -0.000000e+00 0.000000e+00
    outer loop
      vertex   6.000000e+00 -4.800000e+00 1.228000e+02
      vertex   6.000000e+00 -5.000000e+00 1.200000e+02
      vertex   6.000000e+00 -5.000000e+00 1.240000e+02
    endloop
  endfacet
  facet normal -1.000000e+00 0.000000e+00 0.000000e+00
    outer loop
      vertex   6.000000e+00 -4.800000e+00 1.228000e+02
      vertex   6.000000e+00 -5.000000e+00 1.240000e+02
      vertex   6.000000e+00 -2.000000e+00 1.240000e+02
    endloop
  endfacet
  facet normal -1.000000e+00 0.000000e+00 0.000000e+00
    outer loop
      vertex   6.000000e+00 -4.800000e+00 1.228000e+02
      vertex   6.000000e+00 -2.000000e+00 1.240000e+02
      vertex   6.000000e+00 -2.000000e+00 1.228000e+02
    endloop
  endfacet
  facet normal -1.000000e+00 0.000000e+00 0.000000e+00
    outer loop
      vertex   6.000000e+00 -2.000000e+00 1.228000e+02
      vertex   6.000000e+00 -2.000000e+00 1.240000e+02
      vertex   6.000000e+00 -1.758927e+00 1.240146e+02
    endloop
  endfacet
  facet normal -1.000000e+00 0.000000e+00 0.000000e+00
    outer loop
      vertex   6.000000e+00 -2.000000e+00 1.228000e+02
      vertex   6.000000e+00 -1.758927e+00 1.240146e+02
      vertex   6.000000e+00 -1.686345e+00 1.228154e+02
    endloop
  endfacet
  facet normal -1.000000e+00 0.000000e+00 0.000000e+00
    outer loop
      vertex   6.000000e+00 -1.686345e+00 1.228154e+02
      vertex   6.000000e+00 -1.758927e+00 1.240146e+02
      vertex   6.000000e+00 -1.521369e+00 1.240581e+02
    endloop
  endfacet
  facet normal -1.000000e+00 0.000000e+00 0.000000e+00
    outer loop
      vertex   6.000000e+00 -1.686345e+00 1.228154e+02
      vertex   6.000000e+00 -1.521369e+00 1.240581e+02
      vertex   6.000000e+00 -1.375711e+00 1.228615e+02
    endloop
  endfacet
  facet normal -1.000000e+00 0.000000e+00 0.000000e+00
    outer loop
      vertex   6.000000e+00 -1.375711e+00 1.228615e+02
      vertex   6.000000e+00 -1.521369e+00 1.240581e+02
      vertex   6.000000e+00 -1.290790e+00 1.241300e+02
    endloop
  endfacet
  facet normal -1.000000e+00 0.000000e+00 0.000000e+00
    outer loop
      vertex   6.000000e+00 -1.375711e+00 1.228615e+02
      vertex   6.000000e+00 -1.290790e+00 1.241300e+02
      vertex   6.000000e+00 -1.071089e+00 1.229378e+02
    endloop
  endfacet
  facet normal -1.000000e+00 0.000000e+00 0.000000e+00
    outer loop
      vertex   6.000000e+00 -1.071089e+00 1.229378e+02
      vertex   6.000000e+00 -1.290790e+00 1.241300e+02
      vertex   6.000000e+00 -1.070554e+00 1.242291e+02
    endloop
  endfacet
  facet normal -1.000000e+00 0.000000e+00 0.000000e+00
    outer loop
      vertex   6.000000e+00 -1.071089e+00 1.229378e+02
      vertex   6.000000e+00 -1.070554e+00 1.242291e+02
      vertex   6.000000e+00 -8.638705e-01 1.243540e+02
    endloop
  endfacet
  facet normal -1.000000e+00 0.000000e+00 0.000000e+00
    outer loop
      vertex   6.000000e+00 -1.071089e+00 1.229378e+02
      vertex   6.000000e+00 -8.638705e-01 1.243540e+02
      vertex   6.000000e+00 -7.754130e-01 1.230436e+02
    endloop
  endfacet
  facet normal -1.000000e+00 0.000000e+00 0.000000e+00
    outer loop
      vertex   6.000000e+00 -7.754130e-01 1.230436e+02
      vertex   6.000000e+00 -8.638705e-01 1.243540e+02
      vertex   6.000000e+00 -6.737547e-01 1.245030e+02
    endloop
  endfacet
  facet normal -1.000000e+00 0.000000e+00 0.000000e+00
    outer loop
      vertex   6.000000e+00 -7.754130e-01 1.230436e+02
      vertex   6.000000e+00 -6.737547e-01 1.245030e+02
      vertex   6.000000e+00 -4.915304e-01 1.231779e+02
    endloop
  endfacet
  facet normal -1.000000e+00 0.000000e+00 0.000000e+00
    outer loop
      vertex   6.000000e+00 -4.915304e-01 1.231779e+02
      vertex   6.000000e+00 -6.737547e-01 1.245030e+02
      vertex   6.000000e+00 -5.029785e-01 1.246738e+02
    endloop
  endfacet
  facet normal -1.000000e+00 0.000000e+00 0.000000e+00
    outer loop
      vertex   6.000000e+00 -4.915304e-01 1.231779e+02
      vertex   6.000000e+00 -5.029785e-01 1.246738e+02
      vertex   6.000000e+00 -3.540323e-01 1.248639e+02
    endloop
  endfacet
  facet normal -1.000000e+00 0.000000e+00 0.000000e+00
    outer loop
      vertex   6.000000e+00 -4.915304e-01 1.231779e+02
      vertex   6.000000e+00 -3.540323e-01 1.248639e+02
      vertex   6.000000e+00 -2.221752e-01 1.233393e+02
    endloop
  endfacet
  facet normal -1.000000e+00 0.000000e+00 0.000000e+00
    outer loop
      vertex   6.000000e+00 -2.221752e-01 1.233393e+02
      vertex   6.000000e+00 -3.540323e-01 1.248639e+02
      vertex   6.000000e+00 -2.290879e-01 1.250706e+02
    endloop
  endfacet
  facet normal -1.000000e+00 0.000000e+00 0.000000e+00
    outer loop
      vertex   6.000000e+00 -2.221752e-01 1.233393e+02
      vertex   6.000000e+00 -2.290879e-01 1.250706e+02
      vertex   6.000000e+00 3.005852e-02 1.235264e+02
    endloop
  endfacet
  facet normal -1.000000e+00 0.000000e+00 0.000000e+00
    outer loop
      vertex   6.000000e+00 3.005852e-02 1.235264e+02
      vertex   6.000000e+00 -2.290879e-01 1.250706e+02
      vertex   6.000000e+00 -1.299675e-01 1.252908e+02
    endloop
  endfacet
  facet normal -1.000000e+00 0.000000e+00 0.000000e+00
    outer loop
      vertex   6.000000e+00 3.005852e-02 1.235264e+02
      vertex   6.000000e+00 -1.299675e-01 1.252908e+02
      vertex   6.000000e+00 -5.811637e-02 1.255214e+02
    endloop
  endfacet
  facet normal -1.000000e+00 0.000000e+00 0.000000e+00
    outer loop
      vertex   6.000000e+00 3.005852e-02 1.235264e+02
      vertex   6.000000e+00 -5.811637e-02 1.255214e+02
      vertex   6.000000e+00 2.627417e-01 1.237373e+02
    endloop
  endfacet
  facet normal -1.000000e+00 0.000000e+00 0.000000e+00
    outer loop
      vertex   6.000000e+00 2.627417e-01 1.237373e+02
      vertex   6.000000e+00 -5.811637e-02 1.255214e+02
      vertex   6.000000e+00 -1.458225e-02 1.257589e+02
    endloop
  endfacet
  facet normal -1.000000e+00 0.000000e+00 0.000000e+00
    outer loop
      vertex   6.000000e+00 2.627417e-01 1.237373e+02
      vertex   6.000000e+00 -1.458225e-02 1.257589e+02
      vertex   6.000000e+00 4.996004e-15 1.260000e+02
    endloop
  endfacet
  facet normal -1.000000e+00 0.000000e+00 0.000000e+00
    outer loop
      vertex   6.000000e+00 0.000000e+00 1.363333e+02
      vertex   6.000000e+00 1.200000e+00 1.363333e+02
      vertex   6.000000e+00 4.996004e-15 1.260000e+02
    endloop
  endfacet
  facet normal -1.000000e+00 0.000000e+00 0.000000e+00
    outer loop
      vertex   6.000000e+00 4.996004e-15 1.260000e+02
      vertex   6.000000e+00 1.200000e+00 1.363333e+02
      vertex   6.000000e+00 1.200000e+00 1.260000e+02
    endloop
  endfacet
  facet normal -1.000000e+00 0.000000e+00 0.000000e+00
    outer loop
      vertex   6.000000e+00 4.996004e-15 1.260000e+02
      vertex   6.000000e+00 1.200000e+00 1.260000e+02
      vertex   6.000000e+00 8.221481e-01 1.244915e+02
    endloop
  endfacet
  facet normal -1.000000e+00 0.000000e+00 0.000000e+00
    outer loop
      vertex   6.000000e+00 8.221481e-01 1.244915e+02
      vertex   6.000000e+00 1.200000e+00 1.260000e+02
      vertex   6.000000e+00 9.564145e-01 1.247754e+02
    endloop
  endfacet
  facet normal -1.000000e+00 0.000000e+00 0.000000e+00
    outer loop
      vertex   6.000000e+00 9.564145e-01 1.247754e+02
      vertex   6.000000e+00 1.200000e+00 1.260000e+02
      vertex   6.000000e+00 1.062209e+00 1.250711e+02
    endloop
  endfacet
  facet normal -1.000000e+00 0.000000e+00 0.000000e+00
    outer loop
      vertex   6.000000e+00 1.062209e+00 1.250711e+02
      vertex   6.000000e+00 1.200000e+00 1.260000e+02
      vertex   6.000000e+00 1.138513e+00 1.253757e+02
    endloop
  endfacet
  facet normal -1.000000e+00 0.000000e+00 0.000000e+00
    outer loop
      vertex   6.000000e+00 1.138513e+00 1.253757e+02
      vertex   6.000000e+00 1.200000e+00 1.260000e+02
      vertex   6.000000e+00 1.184591e+00 1.256863e+02
    endloop
  endfacet
  facet normal -1.000000e+00 0.000000e+00 0.000000e+00
    outer loop
      vertex   6.000000e+00 -1.458225e-02 1.365744e+02
      vertex   6.000000e+00 2.627417e-01 1.385961e+02
      vertex   6.000000e+00 0.000000e+00 1.363333e+02
    endloop
  endfacet
  facet normal -1.000000e+00 0.000000e+00 0.000000e+00
    outer loop
      vertex   6.000000e+00 0.000000e+00 1.363333e+02
      vertex   6.000000e+00 2.627417e-01 1.385961e+02
      vertex   6.000000e+00 4.736335e-01 1.383634e+02
    endloop
  endfacet
  facet normal -1.000000e+00 0.000000e+00 0.000000e+00
    outer loop
      vertex   6.000000e+00 0.000000e+00 1.363333e+02
      vertex   6.000000e+00 4.736335e-01 1.383634e+02
      vertex   6.000000e+00 6.607028e-01 1.381112e+02
    endloop
  endfacet
  facet normal -1.000000e+00 0.000000e+00 0.000000e+00
    outer loop
      vertex   6.000000e+00 -1.458225e-02 1.365744e+02
      vertex   6.000000e+00 -5.811637e-02 1.368120e+02
      vertex   6.000000e+00 2.627417e-01 1.385961e+02
    endloop
  endfacet
  facet normal -1.000000e+00 -0.000000e+00 0.000000e+00
    outer loop
      vertex   6.000000e+00 2.627417e-01 1.385961e+02
      vertex   6.000000e+00 -5.811637e-02 1.368120e+02
      vertex   6.000000e+00 3.005852e-02 1.388070e+02
    endloop
  endfacet
  facet normal -1.000000e+00 0.000000e+00 0.000000e+00
    outer loop
      vertex   6.000000e+00 3.005852e-02 1.388070e+02
      vertex   6.000000e+00 -5.811637e-02 1.368120e+02
      vertex   6.000000e+00 -1.299675e-01 1.370425e+02
    endloop
  endfacet
  facet normal -1.000000e+00 0.000000e+00 0.000000e+00
    outer loop
      vertex   6.000000e+00 3.005852e-02 1.388070e+02
      vertex   6.000000e+00 -1.299675e-01 1.370425e+02
      vertex   6.000000e+00 -2.290879e-01 1.372628e+02
    endloop
  endfacet
  facet normal -1.000000e+00 -0.000000e+00 0.000000e+00
    outer loop
      vertex   6.000000e+00 3.005852e-02 1.388070e+02
      vertex   6.000000e+00 -2.290879e-01 1.372628e+02
      vertex   6.000000e+00 -2.221752e-01 1.389940e+02
    endloop
  endfacet
  facet normal -1.000000e+00 0.000000e+00 0.000000e+00
    outer loop
      vertex   6.000000e+00 -2.221752e-01 1.389940e+02
      vertex   6.000000e+00 -2.290879e-01 1.372628e+02
      vertex   6.000000e+00 -3.540323e-01 1.374695e+02
    endloop
  endfacet
  facet normal -1.000000e+00 -0.000000e+00 0.000000e+00
    outer loop
      vertex   6.000000e+00 -2.221752e-01 1.389940e+02
      vertex   6.000000e+00 -3.540323e-01 1.374695e+02
      vertex   6.000000e+00 -4.915304e-01 1.391555e+02
    endloop
  endfacet
  facet normal -1.000000e+00 0.000000e+00 -0.000000e+00
    outer loop
      vertex   6.000000e+00 -4.915304e-01 1.391555e+02
      vertex   6.000000e+00 -3.540323e-01 1.374695e+02
      vertex   6.000000e+00 -5.029785e-01 1.376596e+02
    endloop
  endfacet
  facet normal -1.000000e+00 0.000000e+00 0.000000e+00
    outer loop
      vertex   6.000000e+00 -4.915304e-01 1.391555e+02
      vertex   6.000000e+00 -5.029785e-01 1.376596e+02
      vertex   6.000000e+00 -6.737547e-01 1.378304e+02
    endloop
  endfacet
  facet normal -1.000000e+00 -0.000000e+00 0.000000e+00
    outer loop
      vertex   6.000000e+00 -4.915304e-01 1.391555e+02
      vertex   6.000000e+00 -6.737547e-01 1.378304e+02
      vertex   6.000000e+00 -7.754130e-01 1.392897e+02
    endloop
  endfacet
  facet normal -1.000000e+00 0.000000e+00 -0.000000e+00
    outer loop
      vertex   6.000000e+00 -7.754130e-01 1.392897e+02
      vertex   6.000000e+00 -6.737547e-01 1.378304e+02
      vertex   6.000000e+00 -8.638705e-01 1.379793e+02
    endloop
  endfacet
  facet normal -1.000000e+00 -0.000000e+00 0.000000e+00
    outer loop
      vertex   6.000000e+00 -7.754130e-01 1.392897e+02
      vertex   6.000000e+00 -8.638705e-01 1.379793e+02
      vertex   6.000000e+00 -1.071089e+00 1.393955e+02
    endloop
  endfacet
  facet normal -1.000000e+00 0.000000e+00 0.000000e+00
    outer loop
      vertex   6.000000e+00 -1.071089e+00 1.393955e+02
      vertex   6.000000e+00 -8.638705e-01 1.379793e+02
      vertex   6.000000e+00 -1.070554e+00 1.381042e+02
    endloop
  endfacet
  facet normal -1.000000e+00 0.000000e+00 -0.000000e+00
    outer loop
      vertex   6.000000e+00 -1.071089e+00 1.393955e+02
      vertex   6.000000e+00 -1.070554e+00 1.381042e+02
      vertex   6.000000e+00 -1.290790e+00 1.382034e+02
    endloop
  endfacet
  facet normal -1.000000e+00 -0.000000e+00 0.000000e+00
    outer loop
      vertex   6.000000e+00 -1.071089e+00 1.393955e+02
      vertex   6.000000e+00 -1.290790e+00 1.382034e+02
      vertex   6.000000e+00 -1.375711e+00 1.394718e+02
    endloop
  endfacet
  facet normal -1.000000e+00 0.000000e+00 -0.000000e+00
    outer loop
      vertex   6.000000e+00 -1.375711e+00 1.394718e+02
      vertex   6.000000e+00 -1.290790e+00 1.382034e+02
      vertex   6.000000e+00 -1.521369e+00 1.382752e+02
    endloop
  endfacet
  facet normal -1.000000e+00 -0.000000e+00 0.000000e+00
    outer loop
      vertex   6.000000e+00 -1.375711e+00 1.394718e+02
      vertex   6.000000e+00 -1.521369e+00 1.382752e+02
      vertex   6.000000e+00 -1.686345e+00 1.395179e+02
    endloop
  endfacet
  facet normal -1.000000e+00 0.000000e+00 -0.000000e+00
    outer loop
      vertex   6.000000e+00 -1.686345e+00 1.395179e+02
      vertex   6.000000e+00 -1.521369e+00 1.382752e+02
      vertex   6.000000e+00 -1.758927e+00 1.383188e+02
    endloop
  endfacet
  facet normal -1.000000e+00 -0.000000e+00 0.000000e+00
    outer loop
      vertex   6.000000e+00 -1.686345e+00 1.395179e+02
      vertex   6.000000e+00 -1.758927e+00 1.383188e+02
      vertex   6.000000e+00 -2.000000e+00 1.395333e+02
    endloop
  endfacet
  facet normal -1.000000e+00 0.000000e+00 -0.000000e+00
    outer loop
      vertex   6.000000e+00 -2.000000e+00 1.395333e+02
      vertex   6.000000e+00 -1.758927e+00 1.383188e+02
      vertex   6.000000e+00 -2.000000e+00 1.383333e+02
    endloop
  endfacet
  facet normal -1.000000e+00 -0.000000e+00 0.000000e+00
    outer loop
      vertex   6.000000e+00 -2.000000e+00 1.395333e+02
      vertex   6.000000e+00 -2.000000e+00 1.383333e+02
      vertex   6.000000e+00 -4.800000e+00 1.395333e+02
    endloop
  endfacet
  facet normal -1.000000e+00 0.000000e+00 -0.000000e+00
    outer loop
      vertex   6.000000e+00 -4.800000e+00 1.395333e+02
      vertex   6.000000e+00 -2.000000e+00 1.383333e+02
      vertex   6.000000e+00 -5.000000e+00 1.383333e+02
    endloop
  endfacet
  facet normal -1.000000e+00 -0.000000e+00 0.000000e+00
    outer loop
      vertex   6.000000e+00 -4.800000e+00 1.395333e+02
      vertex   6.000000e+00 -5.000000e+00 1.383333e+02
      vertex   6.000000e+00 -4.800000e+00 1.411333e+02
    endloop
  endfacet
  facet normal -1.000000e+00 -0.000000e+00 0.000000e+00
    outer loop
      vertex   6.000000e+00 -4.800000e+00 1.411333e+02
      vertex   6.000000e+00 -5.000000e+00 1.383333e+02
      vertex   6.000000e+00 -5.000000e+00 1.423333e+02
    endloop
  endfacet
  facet normal -1.000000e+00 0.000000e+00 0.000000e+00
    outer loop
      vertex   6.000000e+00 -4.800000e+00 1.411333e+02
      vertex   6.000000e+00 -5.000000e+00 1.423333e+02
      vertex   6.000000e+00 -2.000000e+00 1.423333e+02
    endloop
  endfacet
  facet normal -1.000000e+00 0.000000e+00 0.000000e+00
    outer loop
      vertex   6.000000e+00 -4.800000e+00 1.411333e+02
      vertex   6.000000e+00 -2.000000e+00 1.423333e+02
      vertex   6.000000e+00 -2.000000e+00 1.411333e+02
    endloop
  endfacet
  facet normal -1.000000e+00 0.000000e+00 0.000000e+00
    outer loop
      vertex   6.000000e+00 -2.000000e+00 1.411333e+02
      vertex   6.000000e+00 -2.000000e+00 1.423333e+02
      vertex   6.000000e+00 -1.758927e+00 1.423479e+02
    endloop
  endfacet
  facet normal -1.000000e+00 0.000000e+00 0.000000e+00
    outer loop
      vertex   6.000000e+00 -2.000000e+00 1.411333e+02
      vertex   6.000000e+00 -1.758927e+00 1.423479e+02
      vertex   6.000000e+00 -1.686345e+00 1.411487e+02
    endloop
  endfacet
  facet normal -1.000000e+00 0.000000e+00 0.000000e+00
    outer loop
      vertex   6.000000e+00 -1.686345e+00 1.411487e+02
      vertex   6.000000e+00 -1.758927e+00 1.423479e+02
      vertex   6.000000e+00 -1.521369e+00 1.423914e+02
    endloop
  endfacet
  facet normal -1.000000e+00 0.000000e+00 0.000000e+00
    outer loop
      vertex   6.000000e+00 -1.686345e+00 1.411487e+02
      vertex   6.000000e+00 -1.521369e+00 1.423914e+02
      vertex   6.000000e+00 -1.375711e+00 1.411948e+02
    endloop
  endfacet
  facet normal -1.000000e+00 0.000000e+00 0.000000e+00
    outer loop
      vertex   6.000000e+00 -1.375711e+00 1.411948e+02
      vertex   6.000000e+00 -1.521369e+00 1.423914e+02
      vertex   6.000000e+00 -1.290790e+00 1.424633e+02
    endloop
  endfacet
  facet normal -1.000000e+00 0.000000e+00 0.000000e+00
    outer loop
      vertex   6.000000e+00 -1.375711e+00 1.411948e+02
      vertex   6.000000e+00 -1.290790e+00 1.424633e+02
      vertex   6.000000e+00 -1.071089e+00 1.412711e+02
    endloop
  endfacet
  facet normal -1.000000e+00 0.000000e+00 0.000000e+00
    outer loop
      vertex   6.000000e+00 -1.071089e+00 1.412711e+02
      vertex   6.000000e+00 -1.290790e+00 1.424633e+02
      vertex   6.000000e+00 -1.070554e+00 1.425624e+02
    endloop
  endfacet
  facet normal -1.000000e+00 0.000000e+00 0.000000e+00
    outer loop
      vertex   6.000000e+00 -1.071089e+00 1.412711e+02
      vertex   6.000000e+00 -1.070554e+00 1.425624e+02
      vertex   6.000000e+00 -8.638705e-01 1.426874e+02
    endloop
  endfacet
  facet normal -1.000000e+00 0.000000e+00 0.000000e+00
    outer loop
      vertex   6.000000e+00 -1.071089e+00 1.412711e+02
      vertex   6.000000e+00 -8.638705e-01 1.426874e+02
      vertex   6.000000e+00 -7.754130e-01 1.413769e+02
    endloop
  endfacet
  facet normal -1.000000e+00 0.000000e+00 0.000000e+00
    outer loop
      vertex   6.000000e+00 -7.754130e-01 1.413769e+02
      vertex   6.000000e+00 -8.638705e-01 1.426874e+02
      vertex   6.000000e+00 -6.737547e-01 1.428363e+02
    endloop
  endfacet
  facet normal -1.000000e+00 0.000000e+00 0.000000e+00
    outer loop
      vertex   6.000000e+00 -7.754130e-01 1.413769e+02
      vertex   6.000000e+00 -6.737547e-01 1.428363e+02
      vertex   6.000000e+00 -4.915304e-01 1.415112e+02
    endloop
  endfacet
  facet normal -1.000000e+00 0.000000e+00 0.000000e+00
    outer loop
      vertex   6.000000e+00 -4.915304e-01 1.415112e+02
      vertex   6.000000e+00 -6.737547e-01 1.428363e+02
      vertex   6.000000e+00 -5.029785e-01 1.430071e+02
    endloop
  endfacet
  facet normal -1.000000e+00 0.000000e+00 0.000000e+00
    outer loop
      vertex   6.000000e+00 -4.915304e-01 1.415112e+02
      vertex   6.000000e+00 -5.029785e-01 1.430071e+02
      vertex   6.000000e+00 -3.540323e-01 1.431972e+02
    endloop
  endfacet
  facet normal -1.000000e+00 0.000000e+00 0.000000e+00
    outer loop
      vertex   6.000000e+00 -4.915304e-01 1.415112e+02
      vertex   6.000000e+00 -3.540323e-01 1.431972e+02
      vertex   6.000000e+00 -2.221752e-01 1.416726e+02
    endloop
  endfacet
  facet normal -1.000000e+00 0.000000e+00 0.000000e+00
    outer loop
      vertex   6.000000e+00 -2.221752e-01 1.416726e+02
      vertex   6.000000e+00 -3.540323e-01 1.431972e+02
      vertex   6.000000e+00 -2.290879e-01 1.434039e+02
    endloop
  endfacet
  facet normal -1.000000e+00 0.000000e+00 0.000000e+00
    outer loop
      vertex   6.000000e+00 -2.221752e-01 1.416726e+02
      vertex   6.000000e+00 -2.290879e-01 1.434039e+02
      vertex   6.000000e+00 3.005852e-02 1.418597e+02
    endloop
  endfacet
  facet normal -1.000000e+00 0.000000e+00 0.000000e+00
    outer loop
      vertex   6.000000e+00 3.005852e-02 1.418597e+02
      vertex   6.000000e+00 -2.290879e-01 1.434039e+02
      vertex   6.000000e+00 -1.299675e-01 1.436241e+02
    endloop
  endfacet
  facet normal -1.000000e+00 0.000000e+00 0.000000e+00
    outer loop
      vertex   6.000000e+00 3.005852e-02 1.418597e+02
      vertex   6.000000e+00 -1.299675e-01 1.436241e+02
      vertex   6.000000e+00 -5.811637e-02 1.438547e+02
    endloop
  endfacet
  facet normal -1.000000e+00 0.000000e+00 0.000000e+00
    outer loop
      vertex   6.000000e+00 3.005852e-02 1.418597e+02
      vertex   6.000000e+00 -5.811637e-02 1.438547e+02
      vertex   6.000000e+00 2.627417e-01 1.420706e+02
    endloop
  endfacet
  facet normal -1.000000e+00 0.000000e+00 0.000000e+00
    outer loop
      vertex   6.000000e+00 2.627417e-01 1.420706e+02
      vertex   6.000000e+00 -5.811637e-02 1.438547e+02
      vertex   6.000000e+00 -1.458225e-02 1.440923e+02
    endloop
  endfacet
  facet normal -1.000000e+00 0.000000e+00 0.000000e+00
    outer loop
      vertex   6.000000e+00 2.627417e-01 1.420706e+02
      vertex   6.000000e+00 -1.458225e-02 1.440923e+02
      vertex   6.000000e+00 -9.159340e-15 1.443333e+02
    endloop
  endfacet
  facet normal -1.000000e+00 0.000000e+00 -0.000000e+00
    outer loop
      vertex   6.000000e+00 -1.942890e-15 1.546667e+02
      vertex   6.000000e+00 1.200000e+00 1.546667e+02
      vertex   6.000000e+00 -9.159340e-15 1.443333e+02
    endloop
  endfacet
  facet normal -1.000000e+00 0.000000e+00 0.000000e+00
    outer loop
      vertex   6.000000e+00 -9.159340e-15 1.443333e+02
      vertex   6.000000e+00 1.200000e+00 1.546667e+02
      vertex   6.000000e+00 1.200000e+00 1.443333e+02
    endloop
  endfacet
  facet normal -1.000000e+00 0.000000e+00 0.000000e+00
    outer loop
      vertex   6.000000e+00 -9.159340e-15 1.443333e+02
      vertex   6.000000e+00 1.200000e+00 1.443333e+02
      vertex   6.000000e+00 8.221481e-01 1.428249e+02
    endloop
  endfacet
  facet normal -1.000000e+00 0.000000e+00 0.000000e+00
    outer loop
      vertex   6.000000e+00 8.221481e-01 1.428249e+02
      vertex   6.000000e+00 1.200000e+00 1.443333e+02
      vertex   6.000000e+00 9.564145e-01 1.431087e+02
    endloop
  endfacet
  facet normal -1.000000e+00 0.000000e+00 0.000000e+00
    outer loop
      vertex   6.000000e+00 9.564145e-01 1.431087e+02
      vertex   6.000000e+00 1.200000e+00 1.443333e+02
      vertex   6.000000e+00 1.062209e+00 1.434044e+02
    endloop
  endfacet
  facet normal -1.000000e+00 0.000000e+00 0.000000e+00
    outer loop
      vertex   6.000000e+00 1.062209e+00 1.434044e+02
      vertex   6.000000e+00 1.200000e+00 1.443333e+02
      vertex   6.000000e+00 1.138513e+00 1.437090e+02
    endloop
  endfacet
  facet normal -1.000000e+00 0.000000e+00 0.000000e+00
    outer loop
      vertex   6.000000e+00 1.138513e+00 1.437090e+02
      vertex   6.000000e+00 1.200000e+00 1.443333e+02
      vertex   6.000000e+00 1.184591e+00 1.440197e+02
    endloop
  endfacet
  facet normal -1.000000e+00 0.000000e+00 0.000000e+00
    outer loop
      vertex   6.000000e+00 -1.458225e-02 1.549077e+02
      vertex   6.000000e+00 2.627417e-01 1.569294e+02
      vertex   6.000000e+00 -1.942890e-15 1.546667e+02
    endloop
  endfacet
  facet normal -1.000000e+00 0.000000e+00 0.000000e+00
    outer loop
      vertex   6.000000e+00 -1.942890e-15 1.546667e+02
      vertex   6.000000e+00 2.627417e-01 1.569294e+02
      vertex   6.000000e+00 4.736335e-01 1.566967e+02
    endloop
  endfacet
  facet normal -1.000000e+00 0.000000e+00 0.000000e+00
    outer loop
      vertex   6.000000e+00 -1.942890e-15 1.546667e+02
      vertex   6.000000e+00 4.736335e-01 1.566967e+02
      vertex   6.000000e+00 6.607028e-01 1.564445e+02
    endloop
  endfacet
  facet normal -1.000000e+00 0.000000e+00 0.000000e+00
    outer loop
      vertex   6.000000e+00 -1.458225e-02 1.549077e+02
      vertex   6.000000e+00 -5.811637e-02 1.551453e+02
      vertex   6.000000e+00 2.627417e-01 1.569294e+02
    endloop
  endfacet
  facet normal -1.000000e+00 -0.000000e+00 0.000000e+00
    outer loop
      vertex   6.000000e+00 2.627417e-01 1.569294e+02
      vertex   6.000000e+00 -5.811637e-02 1.551453e+02
      vertex   6.000000e+00 3.005852e-02 1.571403e+02
    endloop
  endfacet
  facet normal -1.000000e+00 0.000000e+00 0.000000e+00
    outer loop
      vertex   6.000000e+00 3.005852e-02 1.571403e+02
      vertex   6.000000e+00 -5.811637e-02 1.551453e+02
      vertex   6.000000e+00 -1.299675e-01 1.553759e+02
    endloop
  endfacet
  facet normal -1.000000e+00 0.000000e+00 0.000000e+00
    outer loop
      vertex   6.000000e+00 3.005852e-02 1.571403e+02
      vertex   6.000000e+00 -1.299675e-01 1.553759e+02
      vertex   6.000000e+00 -2.290879e-01 1.555961e+02
    endloop
  endfacet
  facet normal -1.000000e+00 -0.000000e+00 0.000000e+00
    outer loop
      vertex   6.000000e+00 3.005852e-02 1.571403e+02
      vertex   6.000000e+00 -2.290879e-01 1.555961e+02
      vertex   6.000000e+00 -2.221752e-01 1.573274e+02
    endloop
  endfacet
  facet normal -1.000000e+00 0.000000e+00 0.000000e+00
    outer loop
      vertex   6.000000e+00 -2.221752e-01 1.573274e+02
      vertex   6.000000e+00 -2.290879e-01 1.555961e+02
      vertex   6.000000e+00 -3.540323e-01 1.558028e+02
    endloop
  endfacet
  facet normal -1.000000e+00 -0.000000e+00 0.000000e+00
    outer loop
      vertex   6.000000e+00 -2.221752e-01 1.573274e+02
      vertex   6.000000e+00 -3.540323e-01 1.558028e+02
      vertex   6.000000e+00 -4.915304e-01 1.574888e+02
    endloop
  endfacet
  facet normal -1.000000e+00 0.000000e+00 -0.000000e+00
    outer loop
      vertex   6.000000e+00 -4.915304e-01 1.574888e+02
      vertex   6.000000e+00 -3.540323e-01 1.558028e+02
      vertex   6.000000e+00 -5.029785e-01 1.559929e+02
    endloop
  endfacet
  facet normal -1.000000e+00 0.000000e+00 0.000000e+00
    outer loop
      vertex   6.000000e+00 -4.915304e-01 1.574888e+02
      vertex   6.000000e+00 -5.029785e-01 1.559929e+02
      vertex   6.000000e+00 -6.737547e-01 1.561637e+02
    endloop
  endfacet
  facet normal -1.000000e+00 -0.000000e+00 0.000000e+00
    outer loop
      vertex   6.000000e+00 -4.915304e-01 1.574888e+02
      vertex   6.000000e+00 -6.737547e-01 1.561637e+02
      vertex   6.000000e+00 -7.754130e-01 1.576231e+02
    endloop
  endfacet
  facet normal -1.000000e+00 0.000000e+00 -0.000000e+00
    outer loop
      vertex   6.000000e+00 -7.754130e-01 1.576231e+02
      vertex   6.000000e+00 -6.737547e-01 1.561637e+02
      vertex   6.000000e+00 -8.638705e-01 1.563126e+02
    endloop
  endfacet
  facet normal -1.000000e+00 -0.000000e+00 0.000000e+00
    outer loop
      vertex   6.000000e+00 -7.754130e-01 1.576231e+02
      vertex   6.000000e+00 -8.638705e-01 1.563126e+02
      vertex   6.000000e+00 -1.071089e+00 1.577289e+02
    endloop
  endfacet
  facet normal -1.000000e+00 0.000000e+00 0.000000e+00
    outer loop
      vertex   6.000000e+00 -1.071089e+00 1.577289e+02
      vertex   6.000000e+00 -8.638705e-01 1.563126e+02
      vertex   6.000000e+00 -1.070554e+00 1.564376e+02
    endloop
  endfacet
  facet normal -1.000000e+00 0.000000e+00 -0.000000e+00
    outer loop
      vertex   6.000000e+00 -1.071089e+00 1.577289e+02
      vertex   6.000000e+00 -1.070554e+00 1.564376e+02
      vertex   6.000000e+00 -1.290790e+00 1.565367e+02
    endloop
  endfacet
  facet normal -1.000000e+00 -0.000000e+00 0.000000e+00
    outer loop
      vertex   6.000000e+00 -1.071089e+00 1.577289e+02
      vertex   6.000000e+00 -1.290790e+00 1.565367e+02
      vertex   6.000000e+00 -1.375711e+00 1.578052e+02
    endloop
  endfacet
  facet normal -1.000000e+00 0.000000e+00 -0.000000e+00
    outer loop
      vertex   6.000000e+00 -1.375711e+00 1.578052e+02
      vertex   6.000000e+00 -1.290790e+00 1.565367e+02
      vertex   6.000000e+00 -1.521369e+00 1.566086e+02
    endloop
  endfacet
  facet normal -1.000000e+00 -0.000000e+00 0.000000e+00
    outer loop
      vertex   6.000000e+00 -1.375711e+00 1.578052e+02
      vertex   6.000000e+00 -1.521369e+00 1.566086e+02
      vertex   6.000000e+00 -1.686345e+00 1.578513e+02
    endloop
  endfacet
  facet normal -1.000000e+00 0.000000e+00 -0.000000e+00
    outer loop
      vertex   6.000000e+00 -1.686345e+00 1.578513e+02
      vertex   6.000000e+00 -1.521369e+00 1.566086e+02
      vertex   6.000000e+00 -1.758927e+00 1.566521e+02
    endloop
  endfacet
  facet normal -1.000000e+00 -0.000000e+00 0.000000e+00
    outer loop
      vertex   6.000000e+00 -1.686345e+00 1.578513e+02
      vertex   6.000000e+00 -1.758927e+00 1.566521e+02
      vertex   6.000000e+00 -2.000000e+00 1.578667e+02
    endloop
  endfacet
  facet normal -1.000000e+00 0.000000e+00 0.000000e+00
    outer loop
      vertex   6.000000e+00 -2.000000e+00 1.578667e+02
      vertex   6.000000e+00 -1.758927e+00 1.566521e+02
      vertex   6.000000e+00 -2.000000e+00 1.566667e+02
    endloop
  endfacet
  facet normal -1.000000e+00 -0.000000e+00 -0.000000e+00
    outer loop
      vertex   6.000000e+00 -2.000000e+00 1.578667e+02
      vertex   6.000000e+00 -2.000000e+00 1.566667e+02
      vertex   6.000000e+00 -4.800000e+00 1.578667e+02
    endloop
  endfacet
  facet normal -1.000000e+00 0.000000e+00 -0.000000e+00
    outer loop
      vertex   6.000000e+00 -4.800000e+00 1.578667e+02
      vertex   6.000000e+00 -2.000000e+00 1.566667e+02
      vertex   6.000000e+00 -5.000000e+00 1.566667e+02
    endloop
  endfacet
  facet normal -1.000000e+00 -0.000000e+00 0.000000e+00
    outer loop
      vertex   6.000000e+00 -4.800000e+00 1.578667e+02
      vertex   6.000000e+00 -5.000000e+00 1.566667e+02
      vertex   6.000000e+00 -4.800000e+00 1.594667e+02
    endloop
  endfacet
  facet normal -1.000000e+00 -0.000000e+00 0.000000e+00
    outer loop
      vertex   6.000000e+00 -4.800000e+00 1.594667e+02
      vertex   6.000000e+00 -5.000000e+00 1.566667e+02
      vertex   6.000000e+00 -5.000000e+00 1.606667e+02
    endloop
  endfacet
  facet normal -1.000000e+00 0.000000e+00 0.000000e+00
    outer loop
      vertex   6.000000e+00 -4.800000e+00 1.594667e+02
      vertex   6.000000e+00 -5.000000e+00 1.606667e+02
      vertex   6.000000e+00 -2.000000e+00 1.606667e+02
    endloop
  endfacet
  facet normal -1.000000e+00 0.000000e+00 0.000000e+00
    outer loop
      vertex   6.000000e+00 -4.800000e+00 1.594667e+02
      vertex   6.000000e+00 -2.000000e+00 1.606667e+02
      vertex   6.000000e+00 -2.000000e+00 1.594667e+02
    endloop
  endfacet
  facet normal -1.000000e+00 0.000000e+00 0.000000e+00
    outer loop
      vertex   6.000000e+00 -2.000000e+00 1.594667e+02
      vertex   6.000000e+00 -2.000000e+00 1.606667e+02
      vertex   6.000000e+00 -1.758927e+00 1.606812e+02
    endloop
  endfacet
  facet normal -1.000000e+00 0.000000e+00 0.000000e+00
    outer loop
      vertex   6.000000e+00 -2.000000e+00 1.594667e+02
      vertex   6.000000e+00 -1.758927e+00 1.606812e+02
      vertex   6.000000e+00 -1.686345e+00 1.594821e+02
    endloop
  endfacet
  facet normal -1.000000e+00 0.000000e+00 0.000000e+00
    outer loop
      vertex   6.000000e+00 -1.686345e+00 1.594821e+02
      vertex   6.000000e+00 -1.758927e+00 1.606812e+02
      vertex   6.000000e+00 -1.521369e+00 1.607248e+02
    endloop
  endfacet
  facet normal -1.000000e+00 0.000000e+00 0.000000e+00
    outer loop
      vertex   6.000000e+00 -1.686345e+00 1.594821e+02
      vertex   6.000000e+00 -1.521369e+00 1.607248e+02
      vertex   6.000000e+00 -1.375711e+00 1.595282e+02
    endloop
  endfacet
  facet normal -1.000000e+00 0.000000e+00 0.000000e+00
    outer loop
      vertex   6.000000e+00 -1.375711e+00 1.595282e+02
      vertex   6.000000e+00 -1.521369e+00 1.607248e+02
      vertex   6.000000e+00 -1.290790e+00 1.607966e+02
    endloop
  endfacet
  facet normal -1.000000e+00 0.000000e+00 0.000000e+00
    outer loop
      vertex   6.000000e+00 -1.375711e+00 1.595282e+02
      vertex   6.000000e+00 -1.290790e+00 1.607966e+02
      vertex   6.000000e+00 -1.071089e+00 1.596045e+02
    endloop
  endfacet
  facet normal -1.000000e+00 0.000000e+00 0.000000e+00
    outer loop
      vertex   6.000000e+00 -1.071089e+00 1.596045e+02
      vertex   6.000000e+00 -1.290790e+00 1.607966e+02
      vertex   6.000000e+00 -1.070554e+00 1.608958e+02
    endloop
  endfacet
  facet normal -1.000000e+00 0.000000e+00 0.000000e+00
    outer loop
      vertex   6.000000e+00 -1.071089e+00 1.596045e+02
      vertex   6.000000e+00 -1.070554e+00 1.608958e+02
      vertex   6.000000e+00 -8.638705e-01 1.610207e+02
    endloop
  endfacet
  facet normal -1.000000e+00 0.000000e+00 0.000000e+00
    outer loop
      vertex   6.000000e+00 -1.071089e+00 1.596045e+02
      vertex   6.000000e+00 -8.638705e-01 1.610207e+02
      vertex   6.000000e+00 -7.754130e-01 1.597103e+02
    endloop
  endfacet
  facet normal -1.000000e+00 0.000000e+00 0.000000e+00
    outer loop
      vertex   6.000000e+00 -7.754130e-01 1.597103e+02
      vertex   6.000000e+00 -8.638705e-01 1.610207e+02
      vertex   6.000000e+00 -6.737547e-01 1.611696e+02
    endloop
  endfacet
  facet normal -1.000000e+00 0.000000e+00 0.000000e+00
    outer loop
      vertex   6.000000e+00 -7.754130e-01 1.597103e+02
      vertex   6.000000e+00 -6.737547e-01 1.611696e+02
      vertex   6.000000e+00 -4.915304e-01 1.598445e+02
    endloop
  endfacet
  facet normal -1.000000e+00 0.000000e+00 0.000000e+00
    outer loop
      vertex   6.000000e+00 -4.915304e-01 1.598445e+02
      vertex   6.000000e+00 -6.737547e-01 1.611696e+02
      vertex   6.000000e+00 -5.029785e-01 1.613404e+02
    endloop
  endfacet
  facet normal -1.000000e+00 0.000000e+00 0.000000e+00
    outer loop
      vertex   6.000000e+00 -4.915304e-01 1.598445e+02
      vertex   6.000000e+00 -5.029785e-01 1.613404e+02
      vertex   6.000000e+00 -3.540323e-01 1.615305e+02
    endloop
  endfacet
  facet normal -1.000000e+00 0.000000e+00 0.000000e+00
    outer loop
      vertex   6.000000e+00 -4.915304e-01 1.598445e+02
      vertex   6.000000e+00 -3.540323e-01 1.615305e+02
      vertex   6.000000e+00 -2.221752e-01 1.600060e+02
    endloop
  endfacet
  facet normal -1.000000e+00 0.000000e+00 0.000000e+00
    outer loop
      vertex   6.000000e+00 -2.221752e-01 1.600060e+02
      vertex   6.000000e+00 -3.540323e-01 1.615305e+02
      vertex   6.000000e+00 -2.290879e-01 1.617372e+02
    endloop
  endfacet
  facet normal -1.000000e+00 0.000000e+00 0.000000e+00
    outer loop
      vertex   6.000000e+00 -2.221752e-01 1.600060e+02
      vertex   6.000000e+00 -2.290879e-01 1.617372e+02
      vertex   6.000000e+00 3.005852e-02 1.601930e+02
    endloop
  endfacet
  facet normal -1.000000e+00 0.000000e+00 0.000000e+00
    outer loop
      vertex   6.000000e+00 3.005852e-02 1.601930e+02
      vertex   6.000000e+00 -2.290879e-01 1.617372e+02
      vertex   6.000000e+00 -1.299675e-01 1.619575e+02
    endloop
  endfacet
  facet normal -1.000000e+00 0.000000e+00 0.000000e+00
    outer loop
      vertex   6.000000e+00 3.005852e-02 1.601930e+02
      vertex   6.000000e+00 -1.299675e-01 1.619575e+02
      vertex   6.000000e+00 -5.811637e-02 1.621880e+02
    endloop
  endfacet
  facet normal -1.000000e+00 0.000000e+00 0.000000e+00
    outer loop
      vertex   6.000000e+00 3.005852e-02 1.601930e+02
      vertex   6.000000e+00 -5.811637e-02 1.621880e+02
      vertex   6.000000e+00 2.627417e-01 1.604039e+02
    endloop
  endfacet
  facet normal -1.000000e+00 0.000000e+00 0.000000e+00
    outer loop
      vertex   6.000000e+00 2.627417e-01 1.604039e+02
      vertex   6.000000e+00 -5.811637e-02 1.621880e+02
      vertex   6.000000e+00 -1.458225e-02 1.624256e+02
    endloop
  endfacet
  facet normal -1.000000e+00 0.000000e+00 0.000000e+00
    outer loop
      vertex   6.000000e+00 2.627417e-01 1.604039e+02
      vertex   6.000000e+00 -1.458225e-02 1.624256e+02
      vertex   6.000000e+00 -1.054712e-14 1.626667e+02
    endloop
  endfacet
  facet normal -1.000000e+00 0.000000e+00 -0.000000e+00
    outer loop
      vertex   6.000000e+00 -3.330669e-15 1.730000e+02
      vertex   6.000000e+00 1.200000e+00 1.730000e+02
      vertex   6.000000e+00 -1.054712e-14 1.626667e+02
    endloop
  endfacet
  facet normal -1.000000e+00 0.000000e+00 0.000000e+00
    outer loop
      vertex   6.000000e+00 -1.054712e-14 1.626667e+02
      vertex   6.000000e+00 1.200000e+00 1.730000e+02
      vertex   6.000000e+00 1.200000e+00 1.626667e+02
    endloop
  endfacet
  facet normal -1.000000e+00 0.000000e+00 0.000000e+00
    outer loop
      vertex   6.000000e+00 -1.054712e-14 1.626667e+02
      vertex   6.000000e+00 1.200000e+00 1.626667e+02
      vertex   6.000000e+00 8.221481e-01 1.611582e+02
    endloop
  endfacet
  facet normal -1.000000e+00 0.000000e+00 0.000000e+00
    outer loop
      vertex   6.000000e+00 8.221481e-01 1.611582e+02
      vertex   6.000000e+00 1.200000e+00 1.626667e+02
      vertex   6.000000e+00 9.564145e-01 1.614421e+02
    endloop
  endfacet
  facet normal -1.000000e+00 0.000000e+00 0.000000e+00
    outer loop
      vertex   6.000000e+00 9.564145e-01 1.614421e+02
      vertex   6.000000e+00 1.200000e+00 1.626667e+02
      vertex   6.000000e+00 1.062209e+00 1.617378e+02
    endloop
  endfacet
  facet normal -1.000000e+00 0.000000e+00 0.000000e+00
    outer loop
      vertex   6.000000e+00 1.062209e+00 1.617378e+02
      vertex   6.000000e+00 1.200000e+00 1.626667e+02
      vertex   6.000000e+00 1.138513e+00 1.620424e+02
    endloop
  endfacet
  facet normal -1.000000e+00 0.000000e+00 0.000000e+00
    outer loop
      vertex   6.000000e+00 1.138513e+00 1.620424e+02
      vertex   6.000000e+00 1.200000e+00 1.626667e+02
      vertex   6.000000e+00 1.184591e+00 1.623530e+02
    endloop
  endfacet
  facet normal -1.000000e+00 0.000000e+00 0.000000e+00
    outer loop
      vertex   6.000000e+00 -1.458225e-02 1.732411e+02
      vertex   6.000000e+00 2.627417e-01 1.752627e+02
      vertex   6.000000e+00 -3.330669e-15 1.730000e+02
    endloop
  endfacet
  facet normal -1.000000e+00 0.000000e+00 0.000000e+00
    outer loop
      vertex   6.000000e+00 -3.330669e-15 1.730000e+02
      vertex   6.000000e+00 2.627417e-01 1.752627e+02
      vertex   6.000000e+00 4.736335e-01 1.750301e+02
    endloop
  endfacet
  facet normal -1.000000e+00 0.000000e+00 0.000000e+00
    outer loop
      vertex   6.000000e+00 -3.330669e-15 1.730000e+02
      vertex   6.000000e+00 4.736335e-01 1.750301e+02
      vertex   6.000000e+00 6.607028e-01 1.747778e+02
    endloop
  endfacet
  facet normal -1.000000e+00 0.000000e+00 0.000000e+00
    outer loop
      vertex   6.000000e+00 -1.458225e-02 1.732411e+02
      vertex   6.000000e+00 -5.811637e-02 1.734786e+02
      vertex   6.000000e+00 2.627417e-01 1.752627e+02
    endloop
  endfacet
  facet normal -1.000000e+00 -0.000000e+00 0.000000e+00
    outer loop
      vertex   6.000000e+00 2.627417e-01 1.752627e+02
      vertex   6.000000e+00 -5.811637e-02 1.734786e+02
      vertex   6.000000e+00 3.005852e-02 1.754736e+02
    endloop
  endfacet
  facet normal -1.000000e+00 0.000000e+00 0.000000e+00
    outer loop
      vertex   6.000000e+00 3.005852e-02 1.754736e+02
      vertex   6.000000e+00 -5.811637e-02 1.734786e+02
      vertex   6.000000e+00 -1.299675e-01 1.737092e+02
    endloop
  endfacet
  facet normal -1.000000e+00 0.000000e+00 0.000000e+00
    outer loop
      vertex   6.000000e+00 3.005852e-02 1.754736e+02
      vertex   6.000000e+00 -1.299675e-01 1.737092e+02
      vertex   6.000000e+00 -2.290879e-01 1.739294e+02
    endloop
  endfacet
  facet normal -1.000000e+00 -0.000000e+00 0.000000e+00
    outer loop
      vertex   6.000000e+00 3.005852e-02 1.754736e+02
      vertex   6.000000e+00 -2.290879e-01 1.739294e+02
      vertex   6.000000e+00 -2.221752e-01 1.756607e+02
    endloop
  endfacet
  facet normal -1.000000e+00 0.000000e+00 0.000000e+00
    outer loop
      vertex   6.000000e+00 -2.221752e-01 1.756607e+02
      vertex   6.000000e+00 -2.290879e-01 1.739294e+02
      vertex   6.000000e+00 -3.540323e-01 1.741361e+02
    endloop
  endfacet
  facet normal -1.000000e+00 -0.000000e+00 0.000000e+00
    outer loop
      vertex   6.000000e+00 -2.221752e-01 1.756607e+02
      vertex   6.000000e+00 -3.540323e-01 1.741361e+02
      vertex   6.000000e+00 -4.915304e-01 1.758221e+02
    endloop
  endfacet
  facet normal -1.000000e+00 0.000000e+00 -0.000000e+00
    outer loop
      vertex   6.000000e+00 -4.915304e-01 1.758221e+02
      vertex   6.000000e+00 -3.540323e-01 1.741361e+02
      vertex   6.000000e+00 -5.029785e-01 1.743262e+02
    endloop
  endfacet
  facet normal -1.000000e+00 0.000000e+00 0.000000e+00
    outer loop
      vertex   6.000000e+00 -4.915304e-01 1.758221e+02
      vertex   6.000000e+00 -5.029785e-01 1.743262e+02
      vertex   6.000000e+00 -6.737547e-01 1.744970e+02
    endloop
  endfacet
  facet normal -1.000000e+00 -0.000000e+00 0.000000e+00
    outer loop
      vertex   6.000000e+00 -4.915304e-01 1.758221e+02
      vertex   6.000000e+00 -6.737547e-01 1.744970e+02
      vertex   6.000000e+00 -7.754130e-01 1.759564e+02
    endloop
  endfacet
  facet normal -1.000000e+00 0.000000e+00 -0.000000e+00
    outer loop
      vertex   6.000000e+00 -7.754130e-01 1.759564e+02
      vertex   6.000000e+00 -6.737547e-01 1.744970e+02
      vertex   6.000000e+00 -8.638705e-01 1.746460e+02
    endloop
  endfacet
  facet normal -1.000000e+00 -0.000000e+00 0.000000e+00
    outer loop
      vertex   6.000000e+00 -7.754130e-01 1.759564e+02
      vertex   6.000000e+00 -8.638705e-01 1.746460e+02
      vertex   6.000000e+00 -1.071089e+00 1.760622e+02
    endloop
  endfacet
  facet normal -1.000000e+00 0.000000e+00 0.000000e+00
    outer loop
      vertex   6.000000e+00 -1.071089e+00 1.760622e+02
      vertex   6.000000e+00 -8.638705e-01 1.746460e+02
      vertex   6.000000e+00 -1.070554e+00 1.747709e+02
    endloop
  endfacet
  facet normal -1.000000e+00 0.000000e+00 -0.000000e+00
    outer loop
      vertex   6.000000e+00 -1.071089e+00 1.760622e+02
      vertex   6.000000e+00 -1.070554e+00 1.747709e+02
      vertex   6.000000e+00 -1.290790e+00 1.748700e+02
    endloop
  endfacet
  facet normal -1.000000e+00 -0.000000e+00 0.000000e+00
    outer loop
      vertex   6.000000e+00 -1.071089e+00 1.760622e+02
      vertex   6.000000e+00 -1.290790e+00 1.748700e+02
      vertex   6.000000e+00 -1.375711e+00 1.761385e+02
    endloop
  endfacet
  facet normal -1.000000e+00 0.000000e+00 -0.000000e+00
    outer loop
      vertex   6.000000e+00 -1.375711e+00 1.761385e+02
      vertex   6.000000e+00 -1.290790e+00 1.748700e+02
      vertex   6.000000e+00 -1.521369e+00 1.749419e+02
    endloop
  endfacet
  facet normal -1.000000e+00 -0.000000e+00 0.000000e+00
    outer loop
      vertex   6.000000e+00 -1.375711e+00 1.761385e+02
      vertex   6.000000e+00 -1.521369e+00 1.749419e+02
      vertex   6.000000e+00 -1.686345e+00 1.761846e+02
    endloop
  endfacet
  facet normal -1.000000e+00 0.000000e+00 -0.000000e+00
    outer loop
      vertex   6.000000e+00 -1.686345e+00 1.761846e+02
      vertex   6.000000e+00 -1.521369e+00 1.749419e+02
      vertex   6.000000e+00 -1.758927e+00 1.749854e+02
    endloop
  endfacet
  facet normal -1.000000e+00 -0.000000e+00 0.000000e+00
    outer loop
      vertex   6.000000e+00 -1.686345e+00 1.761846e+02
      vertex   6.000000e+00 -1.758927e+00 1.749854e+02
      vertex   6.000000e+00 -2.000000e+00 1.762000e+02
    endloop
  endfacet
  facet normal -1.000000e+00 0.000000e+00 -0.000000e+00
    outer loop
      vertex   6.000000e+00 -2.000000e+00 1.762000e+02
      vertex   6.000000e+00 -1.758927e+00 1.749854e+02
      vertex   6.000000e+00 -2.000000e+00 1.750000e+02
    endloop
  endfacet
  facet normal -1.000000e+00 -0.000000e+00 0.000000e+00
    outer loop
      vertex   6.000000e+00 -2.000000e+00 1.762000e+02
      vertex   6.000000e+00 -2.000000e+00 1.750000e+02
      vertex   6.000000e+00 -4.800000e+00 1.762000e+02
    endloop
  endfacet
  facet normal -1.000000e+00 0.000000e+00 -0.000000e+00
    outer loop
      vertex   6.000000e+00 -4.800000e+00 1.762000e+02
      vertex   6.000000e+00 -2.000000e+00 1.750000e+02
      vertex   6.000000e+00 -5.000000e+00 1.750000e+02
    endloop
  endfacet
  facet normal -1.000000e+00 -0.000000e+00 0.000000e+00
    outer loop
      vertex   6.000000e+00 -4.800000e+00 1.762000e+02
      vertex   6.000000e+00 -5.000000e+00 1.750000e+02
      vertex   6.000000e+00 -4.800000e+00 1.778000e+02
    endloop
  endfacet
  facet normal -1.000000e+00 -0.000000e+00 0.000000e+00
    outer loop
      vertex   6.000000e+00 -4.800000e+00 1.778000e+02
      vertex   6.000000e+00 -5.000000e+00 1.750000e+02
      vertex   6.000000e+00 -5.000000e+00 1.790000e+02
    endloop
  endfacet
  facet normal -1.000000e+00 0.000000e+00 0.000000e+00
    outer loop
      vertex   6.000000e+00 -4.800000e+00 1.778000e+02
      vertex   6.000000e+00 -5.000000e+00 1.790000e+02
      vertex   6.000000e+00 -2.000000e+00 1.790000e+02
    endloop
  endfacet
  facet normal -1.000000e+00 0.000000e+00 0.000000e+00
    outer loop
      vertex   6.000000e+00 -4.800000e+00 1.778000e+02
      vertex   6.000000e+00 -2.000000e+00 1.790000e+02
      vertex   6.000000e+00 -2.000000e+00 1.778000e+02
    endloop
  endfacet
  facet normal -1.000000e+00 0.000000e+00 0.000000e+00
    outer loop
      vertex   6.000000e+00 -2.000000e+00 1.778000e+02
      vertex   6.000000e+00 -2.000000e+00 1.790000e+02
      vertex   6.000000e+00 -1.758927e+00 1.790146e+02
    endloop
  endfacet
  facet normal -1.000000e+00 0.000000e+00 0.000000e+00
    outer loop
      vertex   6.000000e+00 -2.000000e+00 1.778000e+02
      vertex   6.000000e+00 -1.758927e+00 1.790146e+02
      vertex   6.000000e+00 -1.686345e+00 1.778154e+02
    endloop
  endfacet
  facet normal -1.000000e+00 0.000000e+00 0.000000e+00
    outer loop
      vertex   6.000000e+00 -1.686345e+00 1.778154e+02
      vertex   6.000000e+00 -1.758927e+00 1.790146e+02
      vertex   6.000000e+00 -1.521369e+00 1.790581e+02
    endloop
  endfacet
  facet normal -1.000000e+00 0.000000e+00 0.000000e+00
    outer loop
      vertex   6.000000e+00 -1.686345e+00 1.778154e+02
      vertex   6.000000e+00 -1.521369e+00 1.790581e+02
      vertex   6.000000e+00 -1.375711e+00 1.778615e+02
    endloop
  endfacet
  facet normal -1.000000e+00 0.000000e+00 0.000000e+00
    outer loop
      vertex   6.000000e+00 -1.375711e+00 1.778615e+02
      vertex   6.000000e+00 -1.521369e+00 1.790581e+02
      vertex   6.000000e+00 -1.290790e+00 1.791300e+02
    endloop
  endfacet
  facet normal -1.000000e+00 0.000000e+00 0.000000e+00
    outer loop
      vertex   6.000000e+00 -1.375711e+00 1.778615e+02
      vertex   6.000000e+00 -1.290790e+00 1.791300e+02
      vertex   6.000000e+00 -1.071089e+00 1.779378e+02
    endloop
  endfacet
  facet normal -1.000000e+00 0.000000e+00 0.000000e+00
    outer loop
      vertex   6.000000e+00 -1.071089e+00 1.779378e+02
      vertex   6.000000e+00 -1.290790e+00 1.791300e+02
      vertex   6.000000e+00 -1.070554e+00 1.792291e+02
    endloop
  endfacet
  facet normal -1.000000e+00 0.000000e+00 0.000000e+00
    outer loop
      vertex   6.000000e+00 -1.071089e+00 1.779378e+02
      vertex   6.000000e+00 -1.070554e+00 1.792291e+02
      vertex   6.000000e+00 -8.638705e-01 1.793540e+02
    endloop
  endfacet
  facet normal -1.000000e+00 0.000000e+00 0.000000e+00
    outer loop
      vertex   6.000000e+00 -1.071089e+00 1.779378e+02
      vertex   6.000000e+00 -8.638705e-01 1.793540e+02
      vertex   6.000000e+00 -7.754130e-01 1.780436e+02
    endloop
  endfacet
  facet normal -1.000000e+00 0.000000e+00 0.000000e+00
    outer loop
      vertex   6.000000e+00 -7.754130e-01 1.780436e+02
      vertex   6.000000e+00 -8.638705e-01 1.793540e+02
      vertex   6.000000e+00 -6.737547e-01 1.795030e+02
    endloop
  endfacet
  facet normal -1.000000e+00 0.000000e+00 0.000000e+00
    outer loop
      vertex   6.000000e+00 -7.754130e-01 1.780436e+02
      vertex   6.000000e+00 -6.737547e-01 1.795030e+02
      vertex   6.000000e+00 -4.915304e-01 1.781779e+02
    endloop
  endfacet
  facet normal -1.000000e+00 0.000000e+00 0.000000e+00
    outer loop
      vertex   6.000000e+00 -4.915304e-01 1.781779e+02
      vertex   6.000000e+00 -6.737547e-01 1.795030e+02
      vertex   6.000000e+00 -5.029785e-01 1.796738e+02
    endloop
  endfacet
  facet normal -1.000000e+00 0.000000e+00 0.000000e+00
    outer loop
      vertex   6.000000e+00 -4.915304e-01 1.781779e+02
      vertex   6.000000e+00 -5.029785e-01 1.796738e+02
      vertex   6.000000e+00 -3.540323e-01 1.798639e+02
    endloop
  endfacet
  facet normal -1.000000e+00 0.000000e+00 0.000000e+00
    outer loop
      vertex   6.000000e+00 -4.915304e-01 1.781779e+02
      vertex   6.000000e+00 -3.540323e-01 1.798639e+02
      vertex   6.000000e+00 -2.221752e-01 1.783393e+02
    endloop
  endfacet
  facet normal -1.000000e+00 0.000000e+00 0.000000e+00
    outer loop
      vertex   6.000000e+00 -2.221752e-01 1.783393e+02
      vertex   6.000000e+00 -3.540323e-01 1.798639e+02
      vertex   6.000000e+00 -2.290879e-01 1.800706e+02
    endloop
  endfacet
  facet normal -1.000000e+00 0.000000e+00 0.000000e+00
    outer loop
      vertex   6.000000e+00 -2.221752e-01 1.783393e+02
      vertex   6.000000e+00 -2.290879e-01 1.800706e+02
      vertex   6.000000e+00 3.005852e-02 1.785264e+02
    endloop
  endfacet
  facet normal -1.000000e+00 0.000000e+00 0.000000e+00
    outer loop
      vertex   6.000000e+00 3.005852e-02 1.785264e+02
      vertex   6.000000e+00 -2.290879e-01 1.800706e+02
      vertex   6.000000e+00 -1.299675e-01 1.802908e+02
    endloop
  endfacet
  facet normal -1.000000e+00 0.000000e+00 0.000000e+00
    outer loop
      vertex   6.000000e+00 3.005852e-02 1.785264e+02
      vertex   6.000000e+00 -1.299675e-01 1.802908e+02
      vertex   6.000000e+00 -5.811637e-02 1.805214e+02
    endloop
  endfacet
  facet normal -1.000000e+00 0.000000e+00 0.000000e+00
    outer loop
      vertex   6.000000e+00 3.005852e-02 1.785264e+02
      vertex   6.000000e+00 -5.811637e-02 1.805214e+02
      vertex   6.000000e+00 2.627417e-01 1.787373e+02
    endloop
  endfacet
  facet normal -1.000000e+00 0.000000e+00 0.000000e+00
    outer loop
      vertex   6.000000e+00 2.627417e-01 1.787373e+02
      vertex   6.000000e+00 -5.811637e-02 1.805214e+02
      vertex   6.000000e+00 -1.458225e-02 1.807589e+02
    endloop
  endfacet
  facet normal -1.000000e+00 0.000000e+00 0.000000e+00
    outer loop
      vertex   6.000000e+00 2.627417e-01 1.787373e+02
      vertex   6.000000e+00 -1.458225e-02 1.807589e+02
      vertex   6.000000e+00 -1.026956e-14 1.810000e+02
    endloop
  endfacet
  facet normal -1.000000e+00 0.000000e+00 -0.000000e+00
    outer loop
      vertex   6.000000e+00 0.000000e+00 2.000000e+02
      vertex   6.000000e+00 1.200000e+00 2.000000e+02
      vertex   6.000000e+00 -1.026956e-14 1.810000e+02
    endloop
  endfacet
  facet normal -1.000000e+00 0.000000e+00 0.000000e+00
    outer loop
      vertex   6.000000e+00 -1.026956e-14 1.810000e+02
      vertex   6.000000e+00 1.200000e+00 2.000000e+02
      vertex   6.000000e+00 1.200000e+00 1.810000e+02
    endloop
  endfacet
  facet normal -1.000000e+00 0.000000e+00 0.000000e+00
    outer loop
      vertex   6.000000e+00 -1.026956e-14 1.810000e+02
      vertex   6.000000e+00 1.200000e+00 1.810000e+02
      vertex   6.000000e+00 8.221481e-01 1.794915e+02
    endloop
  endfacet
  facet normal -1.000000e+00 0.000000e+00 0.000000e+00
    outer loop
      vertex   6.000000e+00 8.221481e-01 1.794915e+02
      vertex   6.000000e+00 1.200000e+00 1.810000e+02
      vertex   6.000000e+00 9.564145e-01 1.797754e+02
    endloop
  endfacet
  facet normal -1.000000e+00 0.000000e+00 0.000000e+00
    outer loop
      vertex   6.000000e+00 9.564145e-01 1.797754e+02
      vertex   6.000000e+00 1.200000e+00 1.810000e+02
      vertex   6.000000e+00 1.062209e+00 1.800711e+02
    endloop
  endfacet
  facet normal -1.000000e+00 0.000000e+00 0.000000e+00
    outer loop
      vertex   6.000000e+00 1.062209e+00 1.800711e+02
      vertex   6.000000e+00 1.200000e+00 1.810000e+02
      vertex   6.000000e+00 1.138513e+00 1.803757e+02
    endloop
  endfacet
  facet normal -1.000000e+00 0.000000e+00 0.000000e+00
    outer loop
      vertex   6.000000e+00 1.138513e+00 1.803757e+02
      vertex   6.000000e+00 1.200000e+00 1.810000e+02
      vertex   6.000000e+00 1.184591e+00 1.806863e+02
    endloop
  endfacet
  facet normal -1.000000e+00 -0.000000e+00 0.000000e+00
    outer loop
      vertex   6.000000e+00 8.221481e-01 1.794915e+02
      vertex   6.000000e+00 6.607028e-01 1.792222e+02
      vertex   6.000000e+00 -1.026956e-14 1.810000e+02
    endloop
  endfacet
  facet normal -1.000000e+00 0.000000e+00 0.000000e+00
    outer loop
      vertex   6.000000e+00 -1.026956e-14 1.810000e+02
      vertex   6.000000e+00 6.607028e-01 1.792222e+02
      vertex   6.000000e+00 4.736335e-01 1.789699e+02
    endloop
  endfacet
  facet normal -1.000000e+00 0.000000e+00 0.000000e+00
    outer loop
      vertex   6.000000e+00 -1.026956e-14 1.810000e+02
      vertex   6.000000e+00 4.736335e-01 1.789699e+02
      vertex   6.000000e+00 2.627417e-01 1.787373e+02
    endloop
  endfacet
  facet normal -1.000000e+00 0.000000e+00 -0.000000e+00
    outer loop
      vertex   6.000000e+00 6.607028e-01 1.747778e+02
      vertex   6.000000e+00 8.221481e-01 1.745085e+02
      vertex   6.000000e+00 -3.330669e-15 1.730000e+02
    endloop
  endfacet
  facet normal -1.000000e+00 0.000000e+00 0.000000e+00
    outer loop
      vertex   6.000000e+00 -3.330669e-15 1.730000e+02
      vertex   6.000000e+00 8.221481e-01 1.745085e+02
      vertex   6.000000e+00 1.200000e+00 1.730000e+02
    endloop
  endfacet
  facet normal -1.000000e+00 0.000000e+00 0.000000e+00
    outer loop
      vertex   6.000000e+00 8.221481e-01 1.745085e+02
      vertex   6.000000e+00 9.564145e-01 1.742246e+02
      vertex   6.000000e+00 1.200000e+00 1.730000e+02
    endloop
  endfacet
  facet normal -1.000000e+00 0.000000e+00 0.000000e+00
    outer loop
      vertex   6.000000e+00 1.200000e+00 1.730000e+02
      vertex   6.000000e+00 9.564145e-01 1.742246e+02
      vertex   6.000000e+00 1.062209e+00 1.739289e+02
    endloop
  endfacet
  facet normal -1.000000e+00 0.000000e+00 0.000000e+00
    outer loop
      vertex   6.000000e+00 1.200000e+00 1.730000e+02
      vertex   6.000000e+00 1.062209e+00 1.739289e+02
      vertex   6.000000e+00 1.138513e+00 1.736243e+02
    endloop
  endfacet
  facet normal -1.000000e+00 0.000000e+00 0.000000e+00
    outer loop
      vertex   6.000000e+00 1.138513e+00 1.736243e+02
      vertex   6.000000e+00 1.184591e+00 1.733137e+02
      vertex   6.000000e+00 1.200000e+00 1.730000e+02
    endloop
  endfacet
  facet normal -1.000000e+00 -0.000000e+00 0.000000e+00
    outer loop
      vertex   6.000000e+00 8.221481e-01 1.611582e+02
      vertex   6.000000e+00 6.607028e-01 1.608888e+02
      vertex   6.000000e+00 -1.054712e-14 1.626667e+02
    endloop
  endfacet
  facet normal -1.000000e+00 0.000000e+00 0.000000e+00
    outer loop
      vertex   6.000000e+00 -1.054712e-14 1.626667e+02
      vertex   6.000000e+00 6.607028e-01 1.608888e+02
      vertex   6.000000e+00 4.736335e-01 1.606366e+02
    endloop
  endfacet
  facet normal -1.000000e+00 0.000000e+00 0.000000e+00
    outer loop
      vertex   6.000000e+00 -1.054712e-14 1.626667e+02
      vertex   6.000000e+00 4.736335e-01 1.606366e+02
      vertex   6.000000e+00 2.627417e-01 1.604039e+02
    endloop
  endfacet
  facet normal -1.000000e+00 0.000000e+00 -0.000000e+00
    outer loop
      vertex   6.000000e+00 6.607028e-01 1.564445e+02
      vertex   6.000000e+00 8.221481e-01 1.561751e+02
      vertex   6.000000e+00 -1.942890e-15 1.546667e+02
    endloop
  endfacet
  facet normal -1.000000e+00 0.000000e+00 0.000000e+00
    outer loop
      vertex   6.000000e+00 -1.942890e-15 1.546667e+02
      vertex   6.000000e+00 8.221481e-01 1.561751e+02
      vertex   6.000000e+00 1.200000e+00 1.546667e+02
    endloop
  endfacet
  facet normal -1.000000e+00 0.000000e+00 0.000000e+00
    outer loop
      vertex   6.000000e+00 8.221481e-01 1.561751e+02
      vertex   6.000000e+00 9.564145e-01 1.558913e+02
      vertex   6.000000e+00 1.200000e+00 1.546667e+02
    endloop
  endfacet
  facet normal -1.000000e+00 0.000000e+00 0.000000e+00
    outer loop
      vertex   6.000000e+00 1.200000e+00 1.546667e+02
      vertex   6.000000e+00 9.564145e-01 1.558913e+02
      vertex   6.000000e+00 1.062209e+00 1.555956e+02
    endloop
  endfacet
  facet normal -1.000000e+00 0.000000e+00 0.000000e+00
    outer loop
      vertex   6.000000e+00 1.200000e+00 1.546667e+02
      vertex   6.000000e+00 1.062209e+00 1.555956e+02
      vertex   6.000000e+00 1.138513e+00 1.552910e+02
    endloop
  endfacet
  facet normal -1.000000e+00 0.000000e+00 0.000000e+00
    outer loop
      vertex   6.000000e+00 1.138513e+00 1.552910e+02
      vertex   6.000000e+00 1.184591e+00 1.549803e+02
      vertex   6.000000e+00 1.200000e+00 1.546667e+02
    endloop
  endfacet
  facet normal -1.000000e+00 -0.000000e+00 0.000000e+00
    outer loop
      vertex   6.000000e+00 8.221481e-01 1.428249e+02
      vertex   6.000000e+00 6.607028e-01 1.425555e+02
      vertex   6.000000e+00 -9.159340e-15 1.443333e+02
    endloop
  endfacet
  facet normal -1.000000e+00 0.000000e+00 0.000000e+00
    outer loop
      vertex   6.000000e+00 -9.159340e-15 1.443333e+02
      vertex   6.000000e+00 6.607028e-01 1.425555e+02
      vertex   6.000000e+00 4.736335e-01 1.423033e+02
    endloop
  endfacet
  facet normal -1.000000e+00 0.000000e+00 0.000000e+00
    outer loop
      vertex   6.000000e+00 -9.159340e-15 1.443333e+02
      vertex   6.000000e+00 4.736335e-01 1.423033e+02
      vertex   6.000000e+00 2.627417e-01 1.420706e+02
    endloop
  endfacet
  facet normal -1.000000e+00 0.000000e+00 -0.000000e+00
    outer loop
      vertex   6.000000e+00 6.607028e-01 1.381112e+02
      vertex   6.000000e+00 8.221481e-01 1.378418e+02
      vertex   6.000000e+00 0.000000e+00 1.363333e+02
    endloop
  endfacet
  facet normal -1.000000e+00 0.000000e+00 0.000000e+00
    outer loop
      vertex   6.000000e+00 0.000000e+00 1.363333e+02
      vertex   6.000000e+00 8.221481e-01 1.378418e+02
      vertex   6.000000e+00 1.200000e+00 1.363333e+02
    endloop
  endfacet
  facet normal -1.000000e+00 0.000000e+00 0.000000e+00
    outer loop
      vertex   6.000000e+00 8.221481e-01 1.378418e+02
      vertex   6.000000e+00 9.564145e-01 1.375579e+02
      vertex   6.000000e+00 1.200000e+00 1.363333e+02
    endloop
  endfacet
  facet normal -1.000000e+00 0.000000e+00 0.000000e+00
    outer loop
      vertex   6.000000e+00 1.200000e+00 1.363333e+02
      vertex   6.000000e+00 9.564145e-01 1.375579e+02
      vertex   6.000000e+00 1.062209e+00 1.372622e+02
    endloop
  endfacet
  facet normal -1.000000e+00 0.000000e+00 0.000000e+00
    outer loop
      vertex   6.000000e+00 1.200000e+00 1.363333e+02
      vertex   6.000000e+00 1.062209e+00 1.372622e+02
      vertex   6.000000e+00 1.138513e+00 1.369576e+02
    endloop
  endfacet
  facet normal -1.000000e+00 0.000000e+00 0.000000e+00
    outer loop
      vertex   6.000000e+00 1.138513e+00 1.369576e+02
      vertex   6.000000e+00 1.184591e+00 1.366470e+02
      vertex   6.000000e+00 1.200000e+00 1.363333e+02
    endloop
  endfacet
  facet normal -1.000000e+00 -0.000000e+00 0.000000e+00
    outer loop
      vertex   6.000000e+00 8.221481e-01 1.244915e+02
      vertex   6.000000e+00 6.607028e-01 1.242222e+02
      vertex   6.000000e+00 4.996004e-15 1.260000e+02
    endloop
  endfacet
  facet normal -1.000000e+00 0.000000e+00 0.000000e+00
    outer loop
      vertex   6.000000e+00 4.996004e-15 1.260000e+02
      vertex   6.000000e+00 6.607028e-01 1.242222e+02
      vertex   6.000000e+00 4.736335e-01 1.239699e+02
    endloop
  endfacet
  facet normal -1.000000e+00 0.000000e+00 0.000000e+00
    outer loop
      vertex   6.000000e+00 4.996004e-15 1.260000e+02
      vertex   6.000000e+00 4.736335e-01 1.239699e+02
      vertex   6.000000e+00 2.627417e-01 1.237373e+02
    endloop
  endfacet
endsolid
