solid ASCII
  facet normal -1.000000e+00 0.000000e+00 0.000000e+00
    outer loop
      vertex   1.000000e+00 1.329398e+01 1.696537e+02
      vertex   1.000000e+00 1.300000e+01 1.700000e+02
      vertex   1.000000e+00 1.500000e+01 1.692656e+02
    endloop
  endfacet
  facet normal -1.000000e+00 0.000000e+00 0.000000e+00
    outer loop
      vertex   1.000000e+00 1.500000e+01 1.692656e+02
      vertex   1.000000e+00 1.300000e+01 1.700000e+02
      vertex   1.000000e+00 1.284183e+01 1.704336e+02
    endloop
  endfacet
  facet normal -1.000000e+00 0.000000e+00 0.000000e+00
    outer loop
      vertex   1.000000e+00 1.500000e+01 1.692656e+02
      vertex   1.000000e+00 1.284183e+01 1.704336e+02
      vertex   1.000000e+00 1.270103e+01 1.708523e+02
    endloop
  endfacet
  facet normal -1.000000e+00 4.822083e-16 6.986533e-16
    outer loop
      vertex   1.000000e+00 1.270103e+01 1.708523e+02
      vertex   1.000000e+00 1.257661e+01 1.712560e+02
      vertex   1.000000e+00 1.500000e+01 1.692656e+02
    endloop
  endfacet
  facet normal -1.000000e+00 -7.294869e-16 -7.766075e-16
    outer loop
      vertex   1.000000e+00 1.500000e+01 1.692656e+02
      vertex   1.000000e+00 1.257661e+01 1.712560e+02
      vertex   1.000000e+00 1.246759e+01 1.716443e+02
    endloop
  endfacet
  facet normal -1.000000e+00 7.349498e-16 7.824233e-16
    outer loop
      vertex   1.000000e+00 1.500000e+01 1.692656e+02
      vertex   1.000000e+00 1.246759e+01 1.716443e+02
      vertex   1.000000e+00 1.237296e+01 1.720170e+02
    endloop
  endfacet
  facet normal -1.000000e+00 -9.670074e-16 -8.425863e-16
    outer loop
      vertex   1.000000e+00 1.237296e+01 1.720170e+02
      vertex   1.000000e+00 1.229176e+01 1.723737e+02
      vertex   1.000000e+00 1.500000e+01 1.692656e+02
    endloop
  endfacet
  facet normal -1.000000e+00 0.000000e+00 0.000000e+00
    outer loop
      vertex   1.000000e+00 1.500000e+01 1.692656e+02
      vertex   1.000000e+00 1.229176e+01 1.723737e+02
      vertex   1.000000e+00 1.222298e+01 1.727142e+02
    endloop
  endfacet
  facet normal -1.000000e+00 0.000000e+00 0.000000e+00
    outer loop
      vertex   1.000000e+00 1.500000e+01 1.692656e+02
      vertex   1.000000e+00 1.222298e+01 1.727142e+02
      vertex   1.000000e+00 1.300000e+01 1.800000e+02
    endloop
  endfacet
  facet normal -1.000000e+00 0.000000e+00 0.000000e+00
    outer loop
      vertex   1.000000e+00 1.300000e+01 1.800000e+02
      vertex   1.000000e+00 1.222298e+01 1.727142e+02
      vertex   1.000000e+00 1.284183e+01 1.795665e+02
    endloop
  endfacet
  facet normal -1.000000e+00 0.000000e+00 0.000000e+00
    outer loop
      vertex   1.000000e+00 1.284183e+01 1.795665e+02
      vertex   1.000000e+00 1.222298e+01 1.727142e+02
      vertex   1.000000e+00 1.270103e+01 1.791477e+02
    endloop
  endfacet
  facet normal -1.000000e+00 0.000000e+00 0.000000e+00
    outer loop
      vertex   1.000000e+00 1.270103e+01 1.791477e+02
      vertex   1.000000e+00 1.222298e+01 1.727142e+02
      vertex   1.000000e+00 1.257661e+01 1.787440e+02
    endloop
  endfacet
  facet normal -1.000000e+00 -2.574389e-15 1.509838e-16
    outer loop
      vertex   1.000000e+00 1.257661e+01 1.787440e+02
      vertex   1.000000e+00 1.222298e+01 1.727142e+02
      vertex   1.000000e+00 1.246759e+01 1.783557e+02
    endloop
  endfacet
  facet normal -1.000000e+00 2.642966e-15 -7.523832e-17
    outer loop
      vertex   1.000000e+00 1.246759e+01 1.783557e+02
      vertex   1.000000e+00 1.222298e+01 1.727142e+02
      vertex   1.000000e+00 1.237296e+01 1.779830e+02
    endloop
  endfacet
  facet normal -1.000000e+00 0.000000e+00 0.000000e+00
    outer loop
      vertex   1.000000e+00 1.237296e+01 1.779830e+02
      vertex   1.000000e+00 1.222298e+01 1.727142e+02
      vertex   1.000000e+00 1.229176e+01 1.776263e+02
    endloop
  endfacet
  facet normal -1.000000e+00 0.000000e+00 0.000000e+00
    outer loop
      vertex   1.000000e+00 1.229176e+01 1.776263e+02
      vertex   1.000000e+00 1.222298e+01 1.727142e+02
      vertex   1.000000e+00 1.222298e+01 1.772858e+02
    endloop
  endfacet
  facet normal -1.000000e+00 0.000000e+00 -0.000000e+00
    outer loop
      vertex   1.000000e+00 1.222298e+01 1.772858e+02
      vertex   1.000000e+00 1.222298e+01 1.727142e+02
      vertex   1.000000e+00 1.216563e+01 1.730382e+02
    endloop
  endfacet
  facet normal -1.000000e+00 0.000000e+00 0.000000e+00
    outer loop
      vertex   1.000000e+00 1.222298e+01 1.772858e+02
      vertex   1.000000e+00 1.216563e+01 1.730382e+02
      vertex   1.000000e+00 1.216563e+01 1.769618e+02
    endloop
  endfacet
  facet normal -1.000000e+00 0.000000e+00 -0.000000e+00
    outer loop
      vertex   1.000000e+00 1.216563e+01 1.769618e+02
      vertex   1.000000e+00 1.216563e+01 1.730382e+02
      vertex   1.000000e+00 1.211874e+01 1.733453e+02
    endloop
  endfacet
  facet normal -1.000000e+00 0.000000e+00 0.000000e+00
    outer loop
      vertex   1.000000e+00 1.216563e+01 1.769618e+02
      vertex   1.000000e+00 1.211874e+01 1.733453e+02
      vertex   1.000000e+00 1.211874e+01 1.766547e+02
    endloop
  endfacet
  facet normal -1.000000e+00 0.000000e+00 -0.000000e+00
    outer loop
      vertex   1.000000e+00 1.211874e+01 1.766547e+02
      vertex   1.000000e+00 1.211874e+01 1.733453e+02
      vertex   1.000000e+00 1.208130e+01 1.736354e+02
    endloop
  endfacet
  facet normal -1.000000e+00 0.000000e+00 0.000000e+00
    outer loop
      vertex   1.000000e+00 1.211874e+01 1.766547e+02
      vertex   1.000000e+00 1.208130e+01 1.736354e+02
      vertex   1.000000e+00 1.208130e+01 1.763646e+02
    endloop
  endfacet
  facet normal -1.000000e+00 0.000000e+00 -0.000000e+00
    outer loop
      vertex   1.000000e+00 1.208130e+01 1.763646e+02
      vertex   1.000000e+00 1.208130e+01 1.736354e+02
      vertex   1.000000e+00 1.205234e+01 1.739080e+02
    endloop
  endfacet
  facet normal -1.000000e+00 0.000000e+00 0.000000e+00
    outer loop
      vertex   1.000000e+00 1.208130e+01 1.763646e+02
      vertex   1.000000e+00 1.205234e+01 1.739080e+02
      vertex   1.000000e+00 1.205234e+01 1.760920e+02
    endloop
  endfacet
  facet normal -1.000000e+00 0.000000e+00 -0.000000e+00
    outer loop
      vertex   1.000000e+00 1.205234e+01 1.760920e+02
      vertex   1.000000e+00 1.205234e+01 1.739080e+02
      vertex   1.000000e+00 1.203086e+01 1.741629e+02
    endloop
  endfacet
  facet normal -1.000000e+00 0.000000e+00 0.000000e+00
    outer loop
      vertex   1.000000e+00 1.205234e+01 1.760920e+02
      vertex   1.000000e+00 1.203086e+01 1.741629e+02
      vertex   1.000000e+00 1.201588e+01 1.743999e+02
    endloop
  endfacet
  facet normal -1.000000e+00 0.000000e+00 0.000000e+00
    outer loop
      vertex   1.000000e+00 1.201588e+01 1.743999e+02
      vertex   1.000000e+00 1.200640e+01 1.746186e+02
      vertex   1.000000e+00 1.205234e+01 1.760920e+02
    endloop
  endfacet
  facet normal -1.000000e+00 0.000000e+00 0.000000e+00
    outer loop
      vertex   1.000000e+00 1.205234e+01 1.760920e+02
      vertex   1.000000e+00 1.200640e+01 1.746186e+02
      vertex   1.000000e+00 1.200143e+01 1.748187e+02
    endloop
  endfacet
  facet normal -1.000000e+00 0.000000e+00 0.000000e+00
    outer loop
      vertex   1.000000e+00 1.205234e+01 1.760920e+02
      vertex   1.000000e+00 1.200143e+01 1.748187e+02
      vertex   1.000000e+00 1.200000e+01 1.750000e+02
    endloop
  endfacet
  facet normal -1.000000e+00 0.000000e+00 0.000000e+00
    outer loop
      vertex   1.000000e+00 1.200000e+01 1.750000e+02
      vertex   1.000000e+00 1.200143e+01 1.751813e+02
      vertex   1.000000e+00 1.205234e+01 1.760920e+02
    endloop
  endfacet
  facet normal -1.000000e+00 3.567644e-14 -1.994200e-15
    outer loop
      vertex   1.000000e+00 1.205234e+01 1.760920e+02
      vertex   1.000000e+00 1.200143e+01 1.751813e+02
      vertex   1.000000e+00 1.200640e+01 1.753814e+02
    endloop
  endfacet
  facet normal -1.000000e+00 -1.594607e-14 1.343474e-15
    outer loop
      vertex   1.000000e+00 1.205234e+01 1.760920e+02
      vertex   1.000000e+00 1.200640e+01 1.753814e+02
      vertex   1.000000e+00 1.203086e+01 1.758371e+02
    endloop
  endfacet
  facet normal -1.000000e+00 -5.104394e-14 3.227926e-15
    outer loop
      vertex   1.000000e+00 1.203086e+01 1.758371e+02
      vertex   1.000000e+00 1.200640e+01 1.753814e+02
      vertex   1.000000e+00 1.201588e+01 1.756001e+02
    endloop
  endfacet
  facet normal -1.000000e+00 0.000000e+00 0.000000e+00
    outer loop
      vertex   1.000000e+00 1.500000e+01 1.692656e+02
      vertex   1.000000e+00 1.300000e+01 1.800000e+02
      vertex   1.000000e+00 1.500000e+01 1.960000e+02
    endloop
  endfacet
  facet normal -1.000000e+00 0.000000e+00 0.000000e+00
    outer loop
      vertex   1.000000e+00 1.500000e+01 1.960000e+02
      vertex   1.000000e+00 1.300000e+01 1.800000e+02
      vertex   1.000000e+00 1.300000e+01 1.930000e+02
    endloop
  endfacet
  facet normal -1.000000e+00 -0.000000e+00 0.000000e+00
    outer loop
      vertex   1.000000e+00 1.500000e+01 1.960000e+02
      vertex   1.000000e+00 1.300000e+01 1.930000e+02
      vertex   1.000000e+00 1.446410e+01 1.980000e+02
    endloop
  endfacet
  facet normal -1.000000e+00 -0.000000e+00 0.000000e+00
    outer loop
      vertex   1.000000e+00 1.446410e+01 1.980000e+02
      vertex   1.000000e+00 1.300000e+01 1.930000e+02
      vertex   1.000000e+00 1.427661e+01 1.982943e+02
    endloop
  endfacet
  facet normal -1.000000e+00 -0.000000e+00 0.000000e+00
    outer loop
      vertex   1.000000e+00 1.427661e+01 1.982943e+02
      vertex   1.000000e+00 1.300000e+01 1.930000e+02
      vertex   1.000000e+00 1.406418e+01 1.985712e+02
    endloop
  endfacet
  facet normal -1.000000e+00 -0.000000e+00 0.000000e+00
    outer loop
      vertex   1.000000e+00 1.406418e+01 1.985712e+02
      vertex   1.000000e+00 1.300000e+01 1.930000e+02
      vertex   1.000000e+00 1.382843e+01 1.988284e+02
    endloop
  endfacet
  facet normal -1.000000e+00 0.000000e+00 0.000000e+00
    outer loop
      vertex   1.000000e+00 1.382843e+01 1.988284e+02
      vertex   1.000000e+00 1.300000e+01 1.930000e+02
      vertex   1.000000e+00 1.298542e+01 1.932411e+02
    endloop
  endfacet
  facet normal -1.000000e+00 -0.000000e+00 0.000000e+00
    outer loop
      vertex   1.000000e+00 1.382843e+01 1.988284e+02
      vertex   1.000000e+00 1.298542e+01 1.932411e+02
      vertex   1.000000e+00 1.357115e+01 1.990642e+02
    endloop
  endfacet
  facet normal -1.000000e+00 -0.000000e+00 0.000000e+00
    outer loop
      vertex   1.000000e+00 1.357115e+01 1.990642e+02
      vertex   1.000000e+00 1.298542e+01 1.932411e+02
      vertex   1.000000e+00 1.329431e+01 1.992766e+02
    endloop
  endfacet
  facet normal -1.000000e+00 0.000000e+00 0.000000e+00
    outer loop
      vertex   1.000000e+00 1.329431e+01 1.992766e+02
      vertex   1.000000e+00 1.298542e+01 1.932411e+02
      vertex   1.000000e+00 1.294188e+01 1.934786e+02
    endloop
  endfacet
  facet normal -1.000000e+00 0.000000e+00 0.000000e+00
    outer loop
      vertex   1.000000e+00 1.329431e+01 1.992766e+02
      vertex   1.000000e+00 1.294188e+01 1.934786e+02
      vertex   1.000000e+00 1.287003e+01 1.937092e+02
    endloop
  endfacet
  facet normal -1.000000e+00 -0.000000e+00 0.000000e+00
    outer loop
      vertex   1.000000e+00 1.329431e+01 1.992766e+02
      vertex   1.000000e+00 1.287003e+01 1.937092e+02
      vertex   1.000000e+00 1.300000e+01 1.994641e+02
    endloop
  endfacet
  facet normal -1.000000e+00 0.000000e+00 0.000000e+00
    outer loop
      vertex   1.000000e+00 1.300000e+01 1.994641e+02
      vertex   1.000000e+00 1.287003e+01 1.937092e+02
      vertex   1.000000e+00 1.277091e+01 1.939294e+02
    endloop
  endfacet
  facet normal -1.000000e+00 0.000000e+00 0.000000e+00
    outer loop
      vertex   1.000000e+00 1.300000e+01 1.994641e+02
      vertex   1.000000e+00 1.277091e+01 1.939294e+02
      vertex   1.000000e+00 1.264597e+01 1.941361e+02
    endloop
  endfacet
  facet normal -1.000000e+00 -0.000000e+00 0.000000e+00
    outer loop
      vertex   1.000000e+00 1.300000e+01 1.994641e+02
      vertex   1.000000e+00 1.264597e+01 1.941361e+02
      vertex   1.000000e+00 1.269047e+01 1.996252e+02
    endloop
  endfacet
  facet normal -1.000000e+00 0.000000e+00 0.000000e+00
    outer loop
      vertex   1.000000e+00 1.269047e+01 1.996252e+02
      vertex   1.000000e+00 1.264597e+01 1.941361e+02
      vertex   1.000000e+00 1.249702e+01 1.943262e+02
    endloop
  endfacet
  facet normal -1.000000e+00 -0.000000e+00 0.000000e+00
    outer loop
      vertex   1.000000e+00 1.269047e+01 1.996252e+02
      vertex   1.000000e+00 1.249702e+01 1.943262e+02
      vertex   1.000000e+00 1.236808e+01 1.997588e+02
    endloop
  endfacet
  facet normal -1.000000e+00 0.000000e+00 -0.000000e+00
    outer loop
      vertex   1.000000e+00 1.236808e+01 1.997588e+02
      vertex   1.000000e+00 1.249702e+01 1.943262e+02
      vertex   1.000000e+00 1.232625e+01 1.944970e+02
    endloop
  endfacet
  facet normal -1.000000e+00 0.000000e+00 0.000000e+00
    outer loop
      vertex   1.000000e+00 1.236808e+01 1.997588e+02
      vertex   1.000000e+00 1.232625e+01 1.944970e+02
      vertex   1.000000e+00 1.213613e+01 1.946460e+02
    endloop
  endfacet
  facet normal -1.000000e+00 -0.000000e+00 0.000000e+00
    outer loop
      vertex   1.000000e+00 1.236808e+01 1.997588e+02
      vertex   1.000000e+00 1.213613e+01 1.946460e+02
      vertex   1.000000e+00 1.203528e+01 1.998637e+02
    endloop
  endfacet
  facet normal -1.000000e+00 0.000000e+00 -0.000000e+00
    outer loop
      vertex   1.000000e+00 1.203528e+01 1.998637e+02
      vertex   1.000000e+00 1.213613e+01 1.946460e+02
      vertex   1.000000e+00 1.192945e+01 1.947709e+02
    endloop
  endfacet
  facet normal -1.000000e+00 -0.000000e+00 0.000000e+00
    outer loop
      vertex   1.000000e+00 1.203528e+01 1.998637e+02
      vertex   1.000000e+00 1.192945e+01 1.947709e+02
      vertex   1.000000e+00 1.169459e+01 1.999392e+02
    endloop
  endfacet
  facet normal -1.000000e+00 0.000000e+00 0.000000e+00
    outer loop
      vertex   1.000000e+00 1.169459e+01 1.999392e+02
      vertex   1.000000e+00 1.192945e+01 1.947709e+02
      vertex   1.000000e+00 1.170921e+01 1.948700e+02
    endloop
  endfacet
  facet normal -1.000000e+00 0.000000e+00 -0.000000e+00
    outer loop
      vertex   1.000000e+00 1.169459e+01 1.999392e+02
      vertex   1.000000e+00 1.170921e+01 1.948700e+02
      vertex   1.000000e+00 1.147863e+01 1.949419e+02
    endloop
  endfacet
  facet normal -1.000000e+00 -0.000000e+00 0.000000e+00
    outer loop
      vertex   1.000000e+00 1.169459e+01 1.999392e+02
      vertex   1.000000e+00 1.147863e+01 1.949419e+02
      vertex   1.000000e+00 1.134862e+01 1.999848e+02
    endloop
  endfacet
  facet normal -1.000000e+00 0.000000e+00 -0.000000e+00
    outer loop
      vertex   1.000000e+00 1.134862e+01 1.999848e+02
      vertex   1.000000e+00 1.147863e+01 1.949419e+02
      vertex   1.000000e+00 1.124107e+01 1.949854e+02
    endloop
  endfacet
  facet normal -1.000000e+00 -0.000000e+00 0.000000e+00
    outer loop
      vertex   1.000000e+00 1.134862e+01 1.999848e+02
      vertex   1.000000e+00 1.124107e+01 1.949854e+02
      vertex   1.000000e+00 1.100000e+01 2.000000e+02
    endloop
  endfacet
  facet normal -1.000000e+00 0.000000e+00 -0.000000e+00
    outer loop
      vertex   1.000000e+00 1.100000e+01 2.000000e+02
      vertex   1.000000e+00 1.124107e+01 1.949854e+02
      vertex   1.000000e+00 1.100000e+01 1.950000e+02
    endloop
  endfacet
  facet normal -1.000000e+00 -0.000000e+00 0.000000e+00
    outer loop
      vertex   1.000000e+00 1.100000e+01 2.000000e+02
      vertex   1.000000e+00 1.100000e+01 1.950000e+02
      vertex   1.000000e+00 1.000000e+01 2.000000e+02
    endloop
  endfacet
  facet normal -1.000000e+00 0.000000e+00 0.000000e+00
    outer loop
      vertex   1.000000e+00 1.000000e+01 2.000000e+02
      vertex   1.000000e+00 1.100000e+01 1.950000e+02
      vertex   1.000000e+00 1.000000e+01 1.950000e+02
    endloop
  endfacet
  facet normal -1.000000e+00 0.000000e+00 0.000000e+00
    outer loop
      vertex   1.000000e+00 1.446410e+01 1.980000e+02
      vertex   1.000000e+00 1.462523e+01 1.976905e+02
      vertex   1.000000e+00 1.500000e+01 1.960000e+02
    endloop
  endfacet
  facet normal -1.000000e+00 0.000000e+00 0.000000e+00
    outer loop
      vertex   1.000000e+00 1.500000e+01 1.960000e+02
      vertex   1.000000e+00 1.462523e+01 1.976905e+02
      vertex   1.000000e+00 1.475877e+01 1.973681e+02
    endloop
  endfacet
  facet normal -1.000000e+00 0.000000e+00 0.000000e+00
    outer loop
      vertex   1.000000e+00 1.500000e+01 1.960000e+02
      vertex   1.000000e+00 1.475877e+01 1.973681e+02
      vertex   1.000000e+00 1.486370e+01 1.970353e+02
    endloop
  endfacet
  facet normal -1.000000e+00 0.000000e+00 0.000000e+00
    outer loop
      vertex   1.000000e+00 1.486370e+01 1.970353e+02
      vertex   1.000000e+00 1.493923e+01 1.966946e+02
      vertex   1.000000e+00 1.500000e+01 1.960000e+02
    endloop
  endfacet
  facet normal -1.000000e+00 0.000000e+00 0.000000e+00
    outer loop
      vertex   1.000000e+00 1.500000e+01 1.960000e+02
      vertex   1.000000e+00 1.493923e+01 1.966946e+02
      vertex   1.000000e+00 1.498478e+01 1.963486e+02
    endloop
  endfacet
  facet normal -1.000000e+00 -0.000000e+00 0.000000e+00
    outer loop
      vertex   1.000000e+00 1.499337e+01 1.691844e+02
      vertex   1.000000e+00 1.377187e+01 1.691822e+02
      vertex   1.000000e+00 1.500000e+01 1.692656e+02
    endloop
  endfacet
  facet normal -1.000000e+00 -0.000000e+00 0.000000e+00
    outer loop
      vertex   1.000000e+00 1.500000e+01 1.692656e+02
      vertex   1.000000e+00 1.377187e+01 1.691822e+02
      vertex   1.000000e+00 1.361132e+01 1.693274e+02
    endloop
  endfacet
  facet normal -1.000000e+00 6.501732e-17 1.460301e-15
    outer loop
      vertex   1.000000e+00 1.500000e+01 1.692656e+02
      vertex   1.000000e+00 1.361132e+01 1.693274e+02
      vertex   1.000000e+00 1.345029e+01 1.694866e+02
    endloop
  endfacet
  facet normal -1.000000e+00 0.000000e+00 0.000000e+00
    outer loop
      vertex   1.000000e+00 1.499337e+01 1.691844e+02
      vertex   1.000000e+00 1.497365e+01 1.691054e+02
      vertex   1.000000e+00 1.377187e+01 1.691822e+02
    endloop
  endfacet
  facet normal -1.000000e+00 0.000000e+00 0.000000e+00
    outer loop
      vertex   1.000000e+00 1.377187e+01 1.691822e+02
      vertex   1.000000e+00 1.497365e+01 1.691054e+02
      vertex   1.000000e+00 1.392896e+01 1.690536e+02
    endloop
  endfacet
  facet normal -1.000000e+00 0.000000e+00 0.000000e+00
    outer loop
      vertex   1.000000e+00 1.392896e+01 1.690536e+02
      vertex   1.000000e+00 1.497365e+01 1.691054e+02
      vertex   1.000000e+00 1.494136e+01 1.690306e+02
    endloop
  endfacet
  facet normal -1.000000e+00 0.000000e+00 0.000000e+00
    outer loop
      vertex   1.000000e+00 1.392896e+01 1.690536e+02
      vertex   1.000000e+00 1.494136e+01 1.690306e+02
      vertex   1.000000e+00 1.408416e+01 1.689399e+02
    endloop
  endfacet
  facet normal -1.000000e+00 0.000000e+00 0.000000e+00
    outer loop
      vertex   1.000000e+00 1.408416e+01 1.689399e+02
      vertex   1.000000e+00 1.494136e+01 1.690306e+02
      vertex   1.000000e+00 1.489736e+01 1.689621e+02
    endloop
  endfacet
  facet normal -1.000000e+00 0.000000e+00 0.000000e+00
    outer loop
      vertex   1.000000e+00 1.408416e+01 1.689399e+02
      vertex   1.000000e+00 1.489736e+01 1.689621e+02
      vertex   1.000000e+00 1.484282e+01 1.689016e+02
    endloop
  endfacet
  facet normal -1.000000e+00 0.000000e+00 0.000000e+00
    outer loop
      vertex   1.000000e+00 1.408416e+01 1.689399e+02
      vertex   1.000000e+00 1.484282e+01 1.689016e+02
      vertex   1.000000e+00 1.423908e+01 1.688391e+02
    endloop
  endfacet
  facet normal -1.000000e+00 0.000000e+00 0.000000e+00
    outer loop
      vertex   1.000000e+00 1.423908e+01 1.688391e+02
      vertex   1.000000e+00 1.484282e+01 1.689016e+02
      vertex   1.000000e+00 1.477919e+01 1.688508e+02
    endloop
  endfacet
  facet normal -1.000000e+00 0.000000e+00 0.000000e+00
    outer loop
      vertex   1.000000e+00 1.423908e+01 1.688391e+02
      vertex   1.000000e+00 1.477919e+01 1.688508e+02
      vertex   1.000000e+00 1.470815e+01 1.688110e+02
    endloop
  endfacet
  facet normal -1.000000e+00 0.000000e+00 0.000000e+00
    outer loop
      vertex   1.000000e+00 1.423908e+01 1.688391e+02
      vertex   1.000000e+00 1.470815e+01 1.688110e+02
      vertex   1.000000e+00 1.431178e+01 1.688024e+02
    endloop
  endfacet
  facet normal -1.000000e+00 0.000000e+00 0.000000e+00
    outer loop
      vertex   1.000000e+00 1.431178e+01 1.688024e+02
      vertex   1.000000e+00 1.470815e+01 1.688110e+02
      vertex   1.000000e+00 1.463158e+01 1.687832e+02
    endloop
  endfacet
  facet normal -1.000000e+00 0.000000e+00 0.000000e+00
    outer loop
      vertex   1.000000e+00 1.431178e+01 1.688024e+02
      vertex   1.000000e+00 1.463158e+01 1.687832e+02
      vertex   1.000000e+00 1.438948e+01 1.687779e+02
    endloop
  endfacet
  facet normal -1.000000e+00 0.000000e+00 0.000000e+00
    outer loop
      vertex   1.000000e+00 1.438948e+01 1.687779e+02
      vertex   1.000000e+00 1.463158e+01 1.687832e+02
      vertex   1.000000e+00 1.455153e+01 1.687682e+02
    endloop
  endfacet
  facet normal -1.000000e+00 0.000000e+00 0.000000e+00
    outer loop
      vertex   1.000000e+00 1.438948e+01 1.687779e+02
      vertex   1.000000e+00 1.455153e+01 1.687682e+02
      vertex   1.000000e+00 1.447011e+01 1.687665e+02
    endloop
  endfacet
  facet normal -1.000000e+00 -3.841445e-16 -1.688595e-15
    outer loop
      vertex   1.000000e+00 1.345029e+01 1.694866e+02
      vertex   1.000000e+00 1.329398e+01 1.696537e+02
      vertex   1.000000e+00 1.500000e+01 1.692656e+02
    endloop
  endfacet
  facet normal 0.000000e+00 -9.394339e-01 3.427302e-01
    outer loop
      vertex   1.000000e+00 1.300000e+01 1.800000e+02
      vertex   1.000000e+00 1.284183e+01 1.795665e+02
      vertex   6.000000e+00 1.300000e+01 1.800000e+02
    endloop
  endfacet
  facet normal 5.158744e-04 -9.413346e-01 3.374742e-01
    outer loop
      vertex   6.000000e+00 1.300000e+01 1.800000e+02
      vertex   1.000000e+00 1.284183e+01 1.795665e+02
      vertex   6.000000e+00 1.277593e+01 1.793750e+02
    endloop
  endfacet
  facet normal -2.891745e-04 -9.478574e-01 3.186946e-01
    outer loop
      vertex   6.000000e+00 1.277593e+01 1.793750e+02
      vertex   1.000000e+00 1.284183e+01 1.795665e+02
      vertex   1.000000e+00 1.270103e+01 1.791477e+02
    endloop
  endfacet
  facet normal 5.574493e-04 -9.533456e-01 3.018805e-01
    outer loop
      vertex   6.000000e+00 1.277593e+01 1.793750e+02
      vertex   1.000000e+00 1.270103e+01 1.791477e+02
      vertex   6.000000e+00 1.257803e+01 1.787500e+02
    endloop
  endfacet
  facet normal -8.360333e-05 -9.556419e-01 2.945310e-01
    outer loop
      vertex   6.000000e+00 1.257803e+01 1.787500e+02
      vertex   1.000000e+00 1.270103e+01 1.791477e+02
      vertex   1.000000e+00 1.257661e+01 1.787440e+02
    endloop
  endfacet
  facet normal -5.250163e-05 -9.627742e-01 2.703071e-01
    outer loop
      vertex   6.000000e+00 1.257803e+01 1.787500e+02
      vertex   1.000000e+00 1.257661e+01 1.787440e+02
      vertex   1.000000e+00 1.246759e+01 1.783557e+02
    endloop
  endfacet
  facet normal 4.865630e-04 -9.645323e-01 2.639643e-01
    outer loop
      vertex   6.000000e+00 1.257803e+01 1.787500e+02
      vertex   1.000000e+00 1.246759e+01 1.783557e+02
      vertex   6.000000e+00 1.240698e+01 1.781250e+02
    endloop
  endfacet
  facet normal -3.949945e-04 -9.692459e-01 2.460940e-01
    outer loop
      vertex   6.000000e+00 1.240698e+01 1.781250e+02
      vertex   1.000000e+00 1.246759e+01 1.783557e+02
      vertex   1.000000e+00 1.237296e+01 1.779830e+02
    endloop
  endfacet
  facet normal 2.944384e-04 -9.747851e-01 2.231456e-01
    outer loop
      vertex   6.000000e+00 1.240698e+01 1.781250e+02
      vertex   1.000000e+00 1.237296e+01 1.779830e+02
      vertex   6.000000e+00 1.226391e+01 1.775000e+02
    endloop
  endfacet
  facet normal 1.747388e-04 -9.750541e-01 2.219672e-01
    outer loop
      vertex   6.000000e+00 1.226391e+01 1.775000e+02
      vertex   1.000000e+00 1.237296e+01 1.779830e+02
      vertex   1.000000e+00 1.229176e+01 1.776263e+02
    endloop
  endfacet
  facet normal -4.590372e-04 -9.802006e-01 1.980064e-01
    outer loop
      vertex   6.000000e+00 1.226391e+01 1.775000e+02
      vertex   1.000000e+00 1.229176e+01 1.776263e+02
      vertex   1.000000e+00 1.222298e+01 1.772858e+02
    endloop
  endfacet
  facet normal 3.855936e-04 -9.838509e-01 1.789897e-01
    outer loop
      vertex   6.000000e+00 1.226391e+01 1.775000e+02
      vertex   1.000000e+00 1.222298e+01 1.772858e+02
      vertex   6.000000e+00 1.215020e+01 1.768750e+02
    endloop
  endfacet
  facet normal -1.223125e-05 -9.846932e-01 1.742966e-01
    outer loop
      vertex   6.000000e+00 1.215020e+01 1.768750e+02
      vertex   1.000000e+00 1.222298e+01 1.772858e+02
      vertex   1.000000e+00 1.216563e+01 1.769618e+02
    endloop
  endfacet
  facet normal -4.298590e-04 -9.885445e-01 1.509294e-01
    outer loop
      vertex   6.000000e+00 1.215020e+01 1.768750e+02
      vertex   1.000000e+00 1.216563e+01 1.769618e+02
      vertex   1.000000e+00 1.211874e+01 1.766547e+02
    endloop
  endfacet
  facet normal 4.511017e-04 -9.913378e-01 1.313360e-01
    outer loop
      vertex   6.000000e+00 1.215020e+01 1.768750e+02
      vertex   1.000000e+00 1.211874e+01 1.766547e+02
      vertex   6.000000e+00 1.206740e+01 1.762500e+02
    endloop
  endfacet
  facet normal 1.770474e-04 -9.917735e-01 1.280052e-01
    outer loop
      vertex   6.000000e+00 1.206740e+01 1.762500e+02
      vertex   1.000000e+00 1.211874e+01 1.766547e+02
      vertex   1.000000e+00 1.208130e+01 1.763646e+02
    endloop
  endfacet
  facet normal -3.431337e-04 -9.944047e-01 1.056366e-01
    outer loop
      vertex   6.000000e+00 1.206740e+01 1.762500e+02
      vertex   1.000000e+00 1.208130e+01 1.763646e+02
      vertex   1.000000e+00 1.205234e+01 1.760920e+02
    endloop
  endfacet
  facet normal 3.482481e-04 -9.964696e-01 8.395370e-02
    outer loop
      vertex   1.000000e+00 1.205234e+01 1.760920e+02
      vertex   1.000000e+00 1.203086e+01 1.758371e+02
      vertex   6.000000e+00 1.206740e+01 1.762500e+02
    endloop
  endfacet
  facet normal 6.403947e-04 -9.967591e-01 8.044192e-02
    outer loop
      vertex   6.000000e+00 1.206740e+01 1.762500e+02
      vertex   1.000000e+00 1.203086e+01 1.758371e+02
      vertex   6.000000e+00 1.201696e+01 1.756250e+02
    endloop
  endfacet
  facet normal -9.806120e-05 -9.980064e-01 6.311212e-02
    outer loop
      vertex   6.000000e+00 1.201696e+01 1.756250e+02
      vertex   1.000000e+00 1.203086e+01 1.758371e+02
      vertex   1.000000e+00 1.201588e+01 1.756001e+02
    endloop
  endfacet
  facet normal 8.196694e-07 -9.990618e-01 4.330619e-02
    outer loop
      vertex   6.000000e+00 1.201696e+01 1.756250e+02
      vertex   1.000000e+00 1.201588e+01 1.756001e+02
      vertex   1.000000e+00 1.200640e+01 1.753814e+02
    endloop
  endfacet
  facet normal 1.306005e-04 -9.991736e-01 4.064718e-02
    outer loop
      vertex   6.000000e+00 1.201696e+01 1.756250e+02
      vertex   1.000000e+00 1.200640e+01 1.753814e+02
      vertex   6.000000e+00 1.200425e+01 1.753125e+02
    endloop
  endfacet
  facet normal -8.814631e-05 -9.996927e-01 2.479001e-02
    outer loop
      vertex   6.000000e+00 1.200425e+01 1.753125e+02
      vertex   1.000000e+00 1.200640e+01 1.753814e+02
      vertex   1.000000e+00 1.200143e+01 1.751813e+02
    endloop
  endfacet
  facet normal 2.058798e-04 -9.999076e-01 1.359149e-02
    outer loop
      vertex   6.000000e+00 1.200425e+01 1.753125e+02
      vertex   1.000000e+00 1.200143e+01 1.751813e+02
      vertex   6.000000e+00 1.200000e+01 1.750000e+02
    endloop
  endfacet
  facet normal -7.970355e-13 -9.999687e-01 7.913312e-03
    outer loop
      vertex   6.000000e+00 1.200000e+01 1.750000e+02
      vertex   1.000000e+00 1.200143e+01 1.751813e+02
      vertex   1.000000e+00 1.200000e+01 1.750000e+02
    endloop
  endfacet
  facet normal 7.970355e-13 -9.999687e-01 -7.913312e-03
    outer loop
      vertex   6.000000e+00 1.200000e+01 1.750000e+02
      vertex   1.000000e+00 1.200000e+01 1.750000e+02
      vertex   1.000000e+00 1.200143e+01 1.748187e+02
    endloop
  endfacet
  facet normal 2.058798e-04 -9.999076e-01 -1.359149e-02
    outer loop
      vertex   6.000000e+00 1.200000e+01 1.750000e+02
      vertex   1.000000e+00 1.200143e+01 1.748187e+02
      vertex   6.000000e+00 1.200425e+01 1.746875e+02
    endloop
  endfacet
  facet normal -8.814631e-05 -9.996927e-01 -2.479001e-02
    outer loop
      vertex   6.000000e+00 1.200425e+01 1.746875e+02
      vertex   1.000000e+00 1.200143e+01 1.748187e+02
      vertex   1.000000e+00 1.200640e+01 1.746186e+02
    endloop
  endfacet
  facet normal 1.306005e-04 -9.991736e-01 -4.064718e-02
    outer loop
      vertex   6.000000e+00 1.200425e+01 1.746875e+02
      vertex   1.000000e+00 1.200640e+01 1.746186e+02
      vertex   6.000000e+00 1.201696e+01 1.743750e+02
    endloop
  endfacet
  facet normal 8.196666e-07 -9.990618e-01 -4.330619e-02
    outer loop
      vertex   6.000000e+00 1.201696e+01 1.743750e+02
      vertex   1.000000e+00 1.200640e+01 1.746186e+02
      vertex   1.000000e+00 1.201588e+01 1.743999e+02
    endloop
  endfacet
  facet normal -9.806119e-05 -9.980064e-01 -6.311212e-02
    outer loop
      vertex   6.000000e+00 1.201696e+01 1.743750e+02
      vertex   1.000000e+00 1.201588e+01 1.743999e+02
      vertex   1.000000e+00 1.203086e+01 1.741629e+02
    endloop
  endfacet
  facet normal 6.403947e-04 -9.967591e-01 -8.044192e-02
    outer loop
      vertex   6.000000e+00 1.201696e+01 1.743750e+02
      vertex   1.000000e+00 1.203086e+01 1.741629e+02
      vertex   6.000000e+00 1.206740e+01 1.737500e+02
    endloop
  endfacet
  facet normal 3.482481e-04 -9.964696e-01 -8.395370e-02
    outer loop
      vertex   6.000000e+00 1.206740e+01 1.737500e+02
      vertex   1.000000e+00 1.203086e+01 1.741629e+02
      vertex   1.000000e+00 1.205234e+01 1.739080e+02
    endloop
  endfacet
  facet normal -3.431337e-04 -9.944047e-01 -1.056366e-01
    outer loop
      vertex   6.000000e+00 1.206740e+01 1.737500e+02
      vertex   1.000000e+00 1.205234e+01 1.739080e+02
      vertex   1.000000e+00 1.208130e+01 1.736354e+02
    endloop
  endfacet
  facet normal 1.770474e-04 -9.917735e-01 -1.280052e-01
    outer loop
      vertex   1.000000e+00 1.208130e+01 1.736354e+02
      vertex   1.000000e+00 1.211874e+01 1.733453e+02
      vertex   6.000000e+00 1.206740e+01 1.737500e+02
    endloop
  endfacet
  facet normal 4.511017e-04 -9.913378e-01 -1.313360e-01
    outer loop
      vertex   6.000000e+00 1.206740e+01 1.737500e+02
      vertex   1.000000e+00 1.211874e+01 1.733453e+02
      vertex   6.000000e+00 1.215020e+01 1.731250e+02
    endloop
  endfacet
  facet normal -4.298590e-04 -9.885445e-01 -1.509294e-01
    outer loop
      vertex   6.000000e+00 1.215020e+01 1.731250e+02
      vertex   1.000000e+00 1.211874e+01 1.733453e+02
      vertex   1.000000e+00 1.216563e+01 1.730382e+02
    endloop
  endfacet
  facet normal -1.223124e-05 -9.846932e-01 -1.742966e-01
    outer loop
      vertex   6.000000e+00 1.215020e+01 1.731250e+02
      vertex   1.000000e+00 1.216563e+01 1.730382e+02
      vertex   1.000000e+00 1.222298e+01 1.727142e+02
    endloop
  endfacet
  facet normal 3.855936e-04 -9.838509e-01 -1.789897e-01
    outer loop
      vertex   6.000000e+00 1.215020e+01 1.731250e+02
      vertex   1.000000e+00 1.222298e+01 1.727142e+02
      vertex   6.000000e+00 1.226391e+01 1.725000e+02
    endloop
  endfacet
  facet normal -4.590372e-04 -9.802006e-01 -1.980064e-01
    outer loop
      vertex   6.000000e+00 1.226391e+01 1.725000e+02
      vertex   1.000000e+00 1.222298e+01 1.727142e+02
      vertex   1.000000e+00 1.229176e+01 1.723737e+02
    endloop
  endfacet
  facet normal 1.747388e-04 -9.750541e-01 -2.219672e-01
    outer loop
      vertex   6.000000e+00 1.226391e+01 1.725000e+02
      vertex   1.000000e+00 1.229176e+01 1.723737e+02
      vertex   1.000000e+00 1.237296e+01 1.720170e+02
    endloop
  endfacet
  facet normal 2.944384e-04 -9.747851e-01 -2.231456e-01
    outer loop
      vertex   6.000000e+00 1.226391e+01 1.725000e+02
      vertex   1.000000e+00 1.237296e+01 1.720170e+02
      vertex   6.000000e+00 1.240698e+01 1.718750e+02
    endloop
  endfacet
  facet normal -3.949945e-04 -9.692459e-01 -2.460940e-01
    outer loop
      vertex   6.000000e+00 1.240698e+01 1.718750e+02
      vertex   1.000000e+00 1.237296e+01 1.720170e+02
      vertex   1.000000e+00 1.246759e+01 1.716443e+02
    endloop
  endfacet
  facet normal 4.865630e-04 -9.645323e-01 -2.639643e-01
    outer loop
      vertex   6.000000e+00 1.240698e+01 1.718750e+02
      vertex   1.000000e+00 1.246759e+01 1.716443e+02
      vertex   6.000000e+00 1.257803e+01 1.712500e+02
    endloop
  endfacet
  facet normal -5.250164e-05 -9.627742e-01 -2.703071e-01
    outer loop
      vertex   6.000000e+00 1.257803e+01 1.712500e+02
      vertex   1.000000e+00 1.246759e+01 1.716443e+02
      vertex   1.000000e+00 1.257661e+01 1.712560e+02
    endloop
  endfacet
  facet normal -8.360333e-05 -9.556419e-01 -2.945310e-01
    outer loop
      vertex   6.000000e+00 1.257803e+01 1.712500e+02
      vertex   1.000000e+00 1.257661e+01 1.712560e+02
      vertex   1.000000e+00 1.270103e+01 1.708523e+02
    endloop
  endfacet
  facet normal 5.574493e-04 -9.533456e-01 -3.018805e-01
    outer loop
      vertex   6.000000e+00 1.257803e+01 1.712500e+02
      vertex   1.000000e+00 1.270103e+01 1.708523e+02
      vertex   6.000000e+00 1.277593e+01 1.706250e+02
    endloop
  endfacet
  facet normal -2.891745e-04 -9.478574e-01 -3.186946e-01
    outer loop
      vertex   6.000000e+00 1.277593e+01 1.706250e+02
      vertex   1.000000e+00 1.270103e+01 1.708523e+02
      vertex   1.000000e+00 1.284183e+01 1.704336e+02
    endloop
  endfacet
  facet normal 5.158744e-04 -9.413346e-01 -3.374742e-01
    outer loop
      vertex   6.000000e+00 1.277593e+01 1.706250e+02
      vertex   1.000000e+00 1.284183e+01 1.704336e+02
      vertex   6.000000e+00 1.300000e+01 1.700000e+02
    endloop
  endfacet
  facet normal -0.000000e+00 -9.394339e-01 -3.427302e-01
    outer loop
      vertex   6.000000e+00 1.300000e+01 1.700000e+02
      vertex   1.000000e+00 1.284183e+01 1.704336e+02
      vertex   1.000000e+00 1.300000e+01 1.700000e+02
    endloop
  endfacet
  facet normal -0.000000e+00 -7.715288e-01 -6.361944e-01
    outer loop
      vertex   6.000000e+00 1.300000e+01 1.700000e+02
      vertex   1.000000e+00 1.300000e+01 1.700000e+02
      vertex   6.000000e+00 1.314983e+01 1.698183e+02
    endloop
  endfacet
  facet normal -6.726269e-04 -7.623647e-01 -6.471473e-01
    outer loop
      vertex   6.000000e+00 1.314983e+01 1.698183e+02
      vertex   1.000000e+00 1.300000e+01 1.700000e+02
      vertex   1.000000e+00 1.329398e+01 1.696537e+02
    endloop
  endfacet
  facet normal 3.038844e-05 -7.518708e-01 -6.593105e-01
    outer loop
      vertex   6.000000e+00 1.314983e+01 1.698183e+02
      vertex   1.000000e+00 1.329398e+01 1.696537e+02
      vertex   6.000000e+00 1.330095e+01 1.696460e+02
    endloop
  endfacet
  facet normal -3.671022e-05 -7.302012e-01 -6.832322e-01
    outer loop
      vertex   6.000000e+00 1.330095e+01 1.696460e+02
      vertex   1.000000e+00 1.329398e+01 1.696537e+02
      vertex   1.000000e+00 1.345029e+01 1.694866e+02
    endloop
  endfacet
  facet normal 1.395495e-05 -7.294082e-01 -6.840787e-01
    outer loop
      vertex   6.000000e+00 1.330095e+01 1.696460e+02
      vertex   1.000000e+00 1.345029e+01 1.694866e+02
      vertex   6.000000e+00 1.345342e+01 1.694834e+02
    endloop
  endfacet
  facet normal -1.988752e-05 -7.031562e-01 -7.110354e-01
    outer loop
      vertex   6.000000e+00 1.345342e+01 1.694834e+02
      vertex   1.000000e+00 1.345029e+01 1.694866e+02
      vertex   6.000000e+00 1.360732e+01 1.693312e+02
    endloop
  endfacet
  facet normal -2.318894e-05 -7.031031e-01 -7.110879e-01
    outer loop
      vertex   6.000000e+00 1.360732e+01 1.693312e+02
      vertex   1.000000e+00 1.345029e+01 1.694866e+02
      vertex   1.000000e+00 1.361132e+01 1.693274e+02
    endloop
  endfacet
  facet normal 2.384217e-05 -6.721256e-01 -7.404371e-01
    outer loop
      vertex   6.000000e+00 1.360732e+01 1.693312e+02
      vertex   1.000000e+00 1.361132e+01 1.693274e+02
      vertex   6.000000e+00 1.376277e+01 1.691901e+02
    endloop
  endfacet
  facet normal -4.911878e-05 -6.708032e-01 -7.416354e-01
    outer loop
      vertex   6.000000e+00 1.376277e+01 1.691901e+02
      vertex   1.000000e+00 1.361132e+01 1.693274e+02
      vertex   1.000000e+00 1.377187e+01 1.691822e+02
    endloop
  endfacet
  facet normal 6.320399e-05 -6.355496e-01 -7.720601e-01
    outer loop
      vertex   6.000000e+00 1.376277e+01 1.691901e+02
      vertex   1.000000e+00 1.377187e+01 1.691822e+02
      vertex   6.000000e+00 1.391984e+01 1.690608e+02
    endloop
  endfacet
  facet normal -4.799961e-05 -6.333039e-01 -7.739032e-01
    outer loop
      vertex   6.000000e+00 1.391984e+01 1.690608e+02
      vertex   1.000000e+00 1.377187e+01 1.691822e+02
      vertex   1.000000e+00 1.392896e+01 1.690536e+02
    endloop
  endfacet
  facet normal 6.938428e-05 -5.933098e-01 -8.049742e-01
    outer loop
      vertex   6.000000e+00 1.391984e+01 1.690608e+02
      vertex   1.000000e+00 1.392896e+01 1.690536e+02
      vertex   6.000000e+00 1.407861e+01 1.689438e+02
    endloop
  endfacet
  facet normal -3.049396e-05 -5.911423e-01 -8.065673e-01
    outer loop
      vertex   6.000000e+00 1.407861e+01 1.689438e+02
      vertex   1.000000e+00 1.392896e+01 1.690536e+02
      vertex   1.000000e+00 1.408416e+01 1.689399e+02
    endloop
  endfacet
  facet normal 4.309343e-05 -5.464984e-01 -8.374601e-01
    outer loop
      vertex   6.000000e+00 1.407861e+01 1.689438e+02
      vertex   1.000000e+00 1.408416e+01 1.689399e+02
      vertex   6.000000e+00 1.423908e+01 1.688391e+02
    endloop
  endfacet
  facet normal -0.000000e+00 -5.455218e-01 -8.380966e-01
    outer loop
      vertex   6.000000e+00 1.423908e+01 1.688391e+02
      vertex   1.000000e+00 1.408416e+01 1.689399e+02
      vertex   1.000000e+00 1.423908e+01 1.688391e+02
    endloop
  endfacet
  facet normal 4.802912e-16 -4.506332e-01 -8.927092e-01
    outer loop
      vertex   1.000000e+00 1.431178e+01 1.688024e+02
      vertex   2.666667e+00 1.431178e+01 1.688024e+02
      vertex   1.000000e+00 1.423908e+01 1.688391e+02
    endloop
  endfacet
  facet normal 0.000000e+00 -4.506332e-01 -8.927092e-01
    outer loop
      vertex   1.000000e+00 1.423908e+01 1.688391e+02
      vertex   2.666667e+00 1.431178e+01 1.688024e+02
      vertex   4.333333e+00 1.431178e+01 1.688024e+02
    endloop
  endfacet
  facet normal 0.000000e+00 -4.506332e-01 -8.927092e-01
    outer loop
      vertex   1.000000e+00 1.423908e+01 1.688391e+02
      vertex   4.333333e+00 1.431178e+01 1.688024e+02
      vertex   6.000000e+00 1.423908e+01 1.688391e+02
    endloop
  endfacet
  facet normal -4.824561e-16 -4.506332e-01 -8.927092e-01
    outer loop
      vertex   6.000000e+00 1.423908e+01 1.688391e+02
      vertex   4.333333e+00 1.431178e+01 1.688024e+02
      vertex   6.000000e+00 1.431178e+01 1.688024e+02
    endloop
  endfacet
  facet normal -3.194597e-16 -2.997330e-01 -9.540231e-01
    outer loop
      vertex   6.000000e+00 1.431178e+01 1.688024e+02
      vertex   4.333333e+00 1.431178e+01 1.688024e+02
      vertex   6.000000e+00 1.438948e+01 1.687779e+02
    endloop
  endfacet
  facet normal 3.194597e-16 -2.997330e-01 -9.540231e-01
    outer loop
      vertex   6.000000e+00 1.438948e+01 1.687779e+02
      vertex   4.333333e+00 1.431178e+01 1.688024e+02
      vertex   4.333333e+00 1.438948e+01 1.687779e+02
    endloop
  endfacet
  facet normal 1.501529e-16 -1.408809e-01 -9.900265e-01
    outer loop
      vertex   6.000000e+00 1.438948e+01 1.687779e+02
      vertex   4.333333e+00 1.438948e+01 1.687779e+02
      vertex   6.000000e+00 1.447011e+01 1.687665e+02
    endloop
  endfacet
  facet normal 1.703310e-14 -1.408809e-01 -9.900265e-01
    outer loop
      vertex   6.000000e+00 1.447011e+01 1.687665e+02
      vertex   4.333333e+00 1.438948e+01 1.687779e+02
      vertex   4.333333e+00 1.447011e+01 1.687665e+02
    endloop
  endfacet
  facet normal 1.702587e-14 2.170882e-02 -9.997643e-01
    outer loop
      vertex   6.000000e+00 1.447011e+01 1.687665e+02
      vertex   4.333333e+00 1.447011e+01 1.687665e+02
      vertex   6.000000e+00 1.455153e+01 1.687682e+02
    endloop
  endfacet
  facet normal 0.000000e+00 2.170882e-02 -9.997643e-01
    outer loop
      vertex   6.000000e+00 1.455153e+01 1.687682e+02
      vertex   4.333333e+00 1.447011e+01 1.687665e+02
      vertex   4.333333e+00 1.455153e+01 1.687682e+02
    endloop
  endfacet
  facet normal 0.000000e+00 1.837226e-01 -9.829781e-01
    outer loop
      vertex   6.000000e+00 1.455153e+01 1.687682e+02
      vertex   4.333333e+00 1.455153e+01 1.687682e+02
      vertex   6.000000e+00 1.463158e+01 1.687832e+02
    endloop
  endfacet
  facet normal -1.774182e-14 1.837226e-01 -9.829781e-01
    outer loop
      vertex   6.000000e+00 1.463158e+01 1.687832e+02
      vertex   4.333333e+00 1.455153e+01 1.687682e+02
      vertex   4.333333e+00 1.463158e+01 1.687832e+02
    endloop
  endfacet
  facet normal -1.784825e-14 3.408622e-01 -9.401133e-01
    outer loop
      vertex   6.000000e+00 1.463158e+01 1.687832e+02
      vertex   4.333333e+00 1.463158e+01 1.687832e+02
      vertex   6.000000e+00 1.470815e+01 1.688110e+02
    endloop
  endfacet
  facet normal -1.089887e-15 3.408622e-01 -9.401133e-01
    outer loop
      vertex   6.000000e+00 1.470815e+01 1.688110e+02
      vertex   4.333333e+00 1.463158e+01 1.687832e+02
      vertex   4.333333e+00 1.470815e+01 1.688110e+02
    endloop
  endfacet
  facet normal -1.563417e-15 4.889586e-01 -8.723070e-01
    outer loop
      vertex   6.000000e+00 1.470815e+01 1.688110e+02
      vertex   4.333333e+00 1.470815e+01 1.688110e+02
      vertex   6.000000e+00 1.477919e+01 1.688508e+02
    endloop
  endfacet
  facet normal -2.084556e-15 4.889586e-01 -8.723070e-01
    outer loop
      vertex   6.000000e+00 1.477919e+01 1.688508e+02
      vertex   4.333333e+00 1.470815e+01 1.688110e+02
      vertex   4.333333e+00 1.477919e+01 1.688508e+02
    endloop
  endfacet
  facet normal -2.660625e-15 6.240828e-01 -7.813582e-01
    outer loop
      vertex   6.000000e+00 1.477919e+01 1.688508e+02
      vertex   4.333333e+00 1.477919e+01 1.688508e+02
      vertex   6.000000e+00 1.484282e+01 1.689016e+02
    endloop
  endfacet
  facet normal -4.656094e-15 6.240828e-01 -7.813582e-01
    outer loop
      vertex   6.000000e+00 1.484282e+01 1.689016e+02
      vertex   4.333333e+00 1.477919e+01 1.688508e+02
      vertex   4.333333e+00 1.484282e+01 1.689016e+02
    endloop
  endfacet
  facet normal -5.540688e-15 7.426500e-01 -6.696798e-01
    outer loop
      vertex   6.000000e+00 1.484282e+01 1.689016e+02
      vertex   4.333333e+00 1.484282e+01 1.689016e+02
      vertex   6.000000e+00 1.489736e+01 1.689621e+02
    endloop
  endfacet
  facet normal 1.583054e-15 7.426500e-01 -6.696798e-01
    outer loop
      vertex   6.000000e+00 1.489736e+01 1.689621e+02
      vertex   4.333333e+00 1.484282e+01 1.689016e+02
      vertex   4.333333e+00 1.489736e+01 1.689621e+02
    endloop
  endfacet
  facet normal 1.793796e-15 8.415145e-01 -5.402346e-01
    outer loop
      vertex   6.000000e+00 1.489736e+01 1.689621e+02
      vertex   4.333333e+00 1.489736e+01 1.689621e+02
      vertex   6.000000e+00 1.494136e+01 1.690306e+02
    endloop
  endfacet
  facet normal -8.968980e-16 8.415145e-01 -5.402346e-01
    outer loop
      vertex   6.000000e+00 1.494136e+01 1.690306e+02
      vertex   4.333333e+00 1.489736e+01 1.689621e+02
      vertex   4.333333e+00 1.494136e+01 1.690306e+02
    endloop
  endfacet
  facet normal -9.784742e-16 9.180534e-01 -3.964568e-01
    outer loop
      vertex   6.000000e+00 1.494136e+01 1.690306e+02
      vertex   4.333333e+00 1.494136e+01 1.690306e+02
      vertex   6.000000e+00 1.497365e+01 1.691054e+02
    endloop
  endfacet
  facet normal 0.000000e+00 9.180534e-01 -3.964568e-01
    outer loop
      vertex   6.000000e+00 1.497365e+01 1.691054e+02
      vertex   4.333333e+00 1.494136e+01 1.690306e+02
      vertex   4.333333e+00 1.497365e+01 1.691054e+02
    endloop
  endfacet
  facet normal 0.000000e+00 9.702361e-01 -2.421610e-01
    outer loop
      vertex   6.000000e+00 1.497365e+01 1.691054e+02
      vertex   4.333333e+00 1.497365e+01 1.691054e+02
      vertex   6.000000e+00 1.499337e+01 1.691844e+02
    endloop
  endfacet
  facet normal 0.000000e+00 9.702361e-01 -2.421610e-01
    outer loop
      vertex   6.000000e+00 1.499337e+01 1.691844e+02
      vertex   4.333333e+00 1.497365e+01 1.691054e+02
      vertex   4.333333e+00 1.499337e+01 1.691844e+02
    endloop
  endfacet
  facet normal 0.000000e+00 9.966782e-01 -8.144054e-02
    outer loop
      vertex   6.000000e+00 1.499337e+01 1.691844e+02
      vertex   4.333333e+00 1.499337e+01 1.691844e+02
      vertex   6.000000e+00 1.500000e+01 1.692656e+02
    endloop
  endfacet
  facet normal 0.000000e+00 9.966782e-01 -8.144054e-02
    outer loop
      vertex   6.000000e+00 1.500000e+01 1.692656e+02
      vertex   4.333333e+00 1.499337e+01 1.691844e+02
      vertex   2.666667e+00 1.499337e+01 1.691844e+02
    endloop
  endfacet
  facet normal 0.000000e+00 9.966782e-01 -8.144054e-02
    outer loop
      vertex   6.000000e+00 1.500000e+01 1.692656e+02
      vertex   2.666667e+00 1.499337e+01 1.691844e+02
      vertex   1.000000e+00 1.500000e+01 1.692656e+02
    endloop
  endfacet
  facet normal 0.000000e+00 9.966782e-01 -8.144054e-02
    outer loop
      vertex   1.000000e+00 1.500000e+01 1.692656e+02
      vertex   2.666667e+00 1.499337e+01 1.691844e+02
      vertex   1.000000e+00 1.499337e+01 1.691844e+02
    endloop
  endfacet
  facet normal 0.000000e+00 9.702361e-01 -2.421610e-01
    outer loop
      vertex   1.000000e+00 1.499337e+01 1.691844e+02
      vertex   2.666667e+00 1.499337e+01 1.691844e+02
      vertex   1.000000e+00 1.497365e+01 1.691054e+02
    endloop
  endfacet
  facet normal 0.000000e+00 9.702361e-01 -2.421610e-01
    outer loop
      vertex   1.000000e+00 1.497365e+01 1.691054e+02
      vertex   2.666667e+00 1.499337e+01 1.691844e+02
      vertex   2.666667e+00 1.497365e+01 1.691054e+02
    endloop
  endfacet
  facet normal 0.000000e+00 9.180534e-01 -3.964568e-01
    outer loop
      vertex   1.000000e+00 1.497365e+01 1.691054e+02
      vertex   2.666667e+00 1.497365e+01 1.691054e+02
      vertex   1.000000e+00 1.494136e+01 1.690306e+02
    endloop
  endfacet
  facet normal 9.784742e-16 9.180534e-01 -3.964568e-01
    outer loop
      vertex   1.000000e+00 1.494136e+01 1.690306e+02
      vertex   2.666667e+00 1.497365e+01 1.691054e+02
      vertex   2.666667e+00 1.494136e+01 1.690306e+02
    endloop
  endfacet
  facet normal 8.968980e-16 8.415145e-01 -5.402346e-01
    outer loop
      vertex   1.000000e+00 1.494136e+01 1.690306e+02
      vertex   2.666667e+00 1.494136e+01 1.690306e+02
      vertex   1.000000e+00 1.489736e+01 1.689621e+02
    endloop
  endfacet
  facet normal -1.793796e-15 8.415145e-01 -5.402346e-01
    outer loop
      vertex   1.000000e+00 1.489736e+01 1.689621e+02
      vertex   2.666667e+00 1.494136e+01 1.690306e+02
      vertex   2.666667e+00 1.489736e+01 1.689621e+02
    endloop
  endfacet
  facet normal -1.583054e-15 7.426500e-01 -6.696798e-01
    outer loop
      vertex   1.000000e+00 1.489736e+01 1.689621e+02
      vertex   2.666667e+00 1.489736e+01 1.689621e+02
      vertex   1.000000e+00 1.484282e+01 1.689016e+02
    endloop
  endfacet
  facet normal 5.540688e-15 7.426500e-01 -6.696798e-01
    outer loop
      vertex   1.000000e+00 1.484282e+01 1.689016e+02
      vertex   2.666667e+00 1.489736e+01 1.689621e+02
      vertex   2.666667e+00 1.484282e+01 1.689016e+02
    endloop
  endfacet
  facet normal 4.656094e-15 6.240828e-01 -7.813582e-01
    outer loop
      vertex   1.000000e+00 1.484282e+01 1.689016e+02
      vertex   2.666667e+00 1.484282e+01 1.689016e+02
      vertex   1.000000e+00 1.477919e+01 1.688508e+02
    endloop
  endfacet
  facet normal 2.660625e-15 6.240828e-01 -7.813582e-01
    outer loop
      vertex   1.000000e+00 1.477919e+01 1.688508e+02
      vertex   2.666667e+00 1.484282e+01 1.689016e+02
      vertex   2.666667e+00 1.477919e+01 1.688508e+02
    endloop
  endfacet
  facet normal 2.084556e-15 4.889586e-01 -8.723070e-01
    outer loop
      vertex   1.000000e+00 1.477919e+01 1.688508e+02
      vertex   2.666667e+00 1.477919e+01 1.688508e+02
      vertex   1.000000e+00 1.470815e+01 1.688110e+02
    endloop
  endfacet
  facet normal 1.563417e-15 4.889586e-01 -8.723070e-01
    outer loop
      vertex   1.000000e+00 1.470815e+01 1.688110e+02
      vertex   2.666667e+00 1.477919e+01 1.688508e+02
      vertex   2.666667e+00 1.470815e+01 1.688110e+02
    endloop
  endfacet
  facet normal 1.089887e-15 3.408622e-01 -9.401133e-01
    outer loop
      vertex   1.000000e+00 1.470815e+01 1.688110e+02
      vertex   2.666667e+00 1.470815e+01 1.688110e+02
      vertex   1.000000e+00 1.463158e+01 1.687832e+02
    endloop
  endfacet
  facet normal 1.784825e-14 3.408622e-01 -9.401133e-01
    outer loop
      vertex   1.000000e+00 1.463158e+01 1.687832e+02
      vertex   2.666667e+00 1.470815e+01 1.688110e+02
      vertex   2.666667e+00 1.463158e+01 1.687832e+02
    endloop
  endfacet
  facet normal 1.774182e-14 1.837226e-01 -9.829781e-01
    outer loop
      vertex   1.000000e+00 1.463158e+01 1.687832e+02
      vertex   2.666667e+00 1.463158e+01 1.687832e+02
      vertex   1.000000e+00 1.455153e+01 1.687682e+02
    endloop
  endfacet
  facet normal 0.000000e+00 1.837226e-01 -9.829781e-01
    outer loop
      vertex   1.000000e+00 1.455153e+01 1.687682e+02
      vertex   2.666667e+00 1.463158e+01 1.687832e+02
      vertex   2.666667e+00 1.455153e+01 1.687682e+02
    endloop
  endfacet
  facet normal 0.000000e+00 2.170882e-02 -9.997643e-01
    outer loop
      vertex   1.000000e+00 1.455153e+01 1.687682e+02
      vertex   2.666667e+00 1.455153e+01 1.687682e+02
      vertex   1.000000e+00 1.447011e+01 1.687665e+02
    endloop
  endfacet
  facet normal -1.702587e-14 2.170882e-02 -9.997643e-01
    outer loop
      vertex   1.000000e+00 1.447011e+01 1.687665e+02
      vertex   2.666667e+00 1.455153e+01 1.687682e+02
      vertex   2.666667e+00 1.447011e+01 1.687665e+02
    endloop
  endfacet
  facet normal -1.703310e-14 -1.408809e-01 -9.900265e-01
    outer loop
      vertex   1.000000e+00 1.447011e+01 1.687665e+02
      vertex   2.666667e+00 1.447011e+01 1.687665e+02
      vertex   1.000000e+00 1.438948e+01 1.687779e+02
    endloop
  endfacet
  facet normal -1.501529e-16 -1.408809e-01 -9.900265e-01
    outer loop
      vertex   1.000000e+00 1.438948e+01 1.687779e+02
      vertex   2.666667e+00 1.447011e+01 1.687665e+02
      vertex   2.666667e+00 1.438948e+01 1.687779e+02
    endloop
  endfacet
  facet normal -3.194597e-16 -2.997330e-01 -9.540231e-01
    outer loop
      vertex   1.000000e+00 1.438948e+01 1.687779e+02
      vertex   2.666667e+00 1.438948e+01 1.687779e+02
      vertex   1.000000e+00 1.431178e+01 1.688024e+02
    endloop
  endfacet
  facet normal 3.194597e-16 -2.997330e-01 -9.540231e-01
    outer loop
      vertex   1.000000e+00 1.431178e+01 1.688024e+02
      vertex   2.666667e+00 1.438948e+01 1.687779e+02
      vertex   2.666667e+00 1.431178e+01 1.688024e+02
    endloop
  endfacet
  facet normal 0.000000e+00 -2.997330e-01 -9.540231e-01
    outer loop
      vertex   4.333333e+00 1.438948e+01 1.687779e+02
      vertex   4.333333e+00 1.431178e+01 1.688024e+02
      vertex   2.666667e+00 1.431178e+01 1.688024e+02
    endloop
  endfacet
  facet normal -0.000000e+00 -2.997330e-01 -9.540231e-01
    outer loop
      vertex   4.333333e+00 1.438948e+01 1.687779e+02
      vertex   2.666667e+00 1.431178e+01 1.688024e+02
      vertex   2.666667e+00 1.438948e+01 1.687779e+02
    endloop
  endfacet
  facet normal 0.000000e+00 -1.408809e-01 -9.900265e-01
    outer loop
      vertex   4.333333e+00 1.447011e+01 1.687665e+02
      vertex   4.333333e+00 1.438948e+01 1.687779e+02
      vertex   2.666667e+00 1.438948e+01 1.687779e+02
    endloop
  endfacet
  facet normal -0.000000e+00 -1.408809e-01 -9.900265e-01
    outer loop
      vertex   4.333333e+00 1.447011e+01 1.687665e+02
      vertex   2.666667e+00 1.438948e+01 1.687779e+02
      vertex   2.666667e+00 1.447011e+01 1.687665e+02
    endloop
  endfacet
  facet normal 0.000000e+00 2.170882e-02 -9.997643e-01
    outer loop
      vertex   4.333333e+00 1.455153e+01 1.687682e+02
      vertex   4.333333e+00 1.447011e+01 1.687665e+02
      vertex   2.666667e+00 1.447011e+01 1.687665e+02
    endloop
  endfacet
  facet normal 0.000000e+00 2.170882e-02 -9.997643e-01
    outer loop
      vertex   4.333333e+00 1.455153e+01 1.687682e+02
      vertex   2.666667e+00 1.447011e+01 1.687665e+02
      vertex   2.666667e+00 1.455153e+01 1.687682e+02
    endloop
  endfacet
  facet normal 0.000000e+00 1.837226e-01 -9.829781e-01
    outer loop
      vertex   4.333333e+00 1.463158e+01 1.687832e+02
      vertex   4.333333e+00 1.455153e+01 1.687682e+02
      vertex   2.666667e+00 1.455153e+01 1.687682e+02
    endloop
  endfacet
  facet normal 0.000000e+00 1.837226e-01 -9.829781e-01
    outer loop
      vertex   4.333333e+00 1.463158e+01 1.687832e+02
      vertex   2.666667e+00 1.455153e+01 1.687682e+02
      vertex   2.666667e+00 1.463158e+01 1.687832e+02
    endloop
  endfacet
  facet normal 0.000000e+00 3.408622e-01 -9.401133e-01
    outer loop
      vertex   4.333333e+00 1.470815e+01 1.688110e+02
      vertex   4.333333e+00 1.463158e+01 1.687832e+02
      vertex   2.666667e+00 1.463158e+01 1.687832e+02
    endloop
  endfacet
  facet normal 0.000000e+00 3.408622e-01 -9.401133e-01
    outer loop
      vertex   4.333333e+00 1.470815e+01 1.688110e+02
      vertex   2.666667e+00 1.463158e+01 1.687832e+02
      vertex   2.666667e+00 1.470815e+01 1.688110e+02
    endloop
  endfacet
  facet normal 0.000000e+00 4.889586e-01 -8.723070e-01
    outer loop
      vertex   4.333333e+00 1.477919e+01 1.688508e+02
      vertex   4.333333e+00 1.470815e+01 1.688110e+02
      vertex   2.666667e+00 1.470815e+01 1.688110e+02
    endloop
  endfacet
  facet normal 0.000000e+00 4.889586e-01 -8.723070e-01
    outer loop
      vertex   4.333333e+00 1.477919e+01 1.688508e+02
      vertex   2.666667e+00 1.470815e+01 1.688110e+02
      vertex   2.666667e+00 1.477919e+01 1.688508e+02
    endloop
  endfacet
  facet normal 0.000000e+00 6.240828e-01 -7.813582e-01
    outer loop
      vertex   4.333333e+00 1.484282e+01 1.689016e+02
      vertex   4.333333e+00 1.477919e+01 1.688508e+02
      vertex   2.666667e+00 1.477919e+01 1.688508e+02
    endloop
  endfacet
  facet normal 0.000000e+00 6.240828e-01 -7.813582e-01
    outer loop
      vertex   4.333333e+00 1.484282e+01 1.689016e+02
      vertex   2.666667e+00 1.477919e+01 1.688508e+02
      vertex   2.666667e+00 1.484282e+01 1.689016e+02
    endloop
  endfacet
  facet normal 0.000000e+00 7.426500e-01 -6.696798e-01
    outer loop
      vertex   4.333333e+00 1.489736e+01 1.689621e+02
      vertex   4.333333e+00 1.484282e+01 1.689016e+02
      vertex   2.666667e+00 1.484282e+01 1.689016e+02
    endloop
  endfacet
  facet normal 0.000000e+00 7.426500e-01 -6.696798e-01
    outer loop
      vertex   4.333333e+00 1.489736e+01 1.689621e+02
      vertex   2.666667e+00 1.484282e+01 1.689016e+02
      vertex   2.666667e+00 1.489736e+01 1.689621e+02
    endloop
  endfacet
  facet normal 0.000000e+00 8.415145e-01 -5.402346e-01
    outer loop
      vertex   4.333333e+00 1.494136e+01 1.690306e+02
      vertex   4.333333e+00 1.489736e+01 1.689621e+02
      vertex   2.666667e+00 1.489736e+01 1.689621e+02
    endloop
  endfacet
  facet normal 0.000000e+00 8.415145e-01 -5.402346e-01
    outer loop
      vertex   4.333333e+00 1.494136e+01 1.690306e+02
      vertex   2.666667e+00 1.489736e+01 1.689621e+02
      vertex   2.666667e+00 1.494136e+01 1.690306e+02
    endloop
  endfacet
  facet normal 0.000000e+00 9.180534e-01 -3.964568e-01
    outer loop
      vertex   4.333333e+00 1.497365e+01 1.691054e+02
      vertex   4.333333e+00 1.494136e+01 1.690306e+02
      vertex   2.666667e+00 1.494136e+01 1.690306e+02
    endloop
  endfacet
  facet normal 0.000000e+00 9.180534e-01 -3.964568e-01
    outer loop
      vertex   4.333333e+00 1.497365e+01 1.691054e+02
      vertex   2.666667e+00 1.494136e+01 1.690306e+02
      vertex   2.666667e+00 1.497365e+01 1.691054e+02
    endloop
  endfacet
  facet normal 0.000000e+00 9.702361e-01 -2.421610e-01
    outer loop
      vertex   4.333333e+00 1.499337e+01 1.691844e+02
      vertex   4.333333e+00 1.497365e+01 1.691054e+02
      vertex   2.666667e+00 1.497365e+01 1.691054e+02
    endloop
  endfacet
  facet normal 0.000000e+00 9.702361e-01 -2.421610e-01
    outer loop
      vertex   4.333333e+00 1.499337e+01 1.691844e+02
      vertex   2.666667e+00 1.497365e+01 1.691054e+02
      vertex   2.666667e+00 1.499337e+01 1.691844e+02
    endloop
  endfacet
  facet normal -0.000000e+00 1.000000e+00 2.591337e-15
    outer loop
      vertex   1.000000e+00 1.500000e+01 1.692656e+02
      vertex   1.000000e+00 1.500000e+01 1.960000e+02
      vertex   6.000000e+00 1.500000e+01 1.692656e+02
    endloop
  endfacet
  facet normal 0.000000e+00 1.000000e+00 2.591337e-15
    outer loop
      vertex   6.000000e+00 1.500000e+01 1.692656e+02
      vertex   1.000000e+00 1.500000e+01 1.960000e+02
      vertex   6.000000e+00 1.500000e+01 1.960000e+02
    endloop
  endfacet
  facet normal 0.000000e+00 9.990482e-01 4.361939e-02
    outer loop
      vertex   6.000000e+00 1.500000e+01 1.960000e+02
      vertex   1.000000e+00 1.500000e+01 1.960000e+02
      vertex   6.000000e+00 1.498478e+01 1.963486e+02
    endloop
  endfacet
  facet normal 0.000000e+00 9.990482e-01 4.361939e-02
    outer loop
      vertex   6.000000e+00 1.498478e+01 1.963486e+02
      vertex   1.000000e+00 1.500000e+01 1.960000e+02
      vertex   1.000000e+00 1.498478e+01 1.963486e+02
    endloop
  endfacet
  facet normal 0.000000e+00 9.914449e-01 1.305262e-01
    outer loop
      vertex   6.000000e+00 1.498478e+01 1.963486e+02
      vertex   1.000000e+00 1.498478e+01 1.963486e+02
      vertex   6.000000e+00 1.493923e+01 1.966946e+02
    endloop
  endfacet
  facet normal 0.000000e+00 9.914449e-01 1.305262e-01
    outer loop
      vertex   6.000000e+00 1.493923e+01 1.966946e+02
      vertex   1.000000e+00 1.498478e+01 1.963486e+02
      vertex   1.000000e+00 1.493923e+01 1.966946e+02
    endloop
  endfacet
  facet normal 0.000000e+00 9.762960e-01 2.164396e-01
    outer loop
      vertex   6.000000e+00 1.493923e+01 1.966946e+02
      vertex   1.000000e+00 1.493923e+01 1.966946e+02
      vertex   6.000000e+00 1.486370e+01 1.970353e+02
    endloop
  endfacet
  facet normal 0.000000e+00 9.762960e-01 2.164396e-01
    outer loop
      vertex   6.000000e+00 1.486370e+01 1.970353e+02
      vertex   1.000000e+00 1.493923e+01 1.966946e+02
      vertex   1.000000e+00 1.486370e+01 1.970353e+02
    endloop
  endfacet
  facet normal 0.000000e+00 9.537170e-01 3.007058e-01
    outer loop
      vertex   6.000000e+00 1.486370e+01 1.970353e+02
      vertex   1.000000e+00 1.486370e+01 1.970353e+02
      vertex   6.000000e+00 1.475877e+01 1.973681e+02
    endloop
  endfacet
  facet normal 0.000000e+00 9.537170e-01 3.007058e-01
    outer loop
      vertex   6.000000e+00 1.475877e+01 1.973681e+02
      vertex   1.000000e+00 1.486370e+01 1.970353e+02
      vertex   1.000000e+00 1.475877e+01 1.973681e+02
    endloop
  endfacet
  facet normal 0.000000e+00 9.238795e-01 3.826834e-01
    outer loop
      vertex   6.000000e+00 1.475877e+01 1.973681e+02
      vertex   1.000000e+00 1.475877e+01 1.973681e+02
      vertex   6.000000e+00 1.462523e+01 1.976905e+02
    endloop
  endfacet
  facet normal 0.000000e+00 9.238795e-01 3.826834e-01
    outer loop
      vertex   6.000000e+00 1.462523e+01 1.976905e+02
      vertex   1.000000e+00 1.475877e+01 1.973681e+02
      vertex   1.000000e+00 1.462523e+01 1.976905e+02
    endloop
  endfacet
  facet normal 0.000000e+00 8.870108e-01 4.617486e-01
    outer loop
      vertex   6.000000e+00 1.462523e+01 1.976905e+02
      vertex   1.000000e+00 1.462523e+01 1.976905e+02
      vertex   6.000000e+00 1.446410e+01 1.980000e+02
    endloop
  endfacet
  facet normal 0.000000e+00 8.870108e-01 4.617486e-01
    outer loop
      vertex   6.000000e+00 1.446410e+01 1.980000e+02
      vertex   1.000000e+00 1.462523e+01 1.976905e+02
      vertex   1.000000e+00 1.446410e+01 1.980000e+02
    endloop
  endfacet
  facet normal 0.000000e+00 8.433914e-01 5.372996e-01
    outer loop
      vertex   6.000000e+00 1.446410e+01 1.980000e+02
      vertex   1.000000e+00 1.446410e+01 1.980000e+02
      vertex   6.000000e+00 1.427661e+01 1.982943e+02
    endloop
  endfacet
  facet normal 0.000000e+00 8.433914e-01 5.372996e-01
    outer loop
      vertex   6.000000e+00 1.427661e+01 1.982943e+02
      vertex   1.000000e+00 1.446410e+01 1.980000e+02
      vertex   1.000000e+00 1.427661e+01 1.982943e+02
    endloop
  endfacet
  facet normal 0.000000e+00 7.933533e-01 6.087614e-01
    outer loop
      vertex   6.000000e+00 1.427661e+01 1.982943e+02
      vertex   1.000000e+00 1.427661e+01 1.982943e+02
      vertex   6.000000e+00 1.406418e+01 1.985712e+02
    endloop
  endfacet
  facet normal 0.000000e+00 7.933533e-01 6.087614e-01
    outer loop
      vertex   6.000000e+00 1.406418e+01 1.985712e+02
      vertex   1.000000e+00 1.427661e+01 1.982943e+02
      vertex   1.000000e+00 1.406418e+01 1.985712e+02
    endloop
  endfacet
  facet normal 0.000000e+00 7.372773e-01 6.755902e-01
    outer loop
      vertex   6.000000e+00 1.406418e+01 1.985712e+02
      vertex   1.000000e+00 1.406418e+01 1.985712e+02
      vertex   6.000000e+00 1.382843e+01 1.988284e+02
    endloop
  endfacet
  facet normal 0.000000e+00 7.372773e-01 6.755902e-01
    outer loop
      vertex   6.000000e+00 1.382843e+01 1.988284e+02
      vertex   1.000000e+00 1.406418e+01 1.985712e+02
      vertex   1.000000e+00 1.382843e+01 1.988284e+02
    endloop
  endfacet
  facet normal 0.000000e+00 6.755902e-01 7.372773e-01
    outer loop
      vertex   6.000000e+00 1.382843e+01 1.988284e+02
      vertex   1.000000e+00 1.382843e+01 1.988284e+02
      vertex   6.000000e+00 1.357115e+01 1.990642e+02
    endloop
  endfacet
  facet normal 0.000000e+00 6.755902e-01 7.372773e-01
    outer loop
      vertex   6.000000e+00 1.357115e+01 1.990642e+02
      vertex   1.000000e+00 1.382843e+01 1.988284e+02
      vertex   1.000000e+00 1.357115e+01 1.990642e+02
    endloop
  endfacet
  facet normal 0.000000e+00 6.087614e-01 7.933533e-01
    outer loop
      vertex   6.000000e+00 1.357115e+01 1.990642e+02
      vertex   1.000000e+00 1.357115e+01 1.990642e+02
      vertex   6.000000e+00 1.329431e+01 1.992766e+02
    endloop
  endfacet
  facet normal 0.000000e+00 6.087614e-01 7.933533e-01
    outer loop
      vertex   6.000000e+00 1.329431e+01 1.992766e+02
      vertex   1.000000e+00 1.357115e+01 1.990642e+02
      vertex   1.000000e+00 1.329431e+01 1.992766e+02
    endloop
  endfacet
  facet normal 0.000000e+00 5.372996e-01 8.433914e-01
    outer loop
      vertex   6.000000e+00 1.329431e+01 1.992766e+02
      vertex   1.000000e+00 1.329431e+01 1.992766e+02
      vertex   6.000000e+00 1.300000e+01 1.994641e+02
    endloop
  endfacet
  facet normal 0.000000e+00 5.372996e-01 8.433914e-01
    outer loop
      vertex   6.000000e+00 1.300000e+01 1.994641e+02
      vertex   1.000000e+00 1.329431e+01 1.992766e+02
      vertex   1.000000e+00 1.300000e+01 1.994641e+02
    endloop
  endfacet
  facet normal 0.000000e+00 4.617486e-01 8.870108e-01
    outer loop
      vertex   6.000000e+00 1.300000e+01 1.994641e+02
      vertex   1.000000e+00 1.300000e+01 1.994641e+02
      vertex   6.000000e+00 1.269047e+01 1.996252e+02
    endloop
  endfacet
  facet normal 0.000000e+00 4.617486e-01 8.870108e-01
    outer loop
      vertex   6.000000e+00 1.269047e+01 1.996252e+02
      vertex   1.000000e+00 1.300000e+01 1.994641e+02
      vertex   1.000000e+00 1.269047e+01 1.996252e+02
    endloop
  endfacet
  facet normal 0.000000e+00 3.826834e-01 9.238795e-01
    outer loop
      vertex   6.000000e+00 1.269047e+01 1.996252e+02
      vertex   1.000000e+00 1.269047e+01 1.996252e+02
      vertex   6.000000e+00 1.236808e+01 1.997588e+02
    endloop
  endfacet
  facet normal 0.000000e+00 3.826834e-01 9.238795e-01
    outer loop
      vertex   6.000000e+00 1.236808e+01 1.997588e+02
      vertex   1.000000e+00 1.269047e+01 1.996252e+02
      vertex   1.000000e+00 1.236808e+01 1.997588e+02
    endloop
  endfacet
  facet normal 0.000000e+00 3.007058e-01 9.537170e-01
    outer loop
      vertex   6.000000e+00 1.236808e+01 1.997588e+02
      vertex   1.000000e+00 1.236808e+01 1.997588e+02
      vertex   6.000000e+00 1.203528e+01 1.998637e+02
    endloop
  endfacet
  facet normal 0.000000e+00 3.007058e-01 9.537170e-01
    outer loop
      vertex   6.000000e+00 1.203528e+01 1.998637e+02
      vertex   1.000000e+00 1.236808e+01 1.997588e+02
      vertex   1.000000e+00 1.203528e+01 1.998637e+02
    endloop
  endfacet
  facet normal 0.000000e+00 2.164396e-01 9.762960e-01
    outer loop
      vertex   6.000000e+00 1.203528e+01 1.998637e+02
      vertex   1.000000e+00 1.203528e+01 1.998637e+02
      vertex   6.000000e+00 1.169459e+01 1.999392e+02
    endloop
  endfacet
  facet normal 0.000000e+00 2.164396e-01 9.762960e-01
    outer loop
      vertex   6.000000e+00 1.169459e+01 1.999392e+02
      vertex   1.000000e+00 1.203528e+01 1.998637e+02
      vertex   1.000000e+00 1.169459e+01 1.999392e+02
    endloop
  endfacet
  facet normal 0.000000e+00 1.305262e-01 9.914449e-01
    outer loop
      vertex   6.000000e+00 1.169459e+01 1.999392e+02
      vertex   1.000000e+00 1.169459e+01 1.999392e+02
      vertex   6.000000e+00 1.134862e+01 1.999848e+02
    endloop
  endfacet
  facet normal 0.000000e+00 1.305262e-01 9.914449e-01
    outer loop
      vertex   6.000000e+00 1.134862e+01 1.999848e+02
      vertex   1.000000e+00 1.169459e+01 1.999392e+02
      vertex   1.000000e+00 1.134862e+01 1.999848e+02
    endloop
  endfacet
  facet normal 0.000000e+00 4.361939e-02 9.990482e-01
    outer loop
      vertex   6.000000e+00 1.134862e+01 1.999848e+02
      vertex   1.000000e+00 1.134862e+01 1.999848e+02
      vertex   6.000000e+00 1.100000e+01 2.000000e+02
    endloop
  endfacet
  facet normal 0.000000e+00 4.361939e-02 9.990482e-01
    outer loop
      vertex   6.000000e+00 1.100000e+01 2.000000e+02
      vertex   1.000000e+00 1.134862e+01 1.999848e+02
      vertex   1.000000e+00 1.100000e+01 2.000000e+02
    endloop
  endfacet
  facet normal -0.000000e+00 0.000000e+00 1.000000e+00
    outer loop
      vertex   1.000000e+00 1.100000e+01 2.000000e+02
      vertex   1.000000e+00 1.000000e+01 2.000000e+02
      vertex   6.000000e+00 1.100000e+01 2.000000e+02
    endloop
  endfacet
  facet normal 0.000000e+00 0.000000e+00 1.000000e+00
    outer loop
      vertex   6.000000e+00 1.100000e+01 2.000000e+02
      vertex   1.000000e+00 1.000000e+01 2.000000e+02
      vertex   6.000000e+00 9.000000e+00 2.000000e+02
    endloop
  endfacet
  facet normal 0.000000e+00 0.000000e+00 1.000000e+00
    outer loop
      vertex   6.000000e+00 9.000000e+00 2.000000e+02
      vertex   1.000000e+00 1.000000e+01 2.000000e+02
      vertex   1.000000e+00 9.000000e+00 2.000000e+02
    endloop
  endfacet
  facet normal 0.000000e+00 -0.000000e+00 1.000000e+00
    outer loop
      vertex   1.000000e+00 9.000000e+00 2.000000e+02
      vertex   1.000000e+00 1.000000e+01 2.000000e+02
      vertex   0.000000e+00 1.000000e+01 2.000000e+02
    endloop
  endfacet
  facet normal 0.000000e+00 0.000000e+00 1.000000e+00
    outer loop
      vertex   1.000000e+00 9.000000e+00 2.000000e+02
      vertex   0.000000e+00 1.000000e+01 2.000000e+02
      vertex   0.000000e+00 0.000000e+00 2.000000e+02
    endloop
  endfacet
  facet normal 0.000000e+00 0.000000e+00 1.000000e+00
    outer loop
      vertex   1.000000e+00 9.000000e+00 2.000000e+02
      vertex   0.000000e+00 0.000000e+00 2.000000e+02
      vertex   1.000000e+00 1.000000e+00 2.000000e+02
    endloop
  endfacet
  facet normal 0.000000e+00 0.000000e+00 1.000000e+00
    outer loop
      vertex   1.000000e+00 1.000000e+00 2.000000e+02
      vertex   0.000000e+00 0.000000e+00 2.000000e+02
      vertex   6.000000e+00 0.000000e+00 2.000000e+02
    endloop
  endfacet
  facet normal 0.000000e+00 0.000000e+00 1.000000e+00
    outer loop
      vertex   1.000000e+00 1.000000e+00 2.000000e+02
      vertex   6.000000e+00 0.000000e+00 2.000000e+02
      vertex   6.000000e+00 1.000000e+00 2.000000e+02
    endloop
  endfacet
  facet normal -0.000000e+00 0.000000e+00 1.000000e+00
    outer loop
      vertex   1.000000e+00 -2.000000e+00 1.393333e+02
      vertex   1.000000e+00 -5.000000e+00 1.393333e+02
      vertex   6.000000e+00 -2.000000e+00 1.393333e+02
    endloop
  endfacet
  facet normal 0.000000e+00 0.000000e+00 1.000000e+00
    outer loop
      vertex   6.000000e+00 -2.000000e+00 1.393333e+02
      vertex   1.000000e+00 -5.000000e+00 1.393333e+02
      vertex   6.000000e+00 -5.000000e+00 1.393333e+02
    endloop
  endfacet
  facet normal 0.000000e+00 9.986295e-01 5.233596e-02
    outer loop
      vertex   6.000000e+00 1.000000e+00 1.363333e+02
      vertex   1.000000e+00 1.000000e+00 1.363333e+02
      vertex   6.000000e+00 9.835657e-01 1.366469e+02
    endloop
  endfacet
  facet normal 0.000000e+00 9.986295e-01 5.233596e-02
    outer loop
      vertex   6.000000e+00 9.835657e-01 1.366469e+02
      vertex   1.000000e+00 1.000000e+00 1.363333e+02
      vertex   1.000000e+00 9.835657e-01 1.366469e+02
    endloop
  endfacet
  facet normal 0.000000e+00 9.876883e-01 1.564345e-01
    outer loop
      vertex   6.000000e+00 9.835657e-01 1.366469e+02
      vertex   1.000000e+00 9.835657e-01 1.366469e+02
      vertex   6.000000e+00 9.344428e-01 1.369571e+02
    endloop
  endfacet
  facet normal 0.000000e+00 9.876883e-01 1.564345e-01
    outer loop
      vertex   6.000000e+00 9.344428e-01 1.369571e+02
      vertex   1.000000e+00 9.835657e-01 1.366469e+02
      vertex   1.000000e+00 9.344428e-01 1.369571e+02
    endloop
  endfacet
  facet normal 0.000000e+00 9.659258e-01 2.588190e-01
    outer loop
      vertex   6.000000e+00 9.344428e-01 1.369571e+02
      vertex   1.000000e+00 9.344428e-01 1.369571e+02
      vertex   6.000000e+00 8.531696e-01 1.372604e+02
    endloop
  endfacet
  facet normal 0.000000e+00 9.659258e-01 2.588190e-01
    outer loop
      vertex   6.000000e+00 8.531696e-01 1.372604e+02
      vertex   1.000000e+00 9.344428e-01 1.369571e+02
      vertex   1.000000e+00 8.531696e-01 1.372604e+02
    endloop
  endfacet
  facet normal 0.000000e+00 9.335804e-01 3.583679e-01
    outer loop
      vertex   6.000000e+00 8.531696e-01 1.372604e+02
      vertex   1.000000e+00 8.531696e-01 1.372604e+02
      vertex   6.000000e+00 7.406364e-01 1.375535e+02
    endloop
  endfacet
  facet normal 0.000000e+00 9.335804e-01 3.583679e-01
    outer loop
      vertex   6.000000e+00 7.406364e-01 1.375535e+02
      vertex   1.000000e+00 8.531696e-01 1.372604e+02
      vertex   1.000000e+00 7.406364e-01 1.375535e+02
    endloop
  endfacet
  facet normal 0.000000e+00 8.910065e-01 4.539905e-01
    outer loop
      vertex   6.000000e+00 7.406364e-01 1.375535e+02
      vertex   1.000000e+00 7.406364e-01 1.375535e+02
      vertex   6.000000e+00 5.980762e-01 1.378333e+02
    endloop
  endfacet
  facet normal 0.000000e+00 8.910065e-01 4.539905e-01
    outer loop
      vertex   6.000000e+00 5.980762e-01 1.378333e+02
      vertex   1.000000e+00 7.406364e-01 1.375535e+02
      vertex   1.000000e+00 5.980762e-01 1.378333e+02
    endloop
  endfacet
  facet normal 0.000000e+00 8.386706e-01 5.446390e-01
    outer loop
      vertex   6.000000e+00 5.980762e-01 1.378333e+02
      vertex   1.000000e+00 5.980762e-01 1.378333e+02
      vertex   6.000000e+00 4.270510e-01 1.380967e+02
    endloop
  endfacet
  facet normal 0.000000e+00 8.386706e-01 5.446390e-01
    outer loop
      vertex   6.000000e+00 4.270510e-01 1.380967e+02
      vertex   1.000000e+00 5.980762e-01 1.378333e+02
      vertex   1.000000e+00 4.270510e-01 1.380967e+02
    endloop
  endfacet
  facet normal 0.000000e+00 7.771460e-01 6.293204e-01
    outer loop
      vertex   6.000000e+00 4.270510e-01 1.380967e+02
      vertex   1.000000e+00 4.270510e-01 1.380967e+02
      vertex   6.000000e+00 2.294345e-01 1.383407e+02
    endloop
  endfacet
  facet normal -8.628053e-17 7.771460e-01 6.293204e-01
    outer loop
      vertex   6.000000e+00 2.294345e-01 1.383407e+02
      vertex   1.000000e+00 4.270510e-01 1.380967e+02
      vertex   1.000000e+00 2.294345e-01 1.383407e+02
    endloop
  endfacet
  facet normal -7.850462e-17 7.071068e-01 7.071068e-01
    outer loop
      vertex   6.000000e+00 2.294345e-01 1.383407e+02
      vertex   1.000000e+00 2.294345e-01 1.383407e+02
      vertex   6.000000e+00 7.391829e-03 1.385628e+02
    endloop
  endfacet
  facet normal 0.000000e+00 7.071068e-01 7.071068e-01
    outer loop
      vertex   6.000000e+00 7.391829e-03 1.385628e+02
      vertex   1.000000e+00 2.294345e-01 1.383407e+02
      vertex   1.000000e+00 7.391829e-03 1.385628e+02
    endloop
  endfacet
  facet normal 0.000000e+00 6.293204e-01 7.771460e-01
    outer loop
      vertex   6.000000e+00 7.391829e-03 1.385628e+02
      vertex   1.000000e+00 7.391829e-03 1.385628e+02
      vertex   6.000000e+00 -2.366442e-01 1.387604e+02
    endloop
  endfacet
  facet normal 0.000000e+00 6.293204e-01 7.771460e-01
    outer loop
      vertex   6.000000e+00 -2.366442e-01 1.387604e+02
      vertex   1.000000e+00 7.391829e-03 1.385628e+02
      vertex   1.000000e+00 -2.366442e-01 1.387604e+02
    endloop
  endfacet
  facet normal 0.000000e+00 5.446390e-01 8.386706e-01
    outer loop
      vertex   6.000000e+00 -2.366442e-01 1.387604e+02
      vertex   1.000000e+00 -2.366442e-01 1.387604e+02
      vertex   6.000000e+00 -5.000000e-01 1.389314e+02
    endloop
  endfacet
  facet normal -6.046708e-17 5.446390e-01 8.386706e-01
    outer loop
      vertex   6.000000e+00 -5.000000e-01 1.389314e+02
      vertex   1.000000e+00 -2.366442e-01 1.387604e+02
      vertex   1.000000e+00 -5.000000e-01 1.389314e+02
    endloop
  endfacet
  facet normal -5.040307e-17 4.539905e-01 8.910065e-01
    outer loop
      vertex   6.000000e+00 -5.000000e-01 1.389314e+02
      vertex   1.000000e+00 -5.000000e-01 1.389314e+02
      vertex   6.000000e+00 -7.797901e-01 1.390740e+02
    endloop
  endfacet
  facet normal -5.040307e-17 4.539905e-01 8.910065e-01
    outer loop
      vertex   6.000000e+00 -7.797901e-01 1.390740e+02
      vertex   1.000000e+00 -5.000000e-01 1.389314e+02
      vertex   1.000000e+00 -7.797901e-01 1.390740e+02
    endloop
  endfacet
  facet normal -3.978683e-17 3.583679e-01 9.335804e-01
    outer loop
      vertex   6.000000e+00 -7.797901e-01 1.390740e+02
      vertex   1.000000e+00 -7.797901e-01 1.390740e+02
      vertex   6.000000e+00 -1.072949e+00 1.391865e+02
    endloop
  endfacet
  facet normal 0.000000e+00 3.583679e-01 9.335804e-01
    outer loop
      vertex   6.000000e+00 -1.072949e+00 1.391865e+02
      vertex   1.000000e+00 -7.797901e-01 1.390740e+02
      vertex   1.000000e+00 -1.072949e+00 1.391865e+02
    endloop
  endfacet
  facet normal 0.000000e+00 2.588190e-01 9.659258e-01
    outer loop
      vertex   6.000000e+00 -1.072949e+00 1.391865e+02
      vertex   1.000000e+00 -1.072949e+00 1.391865e+02
      vertex   6.000000e+00 -1.376265e+00 1.392678e+02
    endloop
  endfacet
  facet normal 0.000000e+00 2.588190e-01 9.659258e-01
    outer loop
      vertex   6.000000e+00 -1.376265e+00 1.392678e+02
      vertex   1.000000e+00 -1.072949e+00 1.391865e+02
      vertex   1.000000e+00 -1.376265e+00 1.392678e+02
    endloop
  endfacet
  facet normal 0.000000e+00 1.564345e-01 9.876883e-01
    outer loop
      vertex   6.000000e+00 -1.376265e+00 1.392678e+02
      vertex   1.000000e+00 -1.376265e+00 1.392678e+02
      vertex   6.000000e+00 -1.686415e+00 1.393169e+02
    endloop
  endfacet
  facet normal -2.084126e-17 1.564345e-01 9.876883e-01
    outer loop
      vertex   6.000000e+00 -1.686415e+00 1.393169e+02
      vertex   1.000000e+00 -1.376265e+00 1.392678e+02
      vertex   1.000000e+00 -1.686415e+00 1.393169e+02
    endloop
  endfacet
  facet normal -6.972550e-18 5.233596e-02 9.986295e-01
    outer loop
      vertex   6.000000e+00 -1.686415e+00 1.393169e+02
      vertex   1.000000e+00 -1.686415e+00 1.393169e+02
      vertex   6.000000e+00 -2.000000e+00 1.393333e+02
    endloop
  endfacet
  facet normal -2.324183e-18 5.233596e-02 9.986295e-01
    outer loop
      vertex   6.000000e+00 -2.000000e+00 1.393333e+02
      vertex   1.000000e+00 -1.686415e+00 1.393169e+02
      vertex   1.000000e+00 -2.000000e+00 1.393333e+02
    endloop
  endfacet
  facet normal 8.881784e-17 1.000000e+00 4.727401e-16
    outer loop
      vertex   1.000000e+00 1.000000e+00 1.260000e+02
      vertex   1.000000e+00 1.000000e+00 1.363333e+02
      vertex   6.000000e+00 1.000000e+00 1.260000e+02
    endloop
  endfacet
  facet normal 0.000000e+00 1.000000e+00 4.297638e-16
    outer loop
      vertex   6.000000e+00 1.000000e+00 1.260000e+02
      vertex   1.000000e+00 1.000000e+00 1.363333e+02
      vertex   6.000000e+00 1.000000e+00 1.363333e+02
    endloop
  endfacet
  facet normal 0.000000e+00 5.233596e-02 -9.986295e-01
    outer loop
      vertex   6.000000e+00 -2.000000e+00 1.230000e+02
      vertex   1.000000e+00 -2.000000e+00 1.230000e+02
      vertex   6.000000e+00 -1.686415e+00 1.230164e+02
    endloop
  endfacet
  facet normal 6.972550e-18 5.233596e-02 -9.986295e-01
    outer loop
      vertex   6.000000e+00 -1.686415e+00 1.230164e+02
      vertex   1.000000e+00 -2.000000e+00 1.230000e+02
      vertex   1.000000e+00 -1.686415e+00 1.230164e+02
    endloop
  endfacet
  facet normal 2.084126e-17 1.564345e-01 -9.876883e-01
    outer loop
      vertex   6.000000e+00 -1.686415e+00 1.230164e+02
      vertex   1.000000e+00 -1.686415e+00 1.230164e+02
      vertex   6.000000e+00 -1.376265e+00 1.230656e+02
    endloop
  endfacet
  facet normal 1.389417e-17 1.564345e-01 -9.876883e-01
    outer loop
      vertex   6.000000e+00 -1.376265e+00 1.230656e+02
      vertex   1.000000e+00 -1.686415e+00 1.230164e+02
      vertex   1.000000e+00 -1.376265e+00 1.230656e+02
    endloop
  endfacet
  facet normal 2.298775e-17 2.588190e-01 -9.659258e-01
    outer loop
      vertex   6.000000e+00 -1.376265e+00 1.230656e+02
      vertex   1.000000e+00 -1.376265e+00 1.230656e+02
      vertex   6.000000e+00 -1.072949e+00 1.231468e+02
    endloop
  endfacet
  facet normal 1.149387e-17 2.588190e-01 -9.659258e-01
    outer loop
      vertex   6.000000e+00 -1.072949e+00 1.231468e+02
      vertex   1.000000e+00 -1.376265e+00 1.230656e+02
      vertex   1.000000e+00 -1.072949e+00 1.231468e+02
    endloop
  endfacet
  facet normal 1.591473e-17 3.583679e-01 -9.335804e-01
    outer loop
      vertex   6.000000e+00 -1.072949e+00 1.231468e+02
      vertex   1.000000e+00 -1.072949e+00 1.231468e+02
      vertex   6.000000e+00 -7.797901e-01 1.232594e+02
    endloop
  endfacet
  facet normal 7.957367e-18 3.583679e-01 -9.335804e-01
    outer loop
      vertex   6.000000e+00 -7.797901e-01 1.232594e+02
      vertex   1.000000e+00 -1.072949e+00 1.231468e+02
      vertex   1.000000e+00 -7.797901e-01 1.232594e+02
    endloop
  endfacet
  facet normal 1.008061e-17 4.539905e-01 -8.910065e-01
    outer loop
      vertex   6.000000e+00 -7.797901e-01 1.232594e+02
      vertex   1.000000e+00 -7.797901e-01 1.232594e+02
      vertex   6.000000e+00 -5.000000e-01 1.234019e+02
    endloop
  endfacet
  facet normal 5.040307e-17 4.539905e-01 -8.910065e-01
    outer loop
      vertex   6.000000e+00 -5.000000e-01 1.234019e+02
      vertex   1.000000e+00 -7.797901e-01 1.232594e+02
      vertex   1.000000e+00 -5.000000e-01 1.234019e+02
    endloop
  endfacet
  facet normal 6.046708e-17 5.446390e-01 -8.386706e-01
    outer loop
      vertex   6.000000e+00 -5.000000e-01 1.234019e+02
      vertex   1.000000e+00 -5.000000e-01 1.234019e+02
      vertex   6.000000e+00 -2.366442e-01 1.235729e+02
    endloop
  endfacet
  facet normal 6.046708e-17 5.446390e-01 -8.386706e-01
    outer loop
      vertex   6.000000e+00 -2.366442e-01 1.235729e+02
      vertex   1.000000e+00 -5.000000e-01 1.234019e+02
      vertex   1.000000e+00 -2.366442e-01 1.235729e+02
    endloop
  endfacet
  facet normal 6.986860e-17 6.293204e-01 -7.771460e-01
    outer loop
      vertex   6.000000e+00 -2.366442e-01 1.235729e+02
      vertex   1.000000e+00 -2.366442e-01 1.235729e+02
      vertex   6.000000e+00 7.391829e-03 1.237706e+02
    endloop
  endfacet
  facet normal 3.493430e-17 6.293204e-01 -7.771460e-01
    outer loop
      vertex   6.000000e+00 7.391829e-03 1.237706e+02
      vertex   1.000000e+00 -2.366442e-01 1.235729e+02
      vertex   1.000000e+00 7.391829e-03 1.237706e+02
    endloop
  endfacet
  facet normal 3.925231e-17 7.071068e-01 -7.071068e-01
    outer loop
      vertex   6.000000e+00 7.391829e-03 1.237706e+02
      vertex   1.000000e+00 7.391829e-03 1.237706e+02
      vertex   6.000000e+00 2.294345e-01 1.239926e+02
    endloop
  endfacet
  facet normal 3.925231e-17 7.071068e-01 -7.071068e-01
    outer loop
      vertex   6.000000e+00 2.294345e-01 1.239926e+02
      vertex   1.000000e+00 7.391829e-03 1.237706e+02
      vertex   1.000000e+00 2.294345e-01 1.239926e+02
    endloop
  endfacet
  facet normal 4.314027e-17 7.771460e-01 -6.293204e-01
    outer loop
      vertex   6.000000e+00 2.294345e-01 1.239926e+02
      vertex   1.000000e+00 2.294345e-01 1.239926e+02
      vertex   6.000000e+00 4.270510e-01 1.242366e+02
    endloop
  endfacet
  facet normal 8.628053e-17 7.771460e-01 -6.293204e-01
    outer loop
      vertex   6.000000e+00 4.270510e-01 1.242366e+02
      vertex   1.000000e+00 2.294345e-01 1.239926e+02
      vertex   1.000000e+00 4.270510e-01 1.242366e+02
    endloop
  endfacet
  facet normal 9.311114e-17 8.386706e-01 -5.446390e-01
    outer loop
      vertex   6.000000e+00 4.270510e-01 1.242366e+02
      vertex   1.000000e+00 4.270510e-01 1.242366e+02
      vertex   6.000000e+00 5.980762e-01 1.245000e+02
    endloop
  endfacet
  facet normal 9.311114e-17 8.386706e-01 -5.446390e-01
    outer loop
      vertex   6.000000e+00 5.980762e-01 1.245000e+02
      vertex   1.000000e+00 4.270510e-01 1.242366e+02
      vertex   1.000000e+00 5.980762e-01 1.245000e+02
    endloop
  endfacet
  facet normal 9.892160e-17 8.910065e-01 -4.539905e-01
    outer loop
      vertex   6.000000e+00 5.980762e-01 1.245000e+02
      vertex   1.000000e+00 5.980762e-01 1.245000e+02
      vertex   6.000000e+00 7.406364e-01 1.247798e+02
    endloop
  endfacet
  facet normal 0.000000e+00 8.910065e-01 -4.539905e-01
    outer loop
      vertex   6.000000e+00 7.406364e-01 1.247798e+02
      vertex   1.000000e+00 5.980762e-01 1.245000e+02
      vertex   1.000000e+00 7.406364e-01 1.247798e+02
    endloop
  endfacet
  facet normal 0.000000e+00 9.335804e-01 -3.583679e-01
    outer loop
      vertex   6.000000e+00 7.406364e-01 1.247798e+02
      vertex   1.000000e+00 7.406364e-01 1.247798e+02
      vertex   6.000000e+00 8.531696e-01 1.250729e+02
    endloop
  endfacet
  facet normal 1.036482e-16 9.335804e-01 -3.583679e-01
    outer loop
      vertex   6.000000e+00 8.531696e-01 1.250729e+02
      vertex   1.000000e+00 7.406364e-01 1.247798e+02
      vertex   1.000000e+00 8.531696e-01 1.250729e+02
    endloop
  endfacet
  facet normal 1.072393e-16 9.659258e-01 -2.588190e-01
    outer loop
      vertex   6.000000e+00 8.531696e-01 1.250729e+02
      vertex   1.000000e+00 8.531696e-01 1.250729e+02
      vertex   6.000000e+00 9.344428e-01 1.253763e+02
    endloop
  endfacet
  facet normal 0.000000e+00 9.659258e-01 -2.588190e-01
    outer loop
      vertex   6.000000e+00 9.344428e-01 1.253763e+02
      vertex   1.000000e+00 8.531696e-01 1.250729e+02
      vertex   1.000000e+00 9.344428e-01 1.253763e+02
    endloop
  endfacet
  facet normal 0.000000e+00 9.876883e-01 -1.564345e-01
    outer loop
      vertex   6.000000e+00 9.344428e-01 1.253763e+02
      vertex   1.000000e+00 9.344428e-01 1.253763e+02
      vertex   6.000000e+00 9.835657e-01 1.256864e+02
    endloop
  endfacet
  facet normal 0.000000e+00 9.876883e-01 -1.564345e-01
    outer loop
      vertex   6.000000e+00 9.835657e-01 1.256864e+02
      vertex   1.000000e+00 9.344428e-01 1.253763e+02
      vertex   1.000000e+00 9.835657e-01 1.256864e+02
    endloop
  endfacet
  facet normal 0.000000e+00 9.986295e-01 -5.233596e-02
    outer loop
      vertex   6.000000e+00 9.835657e-01 1.256864e+02
      vertex   1.000000e+00 9.835657e-01 1.256864e+02
      vertex   6.000000e+00 1.000000e+00 1.260000e+02
    endloop
  endfacet
  facet normal 8.869612e-17 9.986295e-01 -5.233596e-02
    outer loop
      vertex   6.000000e+00 1.000000e+00 1.260000e+02
      vertex   1.000000e+00 9.835657e-01 1.256864e+02
      vertex   1.000000e+00 1.000000e+00 1.260000e+02
    endloop
  endfacet
  facet normal 0.000000e+00 0.000000e+00 -1.000000e+00
    outer loop
      vertex   1.000000e+00 -5.000000e+00 1.230000e+02
      vertex   1.000000e+00 -2.000000e+00 1.230000e+02
      vertex   6.000000e+00 -5.000000e+00 1.230000e+02
    endloop
  endfacet
  facet normal 0.000000e+00 0.000000e+00 -1.000000e+00
    outer loop
      vertex   6.000000e+00 -5.000000e+00 1.230000e+02
      vertex   1.000000e+00 -2.000000e+00 1.230000e+02
      vertex   6.000000e+00 -2.000000e+00 1.230000e+02
    endloop
  endfacet
  facet normal 1.000000e+00 -0.000000e+00 0.000000e+00
    outer loop
      vertex   6.000000e+00 -5.000000e+00 1.240000e+02
      vertex   6.000000e+00 -5.000000e+00 1.230000e+02
      vertex   6.000000e+00 -2.000000e+00 1.240000e+02
    endloop
  endfacet
  facet normal 1.000000e+00 0.000000e+00 0.000000e+00
    outer loop
      vertex   6.000000e+00 -2.000000e+00 1.240000e+02
      vertex   6.000000e+00 -5.000000e+00 1.230000e+02
      vertex   6.000000e+00 -2.000000e+00 1.230000e+02
    endloop
  endfacet
  facet normal 1.000000e+00 -0.000000e+00 0.000000e+00
    outer loop
      vertex   6.000000e+00 -2.000000e+00 1.240000e+02
      vertex   6.000000e+00 -2.000000e+00 1.230000e+02
      vertex   6.000000e+00 -1.758927e+00 1.240146e+02
    endloop
  endfacet
  facet normal 1.000000e+00 0.000000e+00 0.000000e+00
    outer loop
      vertex   6.000000e+00 -1.758927e+00 1.240146e+02
      vertex   6.000000e+00 -2.000000e+00 1.230000e+02
      vertex   6.000000e+00 -1.686415e+00 1.230164e+02
    endloop
  endfacet
  facet normal 1.000000e+00 -0.000000e+00 0.000000e+00
    outer loop
      vertex   6.000000e+00 -1.758927e+00 1.240146e+02
      vertex   6.000000e+00 -1.686415e+00 1.230164e+02
      vertex   6.000000e+00 -1.521369e+00 1.240581e+02
    endloop
  endfacet
  facet normal 1.000000e+00 0.000000e+00 0.000000e+00
    outer loop
      vertex   6.000000e+00 -1.521369e+00 1.240581e+02
      vertex   6.000000e+00 -1.686415e+00 1.230164e+02
      vertex   6.000000e+00 -1.376265e+00 1.230656e+02
    endloop
  endfacet
  facet normal 1.000000e+00 -0.000000e+00 0.000000e+00
    outer loop
      vertex   6.000000e+00 -1.521369e+00 1.240581e+02
      vertex   6.000000e+00 -1.376265e+00 1.230656e+02
      vertex   6.000000e+00 -1.290790e+00 1.241300e+02
    endloop
  endfacet
  facet normal 1.000000e+00 0.000000e+00 0.000000e+00
    outer loop
      vertex   6.000000e+00 -1.290790e+00 1.241300e+02
      vertex   6.000000e+00 -1.376265e+00 1.230656e+02
      vertex   6.000000e+00 -1.072949e+00 1.231468e+02
    endloop
  endfacet
  facet normal 1.000000e+00 -0.000000e+00 0.000000e+00
    outer loop
      vertex   6.000000e+00 -1.290790e+00 1.241300e+02
      vertex   6.000000e+00 -1.072949e+00 1.231468e+02
      vertex   6.000000e+00 -1.070554e+00 1.242291e+02
    endloop
  endfacet
  facet normal 1.000000e+00 0.000000e+00 0.000000e+00
    outer loop
      vertex   6.000000e+00 -1.070554e+00 1.242291e+02
      vertex   6.000000e+00 -1.072949e+00 1.231468e+02
      vertex   6.000000e+00 -7.797901e-01 1.232594e+02
    endloop
  endfacet
  facet normal 1.000000e+00 -0.000000e+00 0.000000e+00
    outer loop
      vertex   6.000000e+00 -1.070554e+00 1.242291e+02
      vertex   6.000000e+00 -7.797901e-01 1.232594e+02
      vertex   6.000000e+00 -8.638705e-01 1.243540e+02
    endloop
  endfacet
  facet normal 1.000000e+00 -0.000000e+00 0.000000e+00
    outer loop
      vertex   6.000000e+00 -8.638705e-01 1.243540e+02
      vertex   6.000000e+00 -7.797901e-01 1.232594e+02
      vertex   6.000000e+00 -6.737547e-01 1.245030e+02
    endloop
  endfacet
  facet normal 1.000000e+00 0.000000e+00 0.000000e+00
    outer loop
      vertex   6.000000e+00 -6.737547e-01 1.245030e+02
      vertex   6.000000e+00 -7.797901e-01 1.232594e+02
      vertex   6.000000e+00 -5.000000e-01 1.234019e+02
    endloop
  endfacet
  facet normal 1.000000e+00 -0.000000e+00 0.000000e+00
    outer loop
      vertex   6.000000e+00 -6.737547e-01 1.245030e+02
      vertex   6.000000e+00 -5.000000e-01 1.234019e+02
      vertex   6.000000e+00 -5.029785e-01 1.246738e+02
    endloop
  endfacet
  facet normal 1.000000e+00 0.000000e+00 0.000000e+00
    outer loop
      vertex   6.000000e+00 -5.029785e-01 1.246738e+02
      vertex   6.000000e+00 -5.000000e-01 1.234019e+02
      vertex   6.000000e+00 -2.366442e-01 1.235729e+02
    endloop
  endfacet
  facet normal 1.000000e+00 -0.000000e+00 0.000000e+00
    outer loop
      vertex   6.000000e+00 -5.029785e-01 1.246738e+02
      vertex   6.000000e+00 -2.366442e-01 1.235729e+02
      vertex   6.000000e+00 -3.540323e-01 1.248639e+02
    endloop
  endfacet
  facet normal 1.000000e+00 0.000000e+00 0.000000e+00
    outer loop
      vertex   6.000000e+00 -3.540323e-01 1.248639e+02
      vertex   6.000000e+00 -2.366442e-01 1.235729e+02
      vertex   6.000000e+00 7.391829e-03 1.237706e+02
    endloop
  endfacet
  facet normal 1.000000e+00 -0.000000e+00 0.000000e+00
    outer loop
      vertex   6.000000e+00 -3.540323e-01 1.248639e+02
      vertex   6.000000e+00 7.391829e-03 1.237706e+02
      vertex   6.000000e+00 -2.290879e-01 1.250706e+02
    endloop
  endfacet
  facet normal 1.000000e+00 -0.000000e+00 0.000000e+00
    outer loop
      vertex   6.000000e+00 -2.290879e-01 1.250706e+02
      vertex   6.000000e+00 7.391829e-03 1.237706e+02
      vertex   6.000000e+00 -1.299675e-01 1.252908e+02
    endloop
  endfacet
  facet normal 1.000000e+00 0.000000e+00 0.000000e+00
    outer loop
      vertex   6.000000e+00 -1.299675e-01 1.252908e+02
      vertex   6.000000e+00 7.391829e-03 1.237706e+02
      vertex   6.000000e+00 2.294345e-01 1.239926e+02
    endloop
  endfacet
  facet normal 1.000000e+00 -0.000000e+00 0.000000e+00
    outer loop
      vertex   6.000000e+00 -1.299675e-01 1.252908e+02
      vertex   6.000000e+00 2.294345e-01 1.239926e+02
      vertex   6.000000e+00 -5.811637e-02 1.255214e+02
    endloop
  endfacet
  facet normal 1.000000e+00 0.000000e+00 0.000000e+00
    outer loop
      vertex   6.000000e+00 -5.811637e-02 1.255214e+02
      vertex   6.000000e+00 2.294345e-01 1.239926e+02
      vertex   6.000000e+00 4.270510e-01 1.242366e+02
    endloop
  endfacet
  facet normal 1.000000e+00 -0.000000e+00 0.000000e+00
    outer loop
      vertex   6.000000e+00 -5.811637e-02 1.255214e+02
      vertex   6.000000e+00 4.270510e-01 1.242366e+02
      vertex   6.000000e+00 -1.458225e-02 1.257589e+02
    endloop
  endfacet
  facet normal 1.000000e+00 0.000000e+00 0.000000e+00
    outer loop
      vertex   6.000000e+00 -1.458225e-02 1.257589e+02
      vertex   6.000000e+00 4.270510e-01 1.242366e+02
      vertex   6.000000e+00 5.980762e-01 1.245000e+02
    endloop
  endfacet
  facet normal 1.000000e+00 0.000000e+00 0.000000e+00
    outer loop
      vertex   6.000000e+00 -1.458225e-02 1.257589e+02
      vertex   6.000000e+00 5.980762e-01 1.245000e+02
      vertex   6.000000e+00 7.406364e-01 1.247798e+02
    endloop
  endfacet
  facet normal 1.000000e+00 -0.000000e+00 0.000000e+00
    outer loop
      vertex   6.000000e+00 -1.458225e-02 1.257589e+02
      vertex   6.000000e+00 7.406364e-01 1.247798e+02
      vertex   6.000000e+00 4.440892e-15 1.260000e+02
    endloop
  endfacet
  facet normal 1.000000e+00 0.000000e+00 0.000000e+00
    outer loop
      vertex   6.000000e+00 4.440892e-15 1.260000e+02
      vertex   6.000000e+00 7.406364e-01 1.247798e+02
      vertex   6.000000e+00 8.531696e-01 1.250729e+02
    endloop
  endfacet
  facet normal 1.000000e+00 0.000000e+00 0.000000e+00
    outer loop
      vertex   6.000000e+00 4.440892e-15 1.260000e+02
      vertex   6.000000e+00 8.531696e-01 1.250729e+02
      vertex   6.000000e+00 9.344428e-01 1.253763e+02
    endloop
  endfacet
  facet normal 1.000000e+00 0.000000e+00 -0.000000e+00
    outer loop
      vertex   6.000000e+00 9.344428e-01 1.253763e+02
      vertex   6.000000e+00 9.835657e-01 1.256864e+02
      vertex   6.000000e+00 4.440892e-15 1.260000e+02
    endloop
  endfacet
  facet normal 1.000000e+00 -0.000000e+00 0.000000e+00
    outer loop
      vertex   6.000000e+00 4.440892e-15 1.260000e+02
      vertex   6.000000e+00 9.835657e-01 1.256864e+02
      vertex   6.000000e+00 1.000000e+00 1.260000e+02
    endloop
  endfacet
  facet normal 1.000000e+00 0.000000e+00 -0.000000e+00
    outer loop
      vertex   6.000000e+00 4.440892e-15 1.260000e+02
      vertex   6.000000e+00 1.000000e+00 1.260000e+02
      vertex   6.000000e+00 0.000000e+00 1.363333e+02
    endloop
  endfacet
  facet normal 1.000000e+00 -0.000000e+00 0.000000e+00
    outer loop
      vertex   6.000000e+00 0.000000e+00 1.363333e+02
      vertex   6.000000e+00 1.000000e+00 1.260000e+02
      vertex   6.000000e+00 1.000000e+00 1.363333e+02
    endloop
  endfacet
  facet normal 1.000000e+00 0.000000e+00 0.000000e+00
    outer loop
      vertex   6.000000e+00 0.000000e+00 1.363333e+02
      vertex   6.000000e+00 1.000000e+00 1.363333e+02
      vertex   6.000000e+00 9.835657e-01 1.366469e+02
    endloop
  endfacet
  facet normal 1.000000e+00 0.000000e+00 0.000000e+00
    outer loop
      vertex   6.000000e+00 9.835657e-01 1.366469e+02
      vertex   6.000000e+00 9.344428e-01 1.369571e+02
      vertex   6.000000e+00 0.000000e+00 1.363333e+02
    endloop
  endfacet
  facet normal 1.000000e+00 0.000000e+00 0.000000e+00
    outer loop
      vertex   6.000000e+00 0.000000e+00 1.363333e+02
      vertex   6.000000e+00 9.344428e-01 1.369571e+02
      vertex   6.000000e+00 8.531696e-01 1.372604e+02
    endloop
  endfacet
  facet normal 1.000000e+00 0.000000e+00 0.000000e+00
    outer loop
      vertex   6.000000e+00 0.000000e+00 1.363333e+02
      vertex   6.000000e+00 8.531696e-01 1.372604e+02
      vertex   6.000000e+00 7.406364e-01 1.375535e+02
    endloop
  endfacet
  facet normal 1.000000e+00 0.000000e+00 -0.000000e+00
    outer loop
      vertex   6.000000e+00 0.000000e+00 1.363333e+02
      vertex   6.000000e+00 7.406364e-01 1.375535e+02
      vertex   6.000000e+00 -1.458225e-02 1.365744e+02
    endloop
  endfacet
  facet normal 1.000000e+00 0.000000e+00 0.000000e+00
    outer loop
      vertex   6.000000e+00 -1.458225e-02 1.365744e+02
      vertex   6.000000e+00 7.406364e-01 1.375535e+02
      vertex   6.000000e+00 5.980762e-01 1.378333e+02
    endloop
  endfacet
  facet normal 1.000000e+00 0.000000e+00 0.000000e+00
    outer loop
      vertex   6.000000e+00 -1.458225e-02 1.365744e+02
      vertex   6.000000e+00 5.980762e-01 1.378333e+02
      vertex   6.000000e+00 4.270510e-01 1.380967e+02
    endloop
  endfacet
  facet normal 1.000000e+00 0.000000e+00 -0.000000e+00
    outer loop
      vertex   6.000000e+00 -1.458225e-02 1.365744e+02
      vertex   6.000000e+00 4.270510e-01 1.380967e+02
      vertex   6.000000e+00 -5.811637e-02 1.368120e+02
    endloop
  endfacet
  facet normal 1.000000e+00 0.000000e+00 0.000000e+00
    outer loop
      vertex   6.000000e+00 -5.811637e-02 1.368120e+02
      vertex   6.000000e+00 4.270510e-01 1.380967e+02
      vertex   6.000000e+00 2.294345e-01 1.383407e+02
    endloop
  endfacet
  facet normal 1.000000e+00 0.000000e+00 -0.000000e+00
    outer loop
      vertex   6.000000e+00 -5.811637e-02 1.368120e+02
      vertex   6.000000e+00 2.294345e-01 1.383407e+02
      vertex   6.000000e+00 -1.299675e-01 1.370425e+02
    endloop
  endfacet
  facet normal 1.000000e+00 0.000000e+00 0.000000e+00
    outer loop
      vertex   6.000000e+00 -1.299675e-01 1.370425e+02
      vertex   6.000000e+00 2.294345e-01 1.383407e+02
      vertex   6.000000e+00 7.391829e-03 1.385628e+02
    endloop
  endfacet
  facet normal 1.000000e+00 0.000000e+00 -0.000000e+00
    outer loop
      vertex   6.000000e+00 -1.299675e-01 1.370425e+02
      vertex   6.000000e+00 7.391829e-03 1.385628e+02
      vertex   6.000000e+00 -2.290879e-01 1.372628e+02
    endloop
  endfacet
  facet normal 1.000000e+00 0.000000e+00 -0.000000e+00
    outer loop
      vertex   6.000000e+00 -2.290879e-01 1.372628e+02
      vertex   6.000000e+00 7.391829e-03 1.385628e+02
      vertex   6.000000e+00 -3.540323e-01 1.374695e+02
    endloop
  endfacet
  facet normal 1.000000e+00 0.000000e+00 0.000000e+00
    outer loop
      vertex   6.000000e+00 -3.540323e-01 1.374695e+02
      vertex   6.000000e+00 7.391829e-03 1.385628e+02
      vertex   6.000000e+00 -2.366442e-01 1.387604e+02
    endloop
  endfacet
  facet normal 1.000000e+00 0.000000e+00 -0.000000e+00
    outer loop
      vertex   6.000000e+00 -3.540323e-01 1.374695e+02
      vertex   6.000000e+00 -2.366442e-01 1.387604e+02
      vertex   6.000000e+00 -5.029785e-01 1.376596e+02
    endloop
  endfacet
  facet normal 1.000000e+00 0.000000e+00 0.000000e+00
    outer loop
      vertex   6.000000e+00 -5.029785e-01 1.376596e+02
      vertex   6.000000e+00 -2.366442e-01 1.387604e+02
      vertex   6.000000e+00 -5.000000e-01 1.389314e+02
    endloop
  endfacet
  facet normal 1.000000e+00 0.000000e+00 -0.000000e+00
    outer loop
      vertex   6.000000e+00 -5.029785e-01 1.376596e+02
      vertex   6.000000e+00 -5.000000e-01 1.389314e+02
      vertex   6.000000e+00 -6.737547e-01 1.378304e+02
    endloop
  endfacet
  facet normal 1.000000e+00 0.000000e+00 -0.000000e+00
    outer loop
      vertex   6.000000e+00 -6.737547e-01 1.378304e+02
      vertex   6.000000e+00 -5.000000e-01 1.389314e+02
      vertex   6.000000e+00 -7.797901e-01 1.390740e+02
    endloop
  endfacet
  facet normal 1.000000e+00 0.000000e+00 0.000000e+00
    outer loop
      vertex   6.000000e+00 -6.737547e-01 1.378304e+02
      vertex   6.000000e+00 -7.797901e-01 1.390740e+02
      vertex   6.000000e+00 -8.638705e-01 1.379793e+02
    endloop
  endfacet
  facet normal 1.000000e+00 0.000000e+00 -0.000000e+00
    outer loop
      vertex   6.000000e+00 -8.638705e-01 1.379793e+02
      vertex   6.000000e+00 -7.797901e-01 1.390740e+02
      vertex   6.000000e+00 -1.070554e+00 1.381042e+02
    endloop
  endfacet
  facet normal 1.000000e+00 0.000000e+00 -0.000000e+00
    outer loop
      vertex   6.000000e+00 -1.070554e+00 1.381042e+02
      vertex   6.000000e+00 -7.797901e-01 1.390740e+02
      vertex   6.000000e+00 -1.072949e+00 1.391865e+02
    endloop
  endfacet
  facet normal 1.000000e+00 0.000000e+00 0.000000e+00
    outer loop
      vertex   6.000000e+00 -1.070554e+00 1.381042e+02
      vertex   6.000000e+00 -1.072949e+00 1.391865e+02
      vertex   6.000000e+00 -1.290790e+00 1.382034e+02
    endloop
  endfacet
  facet normal 1.000000e+00 0.000000e+00 -0.000000e+00
    outer loop
      vertex   6.000000e+00 -1.290790e+00 1.382034e+02
      vertex   6.000000e+00 -1.072949e+00 1.391865e+02
      vertex   6.000000e+00 -1.376265e+00 1.392678e+02
    endloop
  endfacet
  facet normal 1.000000e+00 0.000000e+00 0.000000e+00
    outer loop
      vertex   6.000000e+00 -1.290790e+00 1.382034e+02
      vertex   6.000000e+00 -1.376265e+00 1.392678e+02
      vertex   6.000000e+00 -1.521369e+00 1.382752e+02
    endloop
  endfacet
  facet normal 1.000000e+00 0.000000e+00 -0.000000e+00
    outer loop
      vertex   6.000000e+00 -1.521369e+00 1.382752e+02
      vertex   6.000000e+00 -1.376265e+00 1.392678e+02
      vertex   6.000000e+00 -1.686415e+00 1.393169e+02
    endloop
  endfacet
  facet normal 1.000000e+00 0.000000e+00 0.000000e+00
    outer loop
      vertex   6.000000e+00 -1.521369e+00 1.382752e+02
      vertex   6.000000e+00 -1.686415e+00 1.393169e+02
      vertex   6.000000e+00 -1.758927e+00 1.383188e+02
    endloop
  endfacet
  facet normal 1.000000e+00 0.000000e+00 -0.000000e+00
    outer loop
      vertex   6.000000e+00 -1.758927e+00 1.383188e+02
      vertex   6.000000e+00 -1.686415e+00 1.393169e+02
      vertex   6.000000e+00 -2.000000e+00 1.393333e+02
    endloop
  endfacet
  facet normal 1.000000e+00 0.000000e+00 0.000000e+00
    outer loop
      vertex   6.000000e+00 -1.758927e+00 1.383188e+02
      vertex   6.000000e+00 -2.000000e+00 1.393333e+02
      vertex   6.000000e+00 -2.000000e+00 1.383333e+02
    endloop
  endfacet
  facet normal 1.000000e+00 0.000000e+00 -0.000000e+00
    outer loop
      vertex   6.000000e+00 -2.000000e+00 1.383333e+02
      vertex   6.000000e+00 -2.000000e+00 1.393333e+02
      vertex   6.000000e+00 -5.000000e+00 1.383333e+02
    endloop
  endfacet
  facet normal 1.000000e+00 0.000000e+00 0.000000e+00
    outer loop
      vertex   6.000000e+00 -5.000000e+00 1.383333e+02
      vertex   6.000000e+00 -2.000000e+00 1.393333e+02
      vertex   6.000000e+00 -5.000000e+00 1.393333e+02
    endloop
  endfacet
  facet normal 1.000000e+00 0.000000e+00 0.000000e+00
    outer loop
      vertex   1.000000e+00 -5.000000e+00 1.393333e+02
      vertex   1.000000e+00 -2.000000e+00 1.393333e+02
      vertex   1.000000e+00 -5.000000e+00 1.413333e+02
    endloop
  endfacet
  facet normal 1.000000e+00 -0.000000e+00 0.000000e+00
    outer loop
      vertex   1.000000e+00 -5.000000e+00 1.413333e+02
      vertex   1.000000e+00 -2.000000e+00 1.393333e+02
      vertex   1.000000e+00 -2.000000e+00 1.413333e+02
    endloop
  endfacet
  facet normal 1.000000e+00 0.000000e+00 0.000000e+00
    outer loop
      vertex   1.000000e+00 -2.000000e+00 1.413333e+02
      vertex   1.000000e+00 -2.000000e+00 1.393333e+02
      vertex   1.000000e+00 -1.686415e+00 1.393169e+02
    endloop
  endfacet
  facet normal 1.000000e+00 -0.000000e+00 0.000000e+00
    outer loop
      vertex   1.000000e+00 -2.000000e+00 1.413333e+02
      vertex   1.000000e+00 -1.686415e+00 1.393169e+02
      vertex   1.000000e+00 -1.686415e+00 1.413498e+02
    endloop
  endfacet
  facet normal 1.000000e+00 0.000000e+00 0.000000e+00
    outer loop
      vertex   1.000000e+00 -1.686415e+00 1.413498e+02
      vertex   1.000000e+00 -1.686415e+00 1.393169e+02
      vertex   1.000000e+00 -1.376265e+00 1.392678e+02
    endloop
  endfacet
  facet normal 1.000000e+00 -0.000000e+00 0.000000e+00
    outer loop
      vertex   1.000000e+00 -1.686415e+00 1.413498e+02
      vertex   1.000000e+00 -1.376265e+00 1.392678e+02
      vertex   1.000000e+00 -1.376265e+00 1.413989e+02
    endloop
  endfacet
  facet normal 1.000000e+00 0.000000e+00 0.000000e+00
    outer loop
      vertex   1.000000e+00 -1.376265e+00 1.413989e+02
      vertex   1.000000e+00 -1.376265e+00 1.392678e+02
      vertex   1.000000e+00 -1.072949e+00 1.391865e+02
    endloop
  endfacet
  facet normal 1.000000e+00 -0.000000e+00 0.000000e+00
    outer loop
      vertex   1.000000e+00 -1.376265e+00 1.413989e+02
      vertex   1.000000e+00 -1.072949e+00 1.391865e+02
      vertex   1.000000e+00 -1.072949e+00 1.414802e+02
    endloop
  endfacet
  facet normal 1.000000e+00 0.000000e+00 0.000000e+00
    outer loop
      vertex   1.000000e+00 -1.072949e+00 1.414802e+02
      vertex   1.000000e+00 -1.072949e+00 1.391865e+02
      vertex   1.000000e+00 -7.797901e-01 1.390740e+02
    endloop
  endfacet
  facet normal 1.000000e+00 -0.000000e+00 0.000000e+00
    outer loop
      vertex   1.000000e+00 -1.072949e+00 1.414802e+02
      vertex   1.000000e+00 -7.797901e-01 1.390740e+02
      vertex   1.000000e+00 -7.797901e-01 1.415927e+02
    endloop
  endfacet
  facet normal 1.000000e+00 0.000000e+00 0.000000e+00
    outer loop
      vertex   1.000000e+00 -7.797901e-01 1.415927e+02
      vertex   1.000000e+00 -7.797901e-01 1.390740e+02
      vertex   1.000000e+00 -5.000000e-01 1.389314e+02
    endloop
  endfacet
  facet normal 1.000000e+00 -0.000000e+00 0.000000e+00
    outer loop
      vertex   1.000000e+00 -7.797901e-01 1.415927e+02
      vertex   1.000000e+00 -5.000000e-01 1.389314e+02
      vertex   1.000000e+00 -5.000000e-01 1.417353e+02
    endloop
  endfacet
  facet normal 1.000000e+00 0.000000e+00 0.000000e+00
    outer loop
      vertex   1.000000e+00 -5.000000e-01 1.417353e+02
      vertex   1.000000e+00 -5.000000e-01 1.389314e+02
      vertex   1.000000e+00 -2.366442e-01 1.387604e+02
    endloop
  endfacet
  facet normal 1.000000e+00 -0.000000e+00 0.000000e+00
    outer loop
      vertex   1.000000e+00 -5.000000e-01 1.417353e+02
      vertex   1.000000e+00 -2.366442e-01 1.387604e+02
      vertex   1.000000e+00 -2.366442e-01 1.419063e+02
    endloop
  endfacet
  facet normal 1.000000e+00 0.000000e+00 0.000000e+00
    outer loop
      vertex   1.000000e+00 -2.366442e-01 1.419063e+02
      vertex   1.000000e+00 -2.366442e-01 1.387604e+02
      vertex   1.000000e+00 7.391829e-03 1.385628e+02
    endloop
  endfacet
  facet normal 1.000000e+00 -0.000000e+00 0.000000e+00
    outer loop
      vertex   1.000000e+00 -2.366442e-01 1.419063e+02
      vertex   1.000000e+00 7.391829e-03 1.385628e+02
      vertex   1.000000e+00 7.391829e-03 1.421039e+02
    endloop
  endfacet
  facet normal 1.000000e+00 0.000000e+00 0.000000e+00
    outer loop
      vertex   1.000000e+00 7.391829e-03 1.421039e+02
      vertex   1.000000e+00 7.391829e-03 1.385628e+02
      vertex   1.000000e+00 2.294345e-01 1.383407e+02
    endloop
  endfacet
  facet normal 1.000000e+00 -0.000000e+00 0.000000e+00
    outer loop
      vertex   1.000000e+00 7.391829e-03 1.421039e+02
      vertex   1.000000e+00 2.294345e-01 1.383407e+02
      vertex   1.000000e+00 2.294345e-01 1.423259e+02
    endloop
  endfacet
  facet normal 1.000000e+00 -0.000000e+00 0.000000e+00
    outer loop
      vertex   1.000000e+00 2.294345e-01 1.423259e+02
      vertex   1.000000e+00 2.294345e-01 1.383407e+02
      vertex   1.000000e+00 4.270510e-01 1.425700e+02
    endloop
  endfacet
  facet normal 1.000000e+00 0.000000e+00 0.000000e+00
    outer loop
      vertex   1.000000e+00 4.270510e-01 1.425700e+02
      vertex   1.000000e+00 2.294345e-01 1.383407e+02
      vertex   1.000000e+00 4.270510e-01 1.380967e+02
    endloop
  endfacet
  facet normal 1.000000e+00 -0.000000e+00 0.000000e+00
    outer loop
      vertex   1.000000e+00 4.270510e-01 1.425700e+02
      vertex   1.000000e+00 4.270510e-01 1.380967e+02
      vertex   1.000000e+00 5.980762e-01 1.428333e+02
    endloop
  endfacet
  facet normal 1.000000e+00 0.000000e+00 0.000000e+00
    outer loop
      vertex   1.000000e+00 5.980762e-01 1.428333e+02
      vertex   1.000000e+00 4.270510e-01 1.380967e+02
      vertex   1.000000e+00 5.980762e-01 1.378333e+02
    endloop
  endfacet
  facet normal 1.000000e+00 -0.000000e+00 0.000000e+00
    outer loop
      vertex   1.000000e+00 5.980762e-01 1.428333e+02
      vertex   1.000000e+00 5.980762e-01 1.378333e+02
      vertex   1.000000e+00 7.406364e-01 1.431131e+02
    endloop
  endfacet
  facet normal 1.000000e+00 0.000000e+00 0.000000e+00
    outer loop
      vertex   1.000000e+00 7.406364e-01 1.431131e+02
      vertex   1.000000e+00 5.980762e-01 1.378333e+02
      vertex   1.000000e+00 7.406364e-01 1.375535e+02
    endloop
  endfacet
  facet normal 1.000000e+00 -0.000000e+00 0.000000e+00
    outer loop
      vertex   1.000000e+00 7.406364e-01 1.431131e+02
      vertex   1.000000e+00 7.406364e-01 1.375535e+02
      vertex   1.000000e+00 8.531696e-01 1.434063e+02
    endloop
  endfacet
  facet normal 1.000000e+00 0.000000e+00 0.000000e+00
    outer loop
      vertex   1.000000e+00 8.531696e-01 1.434063e+02
      vertex   1.000000e+00 7.406364e-01 1.375535e+02
      vertex   1.000000e+00 8.531696e-01 1.372604e+02
    endloop
  endfacet
  facet normal 1.000000e+00 -0.000000e+00 0.000000e+00
    outer loop
      vertex   1.000000e+00 8.531696e-01 1.434063e+02
      vertex   1.000000e+00 8.531696e-01 1.372604e+02
      vertex   1.000000e+00 9.344428e-01 1.437096e+02
    endloop
  endfacet
  facet normal 1.000000e+00 0.000000e+00 0.000000e+00
    outer loop
      vertex   1.000000e+00 9.344428e-01 1.437096e+02
      vertex   1.000000e+00 8.531696e-01 1.372604e+02
      vertex   1.000000e+00 9.344428e-01 1.369571e+02
    endloop
  endfacet
  facet normal 1.000000e+00 -0.000000e+00 0.000000e+00
    outer loop
      vertex   1.000000e+00 9.344428e-01 1.437096e+02
      vertex   1.000000e+00 9.344428e-01 1.369571e+02
      vertex   1.000000e+00 9.835657e-01 1.440197e+02
    endloop
  endfacet
  facet normal 1.000000e+00 0.000000e+00 0.000000e+00
    outer loop
      vertex   1.000000e+00 9.835657e-01 1.440197e+02
      vertex   1.000000e+00 9.344428e-01 1.369571e+02
      vertex   1.000000e+00 9.835657e-01 1.366469e+02
    endloop
  endfacet
  facet normal 1.000000e+00 -0.000000e+00 0.000000e+00
    outer loop
      vertex   1.000000e+00 9.835657e-01 1.440197e+02
      vertex   1.000000e+00 9.835657e-01 1.366469e+02
      vertex   1.000000e+00 1.000000e+00 1.443333e+02
    endloop
  endfacet
  facet normal 1.000000e+00 0.000000e+00 0.000000e+00
    outer loop
      vertex   1.000000e+00 1.000000e+00 1.443333e+02
      vertex   1.000000e+00 9.835657e-01 1.366469e+02
      vertex   1.000000e+00 1.000000e+00 1.363333e+02
    endloop
  endfacet
  facet normal 1.000000e+00 0.000000e+00 0.000000e+00
    outer loop
      vertex   1.000000e+00 1.000000e+00 1.443333e+02
      vertex   1.000000e+00 1.000000e+00 1.363333e+02
      vertex   1.000000e+00 4.406234e+00 1.217614e+02
    endloop
  endfacet
  facet normal 1.000000e+00 0.000000e+00 0.000000e+00
    outer loop
      vertex   1.000000e+00 4.406234e+00 1.217614e+02
      vertex   1.000000e+00 1.000000e+00 1.363333e+02
      vertex   1.000000e+00 3.944996e+00 1.215618e+02
    endloop
  endfacet
  facet normal 1.000000e+00 0.000000e+00 0.000000e+00
    outer loop
      vertex   1.000000e+00 3.944996e+00 1.215618e+02
      vertex   1.000000e+00 1.000000e+00 1.363333e+02
      vertex   1.000000e+00 3.472136e+00 1.213915e+02
    endloop
  endfacet
  facet normal 1.000000e+00 0.000000e+00 0.000000e+00
    outer loop
      vertex   1.000000e+00 3.472136e+00 1.213915e+02
      vertex   1.000000e+00 1.000000e+00 1.363333e+02
      vertex   1.000000e+00 2.989519e+00 1.212513e+02
    endloop
  endfacet
  facet normal 1.000000e+00 0.000000e+00 0.000000e+00
    outer loop
      vertex   1.000000e+00 2.989519e+00 1.212513e+02
      vertex   1.000000e+00 1.000000e+00 1.363333e+02
      vertex   1.000000e+00 2.499051e+00 1.211417e+02
    endloop
  endfacet
  facet normal 1.000000e+00 0.000000e+00 0.000000e+00
    outer loop
      vertex   1.000000e+00 2.499051e+00 1.211417e+02
      vertex   1.000000e+00 1.000000e+00 1.363333e+02
      vertex   1.000000e+00 1.000000e+00 1.260000e+02
    endloop
  endfacet
  facet normal 1.000000e+00 0.000000e+00 0.000000e+00
    outer loop
      vertex   1.000000e+00 2.499051e+00 1.211417e+02
      vertex   1.000000e+00 1.000000e+00 1.260000e+02
      vertex   1.000000e+00 2.002666e+00 1.210631e+02
    endloop
  endfacet
  facet normal 1.000000e+00 0.000000e+00 0.000000e+00
    outer loop
      vertex   1.000000e+00 2.002666e+00 1.210631e+02
      vertex   1.000000e+00 1.000000e+00 1.260000e+02
      vertex   1.000000e+00 1.502324e+00 1.210158e+02
    endloop
  endfacet
  facet normal 1.000000e+00 0.000000e+00 0.000000e+00
    outer loop
      vertex   1.000000e+00 1.502324e+00 1.210158e+02
      vertex   1.000000e+00 1.000000e+00 1.260000e+02
      vertex   1.000000e+00 9.835657e-01 1.256864e+02
    endloop
  endfacet
  facet normal 1.000000e+00 0.000000e+00 0.000000e+00
    outer loop
      vertex   1.000000e+00 1.502324e+00 1.210158e+02
      vertex   1.000000e+00 9.835657e-01 1.256864e+02
      vertex   1.000000e+00 9.344428e-01 1.253763e+02
    endloop
  endfacet
  facet normal 1.000000e+00 0.000000e+00 0.000000e+00
    outer loop
      vertex   1.000000e+00 9.344428e-01 1.253763e+02
      vertex   1.000000e+00 8.531696e-01 1.250729e+02
      vertex   1.000000e+00 1.502324e+00 1.210158e+02
    endloop
  endfacet
  facet normal 1.000000e+00 0.000000e+00 0.000000e+00
    outer loop
      vertex   1.000000e+00 1.502324e+00 1.210158e+02
      vertex   1.000000e+00 8.531696e-01 1.250729e+02
      vertex   1.000000e+00 7.406364e-01 1.247798e+02
    endloop
  endfacet
  facet normal 1.000000e+00 0.000000e+00 0.000000e+00
    outer loop
      vertex   1.000000e+00 1.502324e+00 1.210158e+02
      vertex   1.000000e+00 7.406364e-01 1.247798e+02
      vertex   1.000000e+00 5.980762e-01 1.245000e+02
    endloop
  endfacet
  facet normal 1.000000e+00 0.000000e+00 0.000000e+00
    outer loop
      vertex   1.000000e+00 5.980762e-01 1.245000e+02
      vertex   1.000000e+00 4.270510e-01 1.242366e+02
      vertex   1.000000e+00 1.502324e+00 1.210158e+02
    endloop
  endfacet
  facet normal 1.000000e+00 0.000000e+00 0.000000e+00
    outer loop
      vertex   1.000000e+00 1.502324e+00 1.210158e+02
      vertex   1.000000e+00 4.270510e-01 1.242366e+02
      vertex   1.000000e+00 2.294345e-01 1.239926e+02
    endloop
  endfacet
  facet normal 1.000000e+00 0.000000e+00 0.000000e+00
    outer loop
      vertex   1.000000e+00 1.502324e+00 1.210158e+02
      vertex   1.000000e+00 2.294345e-01 1.239926e+02
      vertex   1.000000e+00 7.391829e-03 1.237706e+02
    endloop
  endfacet
  facet normal 1.000000e+00 0.000000e+00 0.000000e+00
    outer loop
      vertex   1.000000e+00 7.391829e-03 1.237706e+02
      vertex   1.000000e+00 -2.366442e-01 1.235729e+02
      vertex   1.000000e+00 1.502324e+00 1.210158e+02
    endloop
  endfacet
  facet normal 1.000000e+00 0.000000e+00 0.000000e+00
    outer loop
      vertex   1.000000e+00 1.502324e+00 1.210158e+02
      vertex   1.000000e+00 -2.366442e-01 1.235729e+02
      vertex   1.000000e+00 -5.000000e-01 1.234019e+02
    endloop
  endfacet
  facet normal 1.000000e+00 0.000000e+00 0.000000e+00
    outer loop
      vertex   1.000000e+00 1.502324e+00 1.210158e+02
      vertex   1.000000e+00 -5.000000e-01 1.234019e+02
      vertex   1.000000e+00 -7.797901e-01 1.232594e+02
    endloop
  endfacet
  facet normal 1.000000e+00 0.000000e+00 0.000000e+00
    outer loop
      vertex   1.000000e+00 -7.797901e-01 1.232594e+02
      vertex   1.000000e+00 -1.072949e+00 1.231468e+02
      vertex   1.000000e+00 1.502324e+00 1.210158e+02
    endloop
  endfacet
  facet normal 1.000000e+00 0.000000e+00 0.000000e+00
    outer loop
      vertex   1.000000e+00 1.502324e+00 1.210158e+02
      vertex   1.000000e+00 -1.072949e+00 1.231468e+02
      vertex   1.000000e+00 -1.376265e+00 1.230656e+02
    endloop
  endfacet
  facet normal 1.000000e+00 0.000000e+00 0.000000e+00
    outer loop
      vertex   1.000000e+00 1.502324e+00 1.210158e+02
      vertex   1.000000e+00 -1.376265e+00 1.230656e+02
      vertex   1.000000e+00 -1.686415e+00 1.230164e+02
    endloop
  endfacet
  facet normal 1.000000e+00 0.000000e+00 0.000000e+00
    outer loop
      vertex   1.000000e+00 -1.686415e+00 1.230164e+02
      vertex   1.000000e+00 -2.000000e+00 1.230000e+02
      vertex   1.000000e+00 1.502324e+00 1.210158e+02
    endloop
  endfacet
  facet normal 1.000000e+00 0.000000e+00 0.000000e+00
    outer loop
      vertex   1.000000e+00 1.502324e+00 1.210158e+02
      vertex   1.000000e+00 -2.000000e+00 1.230000e+02
      vertex   1.000000e+00 -5.000000e+00 1.210000e+02
    endloop
  endfacet
  facet normal 1.000000e+00 0.000000e+00 0.000000e+00
    outer loop
      vertex   1.000000e+00 1.502324e+00 1.210158e+02
      vertex   1.000000e+00 -5.000000e+00 1.210000e+02
      vertex   1.000000e+00 1.000000e+00 1.210000e+02
    endloop
  endfacet
  facet normal 1.000000e+00 0.000000e+00 0.000000e+00
    outer loop
      vertex   1.000000e+00 -2.000000e+00 1.230000e+02
      vertex   1.000000e+00 -5.000000e+00 1.230000e+02
      vertex   1.000000e+00 -5.000000e+00 1.210000e+02
    endloop
  endfacet
  facet normal 1.000000e+00 0.000000e+00 -0.000000e+00
    outer loop
      vertex   1.000000e+00 4.406234e+00 1.217614e+02
      vertex   1.000000e+00 4.854029e+00 1.219895e+02
      vertex   1.000000e+00 1.000000e+00 1.443333e+02
    endloop
  endfacet
  facet normal 1.000000e+00 0.000000e+00 0.000000e+00
    outer loop
      vertex   1.000000e+00 1.000000e+00 1.443333e+02
      vertex   1.000000e+00 4.854029e+00 1.219895e+02
      vertex   1.000000e+00 5.286614e+00 1.222454e+02
    endloop
  endfacet
  facet normal 1.000000e+00 0.000000e+00 0.000000e+00
    outer loop
      vertex   1.000000e+00 1.000000e+00 1.443333e+02
      vertex   1.000000e+00 5.286614e+00 1.222454e+02
      vertex   1.000000e+00 5.702282e+00 1.225279e+02
    endloop
  endfacet
  facet normal 1.000000e+00 0.000000e+00 -0.000000e+00
    outer loop
      vertex   1.000000e+00 5.702282e+00 1.225279e+02
      vertex   1.000000e+00 6.099392e+00 1.228359e+02
      vertex   1.000000e+00 1.000000e+00 1.443333e+02
    endloop
  endfacet
  facet normal 1.000000e+00 0.000000e+00 0.000000e+00
    outer loop
      vertex   1.000000e+00 1.000000e+00 1.443333e+02
      vertex   1.000000e+00 6.099392e+00 1.228359e+02
      vertex   1.000000e+00 6.476377e+00 1.231683e+02
    endloop
  endfacet
  facet normal 1.000000e+00 -0.000000e+00 0.000000e+00
    outer loop
      vertex   1.000000e+00 1.000000e+00 1.443333e+02
      vertex   1.000000e+00 6.476377e+00 1.231683e+02
      vertex   1.000000e+00 1.000000e+00 1.546667e+02
    endloop
  endfacet
  facet normal 1.000000e+00 0.000000e+00 0.000000e+00
    outer loop
      vertex   1.000000e+00 1.000000e+00 1.546667e+02
      vertex   1.000000e+00 6.476377e+00 1.231683e+02
      vertex   1.000000e+00 6.831749e+00 1.235236e+02
    endloop
  endfacet
  facet normal 1.000000e+00 0.000000e+00 0.000000e+00
    outer loop
      vertex   1.000000e+00 1.000000e+00 1.546667e+02
      vertex   1.000000e+00 6.831749e+00 1.235236e+02
      vertex   1.000000e+00 9.000000e+00 1.290000e+02
    endloop
  endfacet
  facet normal 1.000000e+00 0.000000e+00 0.000000e+00
    outer loop
      vertex   1.000000e+00 9.000000e+00 1.290000e+02
      vertex   1.000000e+00 6.831749e+00 1.235236e+02
      vertex   1.000000e+00 7.164106e+00 1.239006e+02
    endloop
  endfacet
  facet normal 1.000000e+00 0.000000e+00 0.000000e+00
    outer loop
      vertex   1.000000e+00 9.000000e+00 1.290000e+02
      vertex   1.000000e+00 7.164106e+00 1.239006e+02
      vertex   1.000000e+00 7.472136e+00 1.242977e+02
    endloop
  endfacet
  facet normal 1.000000e+00 0.000000e+00 0.000000e+00
    outer loop
      vertex   1.000000e+00 7.472136e+00 1.242977e+02
      vertex   1.000000e+00 7.754623e+00 1.247134e+02
      vertex   1.000000e+00 9.000000e+00 1.290000e+02
    endloop
  endfacet
  facet normal 1.000000e+00 0.000000e+00 0.000000e+00
    outer loop
      vertex   1.000000e+00 9.000000e+00 1.290000e+02
      vertex   1.000000e+00 7.754623e+00 1.247134e+02
      vertex   1.000000e+00 8.010453e+00 1.251460e+02
    endloop
  endfacet
  facet normal 1.000000e+00 0.000000e+00 0.000000e+00
    outer loop
      vertex   1.000000e+00 9.000000e+00 1.290000e+02
      vertex   1.000000e+00 8.010453e+00 1.251460e+02
      vertex   1.000000e+00 8.238616e+00 1.255938e+02
    endloop
  endfacet
  facet normal 1.000000e+00 0.000000e+00 0.000000e+00
    outer loop
      vertex   1.000000e+00 8.238616e+00 1.255938e+02
      vertex   1.000000e+00 8.438212e+00 1.260550e+02
      vertex   1.000000e+00 9.000000e+00 1.290000e+02
    endloop
  endfacet
  facet normal 1.000000e+00 0.000000e+00 0.000000e+00
    outer loop
      vertex   1.000000e+00 9.000000e+00 1.290000e+02
      vertex   1.000000e+00 8.438212e+00 1.260550e+02
      vertex   1.000000e+00 8.608452e+00 1.265279e+02
    endloop
  endfacet
  facet normal 1.000000e+00 0.000000e+00 0.000000e+00
    outer loop
      vertex   1.000000e+00 9.000000e+00 1.290000e+02
      vertex   1.000000e+00 8.608452e+00 1.265279e+02
      vertex   1.000000e+00 8.748665e+00 1.270105e+02
    endloop
  endfacet
  facet normal 1.000000e+00 0.000000e+00 0.000000e+00
    outer loop
      vertex   1.000000e+00 8.748665e+00 1.270105e+02
      vertex   1.000000e+00 8.858298e+00 1.275009e+02
      vertex   1.000000e+00 9.000000e+00 1.290000e+02
    endloop
  endfacet
  facet normal 1.000000e+00 0.000000e+00 0.000000e+00
    outer loop
      vertex   1.000000e+00 9.000000e+00 1.290000e+02
      vertex   1.000000e+00 8.858298e+00 1.275009e+02
      vertex   1.000000e+00 8.936918e+00 1.279973e+02
    endloop
  endfacet
  facet normal 1.000000e+00 0.000000e+00 0.000000e+00
    outer loop
      vertex   1.000000e+00 9.000000e+00 1.290000e+02
      vertex   1.000000e+00 8.936918e+00 1.279973e+02
      vertex   1.000000e+00 8.984214e+00 1.284977e+02
    endloop
  endfacet
  facet normal 1.000000e+00 -0.000000e+00 -0.000000e+00
    outer loop
      vertex   1.000000e+00 1.000000e+00 1.546667e+02
      vertex   1.000000e+00 9.000000e+00 1.290000e+02
      vertex   1.000000e+00 1.000000e+00 1.626667e+02
    endloop
  endfacet
  facet normal 1.000000e+00 -0.000000e+00 0.000000e+00
    outer loop
      vertex   1.000000e+00 1.000000e+00 1.626667e+02
      vertex   1.000000e+00 9.000000e+00 1.290000e+02
      vertex   1.000000e+00 9.000000e+00 2.000000e+02
    endloop
  endfacet
  facet normal 1.000000e+00 0.000000e+00 0.000000e+00
    outer loop
      vertex   1.000000e+00 1.000000e+00 1.626667e+02
      vertex   1.000000e+00 9.000000e+00 2.000000e+02
      vertex   1.000000e+00 1.000000e+00 1.730000e+02
    endloop
  endfacet
  facet normal 1.000000e+00 0.000000e+00 -0.000000e+00
    outer loop
      vertex   1.000000e+00 1.000000e+00 1.730000e+02
      vertex   1.000000e+00 9.000000e+00 2.000000e+02
      vertex   1.000000e+00 1.000000e+00 1.810000e+02
    endloop
  endfacet
  facet normal 1.000000e+00 0.000000e+00 0.000000e+00
    outer loop
      vertex   1.000000e+00 1.000000e+00 1.730000e+02
      vertex   1.000000e+00 1.000000e+00 1.810000e+02
      vertex   1.000000e+00 9.835657e-01 1.733136e+02
    endloop
  endfacet
  facet normal 1.000000e+00 0.000000e+00 -0.000000e+00
    outer loop
      vertex   1.000000e+00 9.835657e-01 1.733136e+02
      vertex   1.000000e+00 1.000000e+00 1.810000e+02
      vertex   1.000000e+00 9.835657e-01 1.806864e+02
    endloop
  endfacet
  facet normal 1.000000e+00 0.000000e+00 0.000000e+00
    outer loop
      vertex   1.000000e+00 9.835657e-01 1.733136e+02
      vertex   1.000000e+00 9.835657e-01 1.806864e+02
      vertex   1.000000e+00 9.344428e-01 1.736237e+02
    endloop
  endfacet
  facet normal 1.000000e+00 0.000000e+00 -0.000000e+00
    outer loop
      vertex   1.000000e+00 9.344428e-01 1.736237e+02
      vertex   1.000000e+00 9.835657e-01 1.806864e+02
      vertex   1.000000e+00 9.344428e-01 1.803763e+02
    endloop
  endfacet
  facet normal 1.000000e+00 0.000000e+00 0.000000e+00
    outer loop
      vertex   1.000000e+00 9.344428e-01 1.736237e+02
      vertex   1.000000e+00 9.344428e-01 1.803763e+02
      vertex   1.000000e+00 8.531696e-01 1.800729e+02
    endloop
  endfacet
  facet normal 1.000000e+00 0.000000e+00 0.000000e+00
    outer loop
      vertex   1.000000e+00 9.000000e+00 2.000000e+02
      vertex   1.000000e+00 1.000000e+00 2.000000e+02
      vertex   1.000000e+00 1.000000e+00 1.810000e+02
    endloop
  endfacet
  facet normal 1.000000e+00 0.000000e+00 0.000000e+00
    outer loop
      vertex   1.000000e+00 9.344428e-01 1.736237e+02
      vertex   1.000000e+00 8.531696e-01 1.800729e+02
      vertex   1.000000e+00 8.531696e-01 1.739271e+02
    endloop
  endfacet
  facet normal 1.000000e+00 0.000000e+00 0.000000e+00
    outer loop
      vertex   1.000000e+00 8.531696e-01 1.739271e+02
      vertex   1.000000e+00 8.531696e-01 1.800729e+02
      vertex   1.000000e+00 7.406364e-01 1.797798e+02
    endloop
  endfacet
  facet normal 1.000000e+00 0.000000e+00 0.000000e+00
    outer loop
      vertex   1.000000e+00 8.531696e-01 1.739271e+02
      vertex   1.000000e+00 7.406364e-01 1.797798e+02
      vertex   1.000000e+00 7.406364e-01 1.742202e+02
    endloop
  endfacet
  facet normal 1.000000e+00 0.000000e+00 0.000000e+00
    outer loop
      vertex   1.000000e+00 7.406364e-01 1.742202e+02
      vertex   1.000000e+00 7.406364e-01 1.797798e+02
      vertex   1.000000e+00 5.980762e-01 1.795000e+02
    endloop
  endfacet
  facet normal 1.000000e+00 0.000000e+00 0.000000e+00
    outer loop
      vertex   1.000000e+00 7.406364e-01 1.742202e+02
      vertex   1.000000e+00 5.980762e-01 1.795000e+02
      vertex   1.000000e+00 5.980762e-01 1.745000e+02
    endloop
  endfacet
  facet normal 1.000000e+00 0.000000e+00 0.000000e+00
    outer loop
      vertex   1.000000e+00 5.980762e-01 1.745000e+02
      vertex   1.000000e+00 5.980762e-01 1.795000e+02
      vertex   1.000000e+00 4.270510e-01 1.792366e+02
    endloop
  endfacet
  facet normal 1.000000e+00 0.000000e+00 0.000000e+00
    outer loop
      vertex   1.000000e+00 5.980762e-01 1.745000e+02
      vertex   1.000000e+00 4.270510e-01 1.792366e+02
      vertex   1.000000e+00 4.270510e-01 1.747634e+02
    endloop
  endfacet
  facet normal 1.000000e+00 0.000000e+00 0.000000e+00
    outer loop
      vertex   1.000000e+00 4.270510e-01 1.747634e+02
      vertex   1.000000e+00 4.270510e-01 1.792366e+02
      vertex   1.000000e+00 2.294345e-01 1.789926e+02
    endloop
  endfacet
  facet normal 1.000000e+00 0.000000e+00 0.000000e+00
    outer loop
      vertex   1.000000e+00 4.270510e-01 1.747634e+02
      vertex   1.000000e+00 2.294345e-01 1.789926e+02
      vertex   1.000000e+00 2.294345e-01 1.750074e+02
    endloop
  endfacet
  facet normal 1.000000e+00 0.000000e+00 0.000000e+00
    outer loop
      vertex   1.000000e+00 2.294345e-01 1.750074e+02
      vertex   1.000000e+00 2.294345e-01 1.789926e+02
      vertex   1.000000e+00 7.391829e-03 1.787706e+02
    endloop
  endfacet
  facet normal 1.000000e+00 0.000000e+00 0.000000e+00
    outer loop
      vertex   1.000000e+00 2.294345e-01 1.750074e+02
      vertex   1.000000e+00 7.391829e-03 1.787706e+02
      vertex   1.000000e+00 7.391829e-03 1.752294e+02
    endloop
  endfacet
  facet normal 1.000000e+00 0.000000e+00 0.000000e+00
    outer loop
      vertex   1.000000e+00 7.391829e-03 1.752294e+02
      vertex   1.000000e+00 7.391829e-03 1.787706e+02
      vertex   1.000000e+00 -2.366442e-01 1.785729e+02
    endloop
  endfacet
  facet normal 1.000000e+00 0.000000e+00 0.000000e+00
    outer loop
      vertex   1.000000e+00 7.391829e-03 1.752294e+02
      vertex   1.000000e+00 -2.366442e-01 1.785729e+02
      vertex   1.000000e+00 -2.366442e-01 1.754271e+02
    endloop
  endfacet
  facet normal 1.000000e+00 0.000000e+00 0.000000e+00
    outer loop
      vertex   1.000000e+00 -2.366442e-01 1.754271e+02
      vertex   1.000000e+00 -2.366442e-01 1.785729e+02
      vertex   1.000000e+00 -5.000000e-01 1.784019e+02
    endloop
  endfacet
  facet normal 1.000000e+00 0.000000e+00 0.000000e+00
    outer loop
      vertex   1.000000e+00 -2.366442e-01 1.754271e+02
      vertex   1.000000e+00 -5.000000e-01 1.784019e+02
      vertex   1.000000e+00 -5.000000e-01 1.755981e+02
    endloop
  endfacet
  facet normal 1.000000e+00 0.000000e+00 0.000000e+00
    outer loop
      vertex   1.000000e+00 -5.000000e-01 1.755981e+02
      vertex   1.000000e+00 -5.000000e-01 1.784019e+02
      vertex   1.000000e+00 -7.797901e-01 1.782594e+02
    endloop
  endfacet
  facet normal 1.000000e+00 0.000000e+00 0.000000e+00
    outer loop
      vertex   1.000000e+00 -5.000000e-01 1.755981e+02
      vertex   1.000000e+00 -7.797901e-01 1.782594e+02
      vertex   1.000000e+00 -7.797901e-01 1.757406e+02
    endloop
  endfacet
  facet normal 1.000000e+00 0.000000e+00 0.000000e+00
    outer loop
      vertex   1.000000e+00 -7.797901e-01 1.757406e+02
      vertex   1.000000e+00 -7.797901e-01 1.782594e+02
      vertex   1.000000e+00 -1.072949e+00 1.781468e+02
    endloop
  endfacet
  facet normal 1.000000e+00 0.000000e+00 0.000000e+00
    outer loop
      vertex   1.000000e+00 -7.797901e-01 1.757406e+02
      vertex   1.000000e+00 -1.072949e+00 1.781468e+02
      vertex   1.000000e+00 -1.072949e+00 1.758532e+02
    endloop
  endfacet
  facet normal 1.000000e+00 0.000000e+00 0.000000e+00
    outer loop
      vertex   1.000000e+00 -1.072949e+00 1.758532e+02
      vertex   1.000000e+00 -1.072949e+00 1.781468e+02
      vertex   1.000000e+00 -1.376265e+00 1.780656e+02
    endloop
  endfacet
  facet normal 1.000000e+00 0.000000e+00 0.000000e+00
    outer loop
      vertex   1.000000e+00 -1.072949e+00 1.758532e+02
      vertex   1.000000e+00 -1.376265e+00 1.780656e+02
      vertex   1.000000e+00 -1.376265e+00 1.759344e+02
    endloop
  endfacet
  facet normal 1.000000e+00 0.000000e+00 0.000000e+00
    outer loop
      vertex   1.000000e+00 -1.376265e+00 1.759344e+02
      vertex   1.000000e+00 -1.376265e+00 1.780656e+02
      vertex   1.000000e+00 -1.686415e+00 1.780164e+02
    endloop
  endfacet
  facet normal 1.000000e+00 0.000000e+00 0.000000e+00
    outer loop
      vertex   1.000000e+00 -1.376265e+00 1.759344e+02
      vertex   1.000000e+00 -1.686415e+00 1.780164e+02
      vertex   1.000000e+00 -1.686415e+00 1.759836e+02
    endloop
  endfacet
  facet normal 1.000000e+00 0.000000e+00 -0.000000e+00
    outer loop
      vertex   1.000000e+00 -1.686415e+00 1.759836e+02
      vertex   1.000000e+00 -1.686415e+00 1.780164e+02
      vertex   1.000000e+00 -2.000000e+00 1.780000e+02
    endloop
  endfacet
  facet normal 1.000000e+00 0.000000e+00 0.000000e+00
    outer loop
      vertex   1.000000e+00 -1.686415e+00 1.759836e+02
      vertex   1.000000e+00 -2.000000e+00 1.780000e+02
      vertex   1.000000e+00 -2.000000e+00 1.760000e+02
    endloop
  endfacet
  facet normal 1.000000e+00 0.000000e+00 -0.000000e+00
    outer loop
      vertex   1.000000e+00 -2.000000e+00 1.760000e+02
      vertex   1.000000e+00 -2.000000e+00 1.780000e+02
      vertex   1.000000e+00 -5.000000e+00 1.780000e+02
    endloop
  endfacet
  facet normal 1.000000e+00 0.000000e+00 0.000000e+00
    outer loop
      vertex   1.000000e+00 -2.000000e+00 1.760000e+02
      vertex   1.000000e+00 -5.000000e+00 1.780000e+02
      vertex   1.000000e+00 -5.000000e+00 1.760000e+02
    endloop
  endfacet
  facet normal 1.000000e+00 0.000000e+00 0.000000e+00
    outer loop
      vertex   1.000000e+00 1.000000e+00 1.546667e+02
      vertex   1.000000e+00 1.000000e+00 1.626667e+02
      vertex   1.000000e+00 9.835657e-01 1.549803e+02
    endloop
  endfacet
  facet normal 1.000000e+00 0.000000e+00 -0.000000e+00
    outer loop
      vertex   1.000000e+00 9.835657e-01 1.549803e+02
      vertex   1.000000e+00 1.000000e+00 1.626667e+02
      vertex   1.000000e+00 9.835657e-01 1.623531e+02
    endloop
  endfacet
  facet normal 1.000000e+00 0.000000e+00 0.000000e+00
    outer loop
      vertex   1.000000e+00 9.835657e-01 1.549803e+02
      vertex   1.000000e+00 9.835657e-01 1.623531e+02
      vertex   1.000000e+00 9.344428e-01 1.552904e+02
    endloop
  endfacet
  facet normal 1.000000e+00 0.000000e+00 -0.000000e+00
    outer loop
      vertex   1.000000e+00 9.344428e-01 1.552904e+02
      vertex   1.000000e+00 9.835657e-01 1.623531e+02
      vertex   1.000000e+00 9.344428e-01 1.620429e+02
    endloop
  endfacet
  facet normal 1.000000e+00 0.000000e+00 0.000000e+00
    outer loop
      vertex   1.000000e+00 9.344428e-01 1.552904e+02
      vertex   1.000000e+00 9.344428e-01 1.620429e+02
      vertex   1.000000e+00 8.531696e-01 1.555937e+02
    endloop
  endfacet
  facet normal 1.000000e+00 0.000000e+00 -0.000000e+00
    outer loop
      vertex   1.000000e+00 8.531696e-01 1.555937e+02
      vertex   1.000000e+00 9.344428e-01 1.620429e+02
      vertex   1.000000e+00 8.531696e-01 1.617396e+02
    endloop
  endfacet
  facet normal 1.000000e+00 0.000000e+00 0.000000e+00
    outer loop
      vertex   1.000000e+00 8.531696e-01 1.555937e+02
      vertex   1.000000e+00 8.531696e-01 1.617396e+02
      vertex   1.000000e+00 7.406364e-01 1.614465e+02
    endloop
  endfacet
  facet normal 1.000000e+00 0.000000e+00 0.000000e+00
    outer loop
      vertex   1.000000e+00 8.531696e-01 1.555937e+02
      vertex   1.000000e+00 7.406364e-01 1.614465e+02
      vertex   1.000000e+00 7.406364e-01 1.558869e+02
    endloop
  endfacet
  facet normal 1.000000e+00 0.000000e+00 0.000000e+00
    outer loop
      vertex   1.000000e+00 7.406364e-01 1.558869e+02
      vertex   1.000000e+00 7.406364e-01 1.614465e+02
      vertex   1.000000e+00 5.980762e-01 1.611667e+02
    endloop
  endfacet
  facet normal 1.000000e+00 0.000000e+00 0.000000e+00
    outer loop
      vertex   1.000000e+00 7.406364e-01 1.558869e+02
      vertex   1.000000e+00 5.980762e-01 1.611667e+02
      vertex   1.000000e+00 5.980762e-01 1.561667e+02
    endloop
  endfacet
  facet normal 1.000000e+00 0.000000e+00 0.000000e+00
    outer loop
      vertex   1.000000e+00 5.980762e-01 1.561667e+02
      vertex   1.000000e+00 5.980762e-01 1.611667e+02
      vertex   1.000000e+00 4.270510e-01 1.609033e+02
    endloop
  endfacet
  facet normal 1.000000e+00 0.000000e+00 0.000000e+00
    outer loop
      vertex   1.000000e+00 5.980762e-01 1.561667e+02
      vertex   1.000000e+00 4.270510e-01 1.609033e+02
      vertex   1.000000e+00 4.270510e-01 1.564300e+02
    endloop
  endfacet
  facet normal 1.000000e+00 0.000000e+00 0.000000e+00
    outer loop
      vertex   1.000000e+00 4.270510e-01 1.564300e+02
      vertex   1.000000e+00 4.270510e-01 1.609033e+02
      vertex   1.000000e+00 2.294345e-01 1.606593e+02
    endloop
  endfacet
  facet normal 1.000000e+00 0.000000e+00 0.000000e+00
    outer loop
      vertex   1.000000e+00 4.270510e-01 1.564300e+02
      vertex   1.000000e+00 2.294345e-01 1.606593e+02
      vertex   1.000000e+00 2.294345e-01 1.566741e+02
    endloop
  endfacet
  facet normal 1.000000e+00 0.000000e+00 0.000000e+00
    outer loop
      vertex   1.000000e+00 2.294345e-01 1.566741e+02
      vertex   1.000000e+00 2.294345e-01 1.606593e+02
      vertex   1.000000e+00 7.391829e-03 1.604372e+02
    endloop
  endfacet
  facet normal 1.000000e+00 0.000000e+00 0.000000e+00
    outer loop
      vertex   1.000000e+00 2.294345e-01 1.566741e+02
      vertex   1.000000e+00 7.391829e-03 1.604372e+02
      vertex   1.000000e+00 7.391829e-03 1.568961e+02
    endloop
  endfacet
  facet normal 1.000000e+00 0.000000e+00 0.000000e+00
    outer loop
      vertex   1.000000e+00 7.391829e-03 1.568961e+02
      vertex   1.000000e+00 7.391829e-03 1.604372e+02
      vertex   1.000000e+00 -2.366442e-01 1.602396e+02
    endloop
  endfacet
  facet normal 1.000000e+00 0.000000e+00 0.000000e+00
    outer loop
      vertex   1.000000e+00 7.391829e-03 1.568961e+02
      vertex   1.000000e+00 -2.366442e-01 1.602396e+02
      vertex   1.000000e+00 -2.366442e-01 1.570937e+02
    endloop
  endfacet
  facet normal 1.000000e+00 0.000000e+00 0.000000e+00
    outer loop
      vertex   1.000000e+00 -2.366442e-01 1.570937e+02
      vertex   1.000000e+00 -2.366442e-01 1.602396e+02
      vertex   1.000000e+00 -5.000000e-01 1.600686e+02
    endloop
  endfacet
  facet normal 1.000000e+00 0.000000e+00 0.000000e+00
    outer loop
      vertex   1.000000e+00 -2.366442e-01 1.570937e+02
      vertex   1.000000e+00 -5.000000e-01 1.600686e+02
      vertex   1.000000e+00 -5.000000e-01 1.572647e+02
    endloop
  endfacet
  facet normal 1.000000e+00 0.000000e+00 0.000000e+00
    outer loop
      vertex   1.000000e+00 -5.000000e-01 1.572647e+02
      vertex   1.000000e+00 -5.000000e-01 1.600686e+02
      vertex   1.000000e+00 -7.797901e-01 1.599260e+02
    endloop
  endfacet
  facet normal 1.000000e+00 0.000000e+00 0.000000e+00
    outer loop
      vertex   1.000000e+00 -5.000000e-01 1.572647e+02
      vertex   1.000000e+00 -7.797901e-01 1.599260e+02
      vertex   1.000000e+00 -7.797901e-01 1.574073e+02
    endloop
  endfacet
  facet normal 1.000000e+00 0.000000e+00 0.000000e+00
    outer loop
      vertex   1.000000e+00 -7.797901e-01 1.574073e+02
      vertex   1.000000e+00 -7.797901e-01 1.599260e+02
      vertex   1.000000e+00 -1.072949e+00 1.598135e+02
    endloop
  endfacet
  facet normal 1.000000e+00 0.000000e+00 0.000000e+00
    outer loop
      vertex   1.000000e+00 -7.797901e-01 1.574073e+02
      vertex   1.000000e+00 -1.072949e+00 1.598135e+02
      vertex   1.000000e+00 -1.072949e+00 1.575198e+02
    endloop
  endfacet
  facet normal 1.000000e+00 0.000000e+00 0.000000e+00
    outer loop
      vertex   1.000000e+00 -1.072949e+00 1.575198e+02
      vertex   1.000000e+00 -1.072949e+00 1.598135e+02
      vertex   1.000000e+00 -1.376265e+00 1.597322e+02
    endloop
  endfacet
  facet normal 1.000000e+00 0.000000e+00 0.000000e+00
    outer loop
      vertex   1.000000e+00 -1.072949e+00 1.575198e+02
      vertex   1.000000e+00 -1.376265e+00 1.597322e+02
      vertex   1.000000e+00 -1.376265e+00 1.576011e+02
    endloop
  endfacet
  facet normal 1.000000e+00 0.000000e+00 0.000000e+00
    outer loop
      vertex   1.000000e+00 -1.376265e+00 1.576011e+02
      vertex   1.000000e+00 -1.376265e+00 1.597322e+02
      vertex   1.000000e+00 -1.686415e+00 1.596831e+02
    endloop
  endfacet
  facet normal 1.000000e+00 0.000000e+00 0.000000e+00
    outer loop
      vertex   1.000000e+00 -1.376265e+00 1.576011e+02
      vertex   1.000000e+00 -1.686415e+00 1.596831e+02
      vertex   1.000000e+00 -1.686415e+00 1.576502e+02
    endloop
  endfacet
  facet normal 1.000000e+00 0.000000e+00 0.000000e+00
    outer loop
      vertex   1.000000e+00 -1.686415e+00 1.576502e+02
      vertex   1.000000e+00 -1.686415e+00 1.596831e+02
      vertex   1.000000e+00 -2.000000e+00 1.596667e+02
    endloop
  endfacet
  facet normal 1.000000e+00 0.000000e+00 0.000000e+00
    outer loop
      vertex   1.000000e+00 -1.686415e+00 1.576502e+02
      vertex   1.000000e+00 -2.000000e+00 1.596667e+02
      vertex   1.000000e+00 -2.000000e+00 1.576667e+02
    endloop
  endfacet
  facet normal 1.000000e+00 0.000000e+00 0.000000e+00
    outer loop
      vertex   1.000000e+00 -2.000000e+00 1.576667e+02
      vertex   1.000000e+00 -2.000000e+00 1.596667e+02
      vertex   1.000000e+00 -5.000000e+00 1.596667e+02
    endloop
  endfacet
  facet normal 1.000000e+00 0.000000e+00 0.000000e+00
    outer loop
      vertex   1.000000e+00 -2.000000e+00 1.576667e+02
      vertex   1.000000e+00 -5.000000e+00 1.596667e+02
      vertex   1.000000e+00 -5.000000e+00 1.576667e+02
    endloop
  endfacet
  facet normal -0.000000e+00 -1.000000e+00 0.000000e+00
    outer loop
      vertex   6.000000e+00 -5.000000e+00 1.240000e+02
      vertex   0.000000e+00 -5.000000e+00 1.240000e+02
      vertex   1.000000e+00 -5.000000e+00 1.230000e+02
    endloop
  endfacet
  facet normal -0.000000e+00 -1.000000e+00 0.000000e+00
    outer loop
      vertex   1.000000e+00 -5.000000e+00 1.230000e+02
      vertex   0.000000e+00 -5.000000e+00 1.240000e+02
      vertex   0.000000e+00 -5.000000e+00 1.200000e+02
    endloop
  endfacet
  facet normal 0.000000e+00 -1.000000e+00 -0.000000e+00
    outer loop
      vertex   1.000000e+00 -5.000000e+00 1.230000e+02
      vertex   0.000000e+00 -5.000000e+00 1.200000e+02
      vertex   1.000000e+00 -5.000000e+00 1.210000e+02
    endloop
  endfacet
  facet normal 0.000000e+00 -1.000000e+00 -0.000000e+00
    outer loop
      vertex   1.000000e+00 -5.000000e+00 1.210000e+02
      vertex   0.000000e+00 -5.000000e+00 1.200000e+02
      vertex   6.000000e+00 -5.000000e+00 1.200000e+02
    endloop
  endfacet
  facet normal 0.000000e+00 -1.000000e+00 0.000000e+00
    outer loop
      vertex   1.000000e+00 -5.000000e+00 1.210000e+02
      vertex   6.000000e+00 -5.000000e+00 1.200000e+02
      vertex   6.000000e+00 -5.000000e+00 1.210000e+02
    endloop
  endfacet
  facet normal 0.000000e+00 -1.000000e+00 0.000000e+00
    outer loop
      vertex   1.000000e+00 -5.000000e+00 1.230000e+02
      vertex   6.000000e+00 -5.000000e+00 1.230000e+02
      vertex   6.000000e+00 -5.000000e+00 1.240000e+02
    endloop
  endfacet
  facet normal 0.000000e+00 -9.995066e-01 3.141076e-02
    outer loop
      vertex   6.000000e+00 9.000000e+00 1.290000e+02
      vertex   1.000000e+00 9.000000e+00 1.290000e+02
      vertex   6.000000e+00 8.984214e+00 1.284977e+02
    endloop
  endfacet
  facet normal 0.000000e+00 -9.995066e-01 3.141076e-02
    outer loop
      vertex   6.000000e+00 8.984214e+00 1.284977e+02
      vertex   1.000000e+00 9.000000e+00 1.290000e+02
      vertex   1.000000e+00 8.984214e+00 1.284977e+02
    endloop
  endfacet
  facet normal 0.000000e+00 -9.955620e-01 9.410831e-02
    outer loop
      vertex   6.000000e+00 8.984214e+00 1.284977e+02
      vertex   1.000000e+00 8.984214e+00 1.284977e+02
      vertex   6.000000e+00 8.936918e+00 1.279973e+02
    endloop
  endfacet
  facet normal 0.000000e+00 -9.955620e-01 9.410831e-02
    outer loop
      vertex   6.000000e+00 8.936918e+00 1.279973e+02
      vertex   1.000000e+00 8.984214e+00 1.284977e+02
      vertex   1.000000e+00 8.936918e+00 1.279973e+02
    endloop
  endfacet
  facet normal 0.000000e+00 -9.876883e-01 1.564345e-01
    outer loop
      vertex   6.000000e+00 8.936918e+00 1.279973e+02
      vertex   1.000000e+00 8.936918e+00 1.279973e+02
      vertex   6.000000e+00 8.858298e+00 1.275009e+02
    endloop
  endfacet
  facet normal 0.000000e+00 -9.876883e-01 1.564345e-01
    outer loop
      vertex   6.000000e+00 8.858298e+00 1.275009e+02
      vertex   1.000000e+00 8.936918e+00 1.279973e+02
      vertex   1.000000e+00 8.858298e+00 1.275009e+02
    endloop
  endfacet
  facet normal 0.000000e+00 -9.759168e-01 2.181432e-01
    outer loop
      vertex   6.000000e+00 8.858298e+00 1.275009e+02
      vertex   1.000000e+00 8.858298e+00 1.275009e+02
      vertex   6.000000e+00 8.748665e+00 1.270105e+02
    endloop
  endfacet
  facet normal 0.000000e+00 -9.759168e-01 2.181432e-01
    outer loop
      vertex   6.000000e+00 8.748665e+00 1.270105e+02
      vertex   1.000000e+00 8.858298e+00 1.275009e+02
      vertex   1.000000e+00 8.748665e+00 1.270105e+02
    endloop
  endfacet
  facet normal 0.000000e+00 -9.602937e-01 2.789911e-01
    outer loop
      vertex   6.000000e+00 8.748665e+00 1.270105e+02
      vertex   1.000000e+00 8.748665e+00 1.270105e+02
      vertex   6.000000e+00 8.608452e+00 1.265279e+02
    endloop
  endfacet
  facet normal 0.000000e+00 -9.602937e-01 2.789911e-01
    outer loop
      vertex   6.000000e+00 8.608452e+00 1.265279e+02
      vertex   1.000000e+00 8.748665e+00 1.270105e+02
      vertex   1.000000e+00 8.608452e+00 1.265279e+02
    endloop
  endfacet
  facet normal 0.000000e+00 -9.408808e-01 3.387379e-01
    outer loop
      vertex   6.000000e+00 8.608452e+00 1.265279e+02
      vertex   1.000000e+00 8.608452e+00 1.265279e+02
      vertex   6.000000e+00 8.438212e+00 1.260550e+02
    endloop
  endfacet
  facet normal 0.000000e+00 -9.408808e-01 3.387379e-01
    outer loop
      vertex   6.000000e+00 8.438212e+00 1.260550e+02
      vertex   1.000000e+00 8.608452e+00 1.265279e+02
      vertex   1.000000e+00 8.438212e+00 1.260550e+02
    endloop
  endfacet
  facet normal 0.000000e+00 -9.177546e-01 3.971479e-01
    outer loop
      vertex   6.000000e+00 8.438212e+00 1.260550e+02
      vertex   1.000000e+00 8.438212e+00 1.260550e+02
      vertex   6.000000e+00 8.238616e+00 1.255938e+02
    endloop
  endfacet
  facet normal 0.000000e+00 -9.177546e-01 3.971479e-01
    outer loop
      vertex   6.000000e+00 8.238616e+00 1.255938e+02
      vertex   1.000000e+00 8.438212e+00 1.260550e+02
      vertex   1.000000e+00 8.238616e+00 1.255938e+02
    endloop
  endfacet
  facet normal 0.000000e+00 -8.910065e-01 4.539905e-01
    outer loop
      vertex   6.000000e+00 8.238616e+00 1.255938e+02
      vertex   1.000000e+00 8.238616e+00 1.255938e+02
      vertex   6.000000e+00 8.010453e+00 1.251460e+02
    endloop
  endfacet
  facet normal 0.000000e+00 -8.910065e-01 4.539905e-01
    outer loop
      vertex   6.000000e+00 8.010453e+00 1.251460e+02
      vertex   1.000000e+00 8.238616e+00 1.255938e+02
      vertex   1.000000e+00 8.010453e+00 1.251460e+02
    endloop
  endfacet
  facet normal 0.000000e+00 -8.607420e-01 5.090414e-01
    outer loop
      vertex   6.000000e+00 8.010453e+00 1.251460e+02
      vertex   1.000000e+00 8.010453e+00 1.251460e+02
      vertex   6.000000e+00 7.754623e+00 1.247134e+02
    endloop
  endfacet
  facet normal 0.000000e+00 -8.607420e-01 5.090414e-01
    outer loop
      vertex   6.000000e+00 7.754623e+00 1.247134e+02
      vertex   1.000000e+00 8.010453e+00 1.251460e+02
      vertex   1.000000e+00 7.754623e+00 1.247134e+02
    endloop
  endfacet
  facet normal 0.000000e+00 -8.270806e-01 5.620834e-01
    outer loop
      vertex   6.000000e+00 7.754623e+00 1.247134e+02
      vertex   1.000000e+00 7.754623e+00 1.247134e+02
      vertex   6.000000e+00 7.472136e+00 1.242977e+02
    endloop
  endfacet
  facet normal 0.000000e+00 -8.270806e-01 5.620834e-01
    outer loop
      vertex   6.000000e+00 7.472136e+00 1.242977e+02
      vertex   1.000000e+00 7.754623e+00 1.247134e+02
      vertex   1.000000e+00 7.472136e+00 1.242977e+02
    endloop
  endfacet
  facet normal 0.000000e+00 -7.901550e-01 6.129071e-01
    outer loop
      vertex   6.000000e+00 7.472136e+00 1.242977e+02
      vertex   1.000000e+00 7.472136e+00 1.242977e+02
      vertex   6.000000e+00 7.164106e+00 1.239006e+02
    endloop
  endfacet
  facet normal 0.000000e+00 -7.901550e-01 6.129071e-01
    outer loop
      vertex   6.000000e+00 7.164106e+00 1.239006e+02
      vertex   1.000000e+00 7.472136e+00 1.242977e+02
      vertex   1.000000e+00 7.164106e+00 1.239006e+02
    endloop
  endfacet
  facet normal 0.000000e+00 -7.501111e-01 6.613119e-01
    outer loop
      vertex   6.000000e+00 7.164106e+00 1.239006e+02
      vertex   1.000000e+00 7.164106e+00 1.239006e+02
      vertex   6.000000e+00 6.831749e+00 1.235236e+02
    endloop
  endfacet
  facet normal 0.000000e+00 -7.501111e-01 6.613119e-01
    outer loop
      vertex   6.000000e+00 6.831749e+00 1.235236e+02
      vertex   1.000000e+00 7.164106e+00 1.239006e+02
      vertex   1.000000e+00 6.831749e+00 1.235236e+02
    endloop
  endfacet
  facet normal 0.000000e+00 -7.071068e-01 7.071068e-01
    outer loop
      vertex   6.000000e+00 6.831749e+00 1.235236e+02
      vertex   1.000000e+00 6.831749e+00 1.235236e+02
      vertex   6.000000e+00 6.476377e+00 1.231683e+02
    endloop
  endfacet
  facet normal 0.000000e+00 -7.071068e-01 7.071068e-01
    outer loop
      vertex   6.000000e+00 6.476377e+00 1.231683e+02
      vertex   1.000000e+00 6.831749e+00 1.235236e+02
      vertex   1.000000e+00 6.476377e+00 1.231683e+02
    endloop
  endfacet
  facet normal 0.000000e+00 -6.613119e-01 7.501111e-01
    outer loop
      vertex   6.000000e+00 6.476377e+00 1.231683e+02
      vertex   1.000000e+00 6.476377e+00 1.231683e+02
      vertex   6.000000e+00 6.099392e+00 1.228359e+02
    endloop
  endfacet
  facet normal 0.000000e+00 -6.613119e-01 7.501111e-01
    outer loop
      vertex   6.000000e+00 6.099392e+00 1.228359e+02
      vertex   1.000000e+00 6.476377e+00 1.231683e+02
      vertex   1.000000e+00 6.099392e+00 1.228359e+02
    endloop
  endfacet
  facet normal 0.000000e+00 -6.129071e-01 7.901550e-01
    outer loop
      vertex   6.000000e+00 6.099392e+00 1.228359e+02
      vertex   1.000000e+00 6.099392e+00 1.228359e+02
      vertex   6.000000e+00 5.702282e+00 1.225279e+02
    endloop
  endfacet
  facet normal 0.000000e+00 -6.129071e-01 7.901550e-01
    outer loop
      vertex   6.000000e+00 5.702282e+00 1.225279e+02
      vertex   1.000000e+00 6.099392e+00 1.228359e+02
      vertex   1.000000e+00 5.702282e+00 1.225279e+02
    endloop
  endfacet
  facet normal 0.000000e+00 -5.620834e-01 8.270806e-01
    outer loop
      vertex   6.000000e+00 5.702282e+00 1.225279e+02
      vertex   1.000000e+00 5.702282e+00 1.225279e+02
      vertex   6.000000e+00 5.286614e+00 1.222454e+02
    endloop
  endfacet
  facet normal 0.000000e+00 -5.620834e-01 8.270806e-01
    outer loop
      vertex   6.000000e+00 5.286614e+00 1.222454e+02
      vertex   1.000000e+00 5.702282e+00 1.225279e+02
      vertex   1.000000e+00 5.286614e+00 1.222454e+02
    endloop
  endfacet
  facet normal 0.000000e+00 -5.090414e-01 8.607420e-01
    outer loop
      vertex   6.000000e+00 5.286614e+00 1.222454e+02
      vertex   1.000000e+00 5.286614e+00 1.222454e+02
      vertex   6.000000e+00 4.854029e+00 1.219895e+02
    endloop
  endfacet
  facet normal -1.808478e-16 -5.090414e-01 8.607420e-01
    outer loop
      vertex   6.000000e+00 4.854029e+00 1.219895e+02
      vertex   1.000000e+00 5.286614e+00 1.222454e+02
      vertex   1.000000e+00 4.854029e+00 1.219895e+02
    endloop
  endfacet
  facet normal -1.612898e-16 -4.539905e-01 8.910065e-01
    outer loop
      vertex   6.000000e+00 4.854029e+00 1.219895e+02
      vertex   1.000000e+00 4.854029e+00 1.219895e+02
      vertex   6.000000e+00 4.406234e+00 1.217614e+02
    endloop
  endfacet
  facet normal 0.000000e+00 -4.539905e-01 8.910065e-01
    outer loop
      vertex   6.000000e+00 4.406234e+00 1.217614e+02
      vertex   1.000000e+00 4.854029e+00 1.219895e+02
      vertex   1.000000e+00 4.406234e+00 1.217614e+02
    endloop
  endfacet
  facet normal 0.000000e+00 -3.971479e-01 9.177546e-01
    outer loop
      vertex   6.000000e+00 4.406234e+00 1.217614e+02
      vertex   1.000000e+00 4.406234e+00 1.217614e+02
      vertex   6.000000e+00 3.944996e+00 1.215618e+02
    endloop
  endfacet
  facet normal -7.054764e-17 -3.971479e-01 9.177546e-01
    outer loop
      vertex   6.000000e+00 3.944996e+00 1.215618e+02
      vertex   1.000000e+00 4.406234e+00 1.217614e+02
      vertex   1.000000e+00 3.944996e+00 1.215618e+02
    endloop
  endfacet
  facet normal -6.017194e-17 -3.387379e-01 9.408808e-01
    outer loop
      vertex   6.000000e+00 3.944996e+00 1.215618e+02
      vertex   1.000000e+00 3.944996e+00 1.215618e+02
      vertex   6.000000e+00 3.472136e+00 1.213915e+02
    endloop
  endfacet
  facet normal 3.008597e-17 -3.387379e-01 9.408808e-01
    outer loop
      vertex   6.000000e+00 3.472136e+00 1.213915e+02
      vertex   1.000000e+00 3.944996e+00 1.215618e+02
      vertex   1.000000e+00 3.472136e+00 1.213915e+02
    endloop
  endfacet
  facet normal 2.477939e-17 -2.789911e-01 9.602937e-01
    outer loop
      vertex   6.000000e+00 3.472136e+00 1.213915e+02
      vertex   1.000000e+00 3.472136e+00 1.213915e+02
      vertex   6.000000e+00 2.989519e+00 1.212513e+02
    endloop
  endfacet
  facet normal -4.955878e-17 -2.789911e-01 9.602937e-01
    outer loop
      vertex   6.000000e+00 2.989519e+00 1.212513e+02
      vertex   1.000000e+00 3.472136e+00 1.213915e+02
      vertex   1.000000e+00 2.989519e+00 1.212513e+02
    endloop
  endfacet
  facet normal -3.875002e-17 -2.181432e-01 9.759168e-01
    outer loop
      vertex   6.000000e+00 2.989519e+00 1.212513e+02
      vertex   1.000000e+00 2.989519e+00 1.212513e+02
      vertex   6.000000e+00 2.499051e+00 1.211417e+02
    endloop
  endfacet
  facet normal 0.000000e+00 -2.181432e-01 9.759168e-01
    outer loop
      vertex   6.000000e+00 2.499051e+00 1.211417e+02
      vertex   1.000000e+00 2.989519e+00 1.212513e+02
      vertex   1.000000e+00 2.499051e+00 1.211417e+02
    endloop
  endfacet
  facet normal 0.000000e+00 -1.564345e-01 9.876883e-01
    outer loop
      vertex   6.000000e+00 2.499051e+00 1.211417e+02
      vertex   1.000000e+00 2.499051e+00 1.211417e+02
      vertex   6.000000e+00 2.002666e+00 1.210631e+02
    endloop
  endfacet
  facet normal 0.000000e+00 -1.564345e-01 9.876883e-01
    outer loop
      vertex   6.000000e+00 2.002666e+00 1.210631e+02
      vertex   1.000000e+00 2.499051e+00 1.211417e+02
      vertex   1.000000e+00 2.002666e+00 1.210631e+02
    endloop
  endfacet
  facet normal 0.000000e+00 -9.410831e-02 9.955620e-01
    outer loop
      vertex   6.000000e+00 2.002666e+00 1.210631e+02
      vertex   1.000000e+00 2.002666e+00 1.210631e+02
      vertex   6.000000e+00 1.502324e+00 1.210158e+02
    endloop
  endfacet
  facet normal -2.089624e-17 -9.410831e-02 9.955620e-01
    outer loop
      vertex   6.000000e+00 1.502324e+00 1.210158e+02
      vertex   1.000000e+00 2.002666e+00 1.210631e+02
      vertex   1.000000e+00 1.502324e+00 1.210158e+02
    endloop
  endfacet
  facet normal -6.974590e-18 -3.141076e-02 9.995066e-01
    outer loop
      vertex   6.000000e+00 1.502324e+00 1.210158e+02
      vertex   1.000000e+00 1.502324e+00 1.210158e+02
      vertex   6.000000e+00 1.000000e+00 1.210000e+02
    endloop
  endfacet
  facet normal 6.974590e-18 -3.141076e-02 9.995066e-01
    outer loop
      vertex   6.000000e+00 1.000000e+00 1.210000e+02
      vertex   1.000000e+00 1.502324e+00 1.210158e+02
      vertex   1.000000e+00 1.000000e+00 1.210000e+02
    endloop
  endfacet
  facet normal -0.000000e+00 0.000000e+00 1.000000e+00
    outer loop
      vertex   1.000000e+00 1.000000e+00 1.210000e+02
      vertex   1.000000e+00 -5.000000e+00 1.210000e+02
      vertex   6.000000e+00 1.000000e+00 1.210000e+02
    endloop
  endfacet
  facet normal 0.000000e+00 0.000000e+00 1.000000e+00
    outer loop
      vertex   6.000000e+00 1.000000e+00 1.210000e+02
      vertex   1.000000e+00 -5.000000e+00 1.210000e+02
      vertex   6.000000e+00 -5.000000e+00 1.210000e+02
    endloop
  endfacet
  facet normal 0.000000e+00 -1.000000e+00 -2.501911e-17
    outer loop
      vertex   1.000000e+00 9.000000e+00 2.000000e+02
      vertex   1.000000e+00 9.000000e+00 1.290000e+02
      vertex   6.000000e+00 9.000000e+00 2.000000e+02
    endloop
  endfacet
  facet normal 0.000000e+00 -1.000000e+00 -2.501911e-17
    outer loop
      vertex   6.000000e+00 9.000000e+00 2.000000e+02
      vertex   1.000000e+00 9.000000e+00 1.290000e+02
      vertex   6.000000e+00 9.000000e+00 1.290000e+02
    endloop
  endfacet
  facet normal 1.000000e+00 -0.000000e+00 0.000000e+00
    outer loop
      vertex   6.000000e+00 1.277593e+01 1.793750e+02
      vertex   6.000000e+00 1.330095e+01 1.696460e+02
      vertex   6.000000e+00 1.300000e+01 1.800000e+02
    endloop
  endfacet
  facet normal 1.000000e+00 0.000000e+00 0.000000e+00
    outer loop
      vertex   6.000000e+00 1.300000e+01 1.800000e+02
      vertex   6.000000e+00 1.330095e+01 1.696460e+02
      vertex   6.000000e+00 1.345342e+01 1.694834e+02
    endloop
  endfacet
  facet normal 1.000000e+00 0.000000e+00 0.000000e+00
    outer loop
      vertex   6.000000e+00 1.300000e+01 1.800000e+02
      vertex   6.000000e+00 1.345342e+01 1.694834e+02
      vertex   6.000000e+00 1.360732e+01 1.693312e+02
    endloop
  endfacet
  facet normal 1.000000e+00 -0.000000e+00 0.000000e+00
    outer loop
      vertex   6.000000e+00 1.257803e+01 1.787500e+02
      vertex   6.000000e+00 1.257803e+01 1.712500e+02
      vertex   6.000000e+00 1.277593e+01 1.793750e+02
    endloop
  endfacet
  facet normal 1.000000e+00 0.000000e+00 0.000000e+00
    outer loop
      vertex   6.000000e+00 1.277593e+01 1.793750e+02
      vertex   6.000000e+00 1.257803e+01 1.712500e+02
      vertex   6.000000e+00 1.277593e+01 1.706250e+02
    endloop
  endfacet
  facet normal 1.000000e+00 0.000000e+00 0.000000e+00
    outer loop
      vertex   6.000000e+00 1.277593e+01 1.793750e+02
      vertex   6.000000e+00 1.277593e+01 1.706250e+02
      vertex   6.000000e+00 1.314983e+01 1.698183e+02
    endloop
  endfacet
  facet normal 1.000000e+00 0.000000e+00 0.000000e+00
    outer loop
      vertex   6.000000e+00 1.314983e+01 1.698183e+02
      vertex   6.000000e+00 1.277593e+01 1.706250e+02
      vertex   6.000000e+00 1.300000e+01 1.700000e+02
    endloop
  endfacet
  facet normal 1.000000e+00 0.000000e+00 0.000000e+00
    outer loop
      vertex   6.000000e+00 1.257803e+01 1.712500e+02
      vertex   6.000000e+00 1.257803e+01 1.787500e+02
      vertex   6.000000e+00 1.240698e+01 1.718750e+02
    endloop
  endfacet
  facet normal 1.000000e+00 0.000000e+00 -0.000000e+00
    outer loop
      vertex   6.000000e+00 1.240698e+01 1.718750e+02
      vertex   6.000000e+00 1.257803e+01 1.787500e+02
      vertex   6.000000e+00 1.240698e+01 1.781250e+02
    endloop
  endfacet
  facet normal 1.000000e+00 0.000000e+00 0.000000e+00
    outer loop
      vertex   6.000000e+00 1.240698e+01 1.718750e+02
      vertex   6.000000e+00 1.240698e+01 1.781250e+02
      vertex   6.000000e+00 1.226391e+01 1.725000e+02
    endloop
  endfacet
  facet normal 1.000000e+00 0.000000e+00 -0.000000e+00
    outer loop
      vertex   6.000000e+00 1.226391e+01 1.725000e+02
      vertex   6.000000e+00 1.240698e+01 1.781250e+02
      vertex   6.000000e+00 1.226391e+01 1.775000e+02
    endloop
  endfacet
  facet normal 1.000000e+00 0.000000e+00 0.000000e+00
    outer loop
      vertex   6.000000e+00 1.226391e+01 1.725000e+02
      vertex   6.000000e+00 1.226391e+01 1.775000e+02
      vertex   6.000000e+00 1.215020e+01 1.731250e+02
    endloop
  endfacet
  facet normal 1.000000e+00 0.000000e+00 -0.000000e+00
    outer loop
      vertex   6.000000e+00 1.215020e+01 1.731250e+02
      vertex   6.000000e+00 1.226391e+01 1.775000e+02
      vertex   6.000000e+00 1.215020e+01 1.768750e+02
    endloop
  endfacet
  facet normal 1.000000e+00 0.000000e+00 0.000000e+00
    outer loop
      vertex   6.000000e+00 1.215020e+01 1.731250e+02
      vertex   6.000000e+00 1.215020e+01 1.768750e+02
      vertex   6.000000e+00 1.206740e+01 1.737500e+02
    endloop
  endfacet
  facet normal 1.000000e+00 0.000000e+00 -0.000000e+00
    outer loop
      vertex   6.000000e+00 1.206740e+01 1.737500e+02
      vertex   6.000000e+00 1.215020e+01 1.768750e+02
      vertex   6.000000e+00 1.201696e+01 1.743750e+02
    endloop
  endfacet
  facet normal 1.000000e+00 0.000000e+00 -0.000000e+00
    outer loop
      vertex   6.000000e+00 1.201696e+01 1.743750e+02
      vertex   6.000000e+00 1.215020e+01 1.768750e+02
      vertex   6.000000e+00 1.200425e+01 1.746875e+02
    endloop
  endfacet
  facet normal 1.000000e+00 0.000000e+00 -0.000000e+00
    outer loop
      vertex   6.000000e+00 1.200425e+01 1.746875e+02
      vertex   6.000000e+00 1.215020e+01 1.768750e+02
      vertex   6.000000e+00 1.200000e+01 1.750000e+02
    endloop
  endfacet
  facet normal 1.000000e+00 0.000000e+00 0.000000e+00
    outer loop
      vertex   6.000000e+00 1.200000e+01 1.750000e+02
      vertex   6.000000e+00 1.215020e+01 1.768750e+02
      vertex   6.000000e+00 1.200425e+01 1.753125e+02
    endloop
  endfacet
  facet normal 1.000000e+00 0.000000e+00 0.000000e+00
    outer loop
      vertex   6.000000e+00 1.200425e+01 1.753125e+02
      vertex   6.000000e+00 1.215020e+01 1.768750e+02
      vertex   6.000000e+00 1.201696e+01 1.756250e+02
    endloop
  endfacet
  facet normal 1.000000e+00 0.000000e+00 0.000000e+00
    outer loop
      vertex   6.000000e+00 1.201696e+01 1.756250e+02
      vertex   6.000000e+00 1.215020e+01 1.768750e+02
      vertex   6.000000e+00 1.206740e+01 1.762500e+02
    endloop
  endfacet
  facet normal 1.000000e+00 -0.000000e+00 -0.000000e+00
    outer loop
      vertex   6.000000e+00 1.314983e+01 1.698183e+02
      vertex   6.000000e+00 1.330095e+01 1.696460e+02
      vertex   6.000000e+00 1.277593e+01 1.793750e+02
    endloop
  endfacet
  facet normal 1.000000e+00 -0.000000e+00 -0.000000e+00
    outer loop
      vertex   6.000000e+00 1.360732e+01 1.693312e+02
      vertex   6.000000e+00 1.376277e+01 1.691901e+02
      vertex   6.000000e+00 1.300000e+01 1.800000e+02
    endloop
  endfacet
  facet normal 1.000000e+00 0.000000e+00 0.000000e+00
    outer loop
      vertex   6.000000e+00 1.300000e+01 1.800000e+02
      vertex   6.000000e+00 1.376277e+01 1.691901e+02
      vertex   6.000000e+00 1.391984e+01 1.690608e+02
    endloop
  endfacet
  facet normal 1.000000e+00 0.000000e+00 0.000000e+00
    outer loop
      vertex   6.000000e+00 1.300000e+01 1.800000e+02
      vertex   6.000000e+00 1.391984e+01 1.690608e+02
      vertex   6.000000e+00 1.407861e+01 1.689438e+02
    endloop
  endfacet
  facet normal 1.000000e+00 0.000000e+00 0.000000e+00
    outer loop
      vertex   6.000000e+00 1.300000e+01 1.800000e+02
      vertex   6.000000e+00 1.407861e+01 1.689438e+02
      vertex   6.000000e+00 1.500000e+01 1.692656e+02
    endloop
  endfacet
  facet normal 1.000000e+00 0.000000e+00 0.000000e+00
    outer loop
      vertex   6.000000e+00 1.500000e+01 1.692656e+02
      vertex   6.000000e+00 1.407861e+01 1.689438e+02
      vertex   6.000000e+00 1.423908e+01 1.688391e+02
    endloop
  endfacet
  facet normal 1.000000e+00 0.000000e+00 0.000000e+00
    outer loop
      vertex   6.000000e+00 1.500000e+01 1.692656e+02
      vertex   6.000000e+00 1.423908e+01 1.688391e+02
      vertex   6.000000e+00 1.431178e+01 1.688024e+02
    endloop
  endfacet
  facet normal 1.000000e+00 -0.000000e+00 0.000000e+00
    outer loop
      vertex   6.000000e+00 1.431178e+01 1.688024e+02
      vertex   6.000000e+00 1.438948e+01 1.687779e+02
      vertex   6.000000e+00 1.500000e+01 1.692656e+02
    endloop
  endfacet
  facet normal 1.000000e+00 0.000000e+00 0.000000e+00
    outer loop
      vertex   6.000000e+00 1.500000e+01 1.692656e+02
      vertex   6.000000e+00 1.438948e+01 1.687779e+02
      vertex   6.000000e+00 1.447011e+01 1.687665e+02
    endloop
  endfacet
  facet normal 1.000000e+00 0.000000e+00 0.000000e+00
    outer loop
      vertex   6.000000e+00 1.500000e+01 1.692656e+02
      vertex   6.000000e+00 1.447011e+01 1.687665e+02
      vertex   6.000000e+00 1.455153e+01 1.687682e+02
    endloop
  endfacet
  facet normal 1.000000e+00 0.000000e+00 0.000000e+00
    outer loop
      vertex   6.000000e+00 1.455153e+01 1.687682e+02
      vertex   6.000000e+00 1.463158e+01 1.687832e+02
      vertex   6.000000e+00 1.500000e+01 1.692656e+02
    endloop
  endfacet
  facet normal 1.000000e+00 0.000000e+00 0.000000e+00
    outer loop
      vertex   6.000000e+00 1.500000e+01 1.692656e+02
      vertex   6.000000e+00 1.463158e+01 1.687832e+02
      vertex   6.000000e+00 1.470815e+01 1.688110e+02
    endloop
  endfacet
  facet normal 1.000000e+00 0.000000e+00 0.000000e+00
    outer loop
      vertex   6.000000e+00 1.500000e+01 1.692656e+02
      vertex   6.000000e+00 1.470815e+01 1.688110e+02
      vertex   6.000000e+00 1.477919e+01 1.688508e+02
    endloop
  endfacet
  facet normal 1.000000e+00 0.000000e+00 0.000000e+00
    outer loop
      vertex   6.000000e+00 1.477919e+01 1.688508e+02
      vertex   6.000000e+00 1.484282e+01 1.689016e+02
      vertex   6.000000e+00 1.500000e+01 1.692656e+02
    endloop
  endfacet
  facet normal 1.000000e+00 0.000000e+00 0.000000e+00
    outer loop
      vertex   6.000000e+00 1.500000e+01 1.692656e+02
      vertex   6.000000e+00 1.484282e+01 1.689016e+02
      vertex   6.000000e+00 1.489736e+01 1.689621e+02
    endloop
  endfacet
  facet normal 1.000000e+00 0.000000e+00 0.000000e+00
    outer loop
      vertex   6.000000e+00 1.500000e+01 1.692656e+02
      vertex   6.000000e+00 1.489736e+01 1.689621e+02
      vertex   6.000000e+00 1.494136e+01 1.690306e+02
    endloop
  endfacet
  facet normal 1.000000e+00 0.000000e+00 0.000000e+00
    outer loop
      vertex   6.000000e+00 1.494136e+01 1.690306e+02
      vertex   6.000000e+00 1.497365e+01 1.691054e+02
      vertex   6.000000e+00 1.500000e+01 1.692656e+02
    endloop
  endfacet
  facet normal 1.000000e+00 0.000000e+00 0.000000e+00
    outer loop
      vertex   6.000000e+00 1.500000e+01 1.692656e+02
      vertex   6.000000e+00 1.497365e+01 1.691054e+02
      vertex   6.000000e+00 1.499337e+01 1.691844e+02
    endloop
  endfacet
  facet normal 1.000000e+00 0.000000e+00 0.000000e+00
    outer loop
      vertex   6.000000e+00 1.500000e+01 1.692656e+02
      vertex   6.000000e+00 1.500000e+01 1.960000e+02
      vertex   6.000000e+00 1.300000e+01 1.800000e+02
    endloop
  endfacet
  facet normal 1.000000e+00 0.000000e+00 0.000000e+00
    outer loop
      vertex   6.000000e+00 1.300000e+01 1.800000e+02
      vertex   6.000000e+00 1.500000e+01 1.960000e+02
      vertex   6.000000e+00 1.300000e+01 1.930000e+02
    endloop
  endfacet
  facet normal 1.000000e+00 0.000000e+00 0.000000e+00
    outer loop
      vertex   6.000000e+00 1.300000e+01 1.930000e+02
      vertex   6.000000e+00 1.500000e+01 1.960000e+02
      vertex   6.000000e+00 1.446410e+01 1.980000e+02
    endloop
  endfacet
  facet normal 1.000000e+00 0.000000e+00 -0.000000e+00
    outer loop
      vertex   6.000000e+00 1.300000e+01 1.930000e+02
      vertex   6.000000e+00 1.446410e+01 1.980000e+02
      vertex   6.000000e+00 1.298542e+01 1.932411e+02
    endloop
  endfacet
  facet normal 1.000000e+00 0.000000e+00 0.000000e+00
    outer loop
      vertex   6.000000e+00 1.298542e+01 1.932411e+02
      vertex   6.000000e+00 1.446410e+01 1.980000e+02
      vertex   6.000000e+00 1.427661e+01 1.982943e+02
    endloop
  endfacet
  facet normal 1.000000e+00 0.000000e+00 0.000000e+00
    outer loop
      vertex   6.000000e+00 1.298542e+01 1.932411e+02
      vertex   6.000000e+00 1.427661e+01 1.982943e+02
      vertex   6.000000e+00 1.406418e+01 1.985712e+02
    endloop
  endfacet
  facet normal 1.000000e+00 0.000000e+00 0.000000e+00
    outer loop
      vertex   6.000000e+00 1.498478e+01 1.963486e+02
      vertex   6.000000e+00 1.493923e+01 1.966946e+02
      vertex   6.000000e+00 1.500000e+01 1.960000e+02
    endloop
  endfacet
  facet normal 1.000000e+00 0.000000e+00 0.000000e+00
    outer loop
      vertex   6.000000e+00 1.500000e+01 1.960000e+02
      vertex   6.000000e+00 1.493923e+01 1.966946e+02
      vertex   6.000000e+00 1.486370e+01 1.970353e+02
    endloop
  endfacet
  facet normal 1.000000e+00 0.000000e+00 0.000000e+00
    outer loop
      vertex   6.000000e+00 1.500000e+01 1.960000e+02
      vertex   6.000000e+00 1.486370e+01 1.970353e+02
      vertex   6.000000e+00 1.475877e+01 1.973681e+02
    endloop
  endfacet
  facet normal 1.000000e+00 0.000000e+00 0.000000e+00
    outer loop
      vertex   6.000000e+00 1.475877e+01 1.973681e+02
      vertex   6.000000e+00 1.462523e+01 1.976905e+02
      vertex   6.000000e+00 1.500000e+01 1.960000e+02
    endloop
  endfacet
  facet normal 1.000000e+00 0.000000e+00 0.000000e+00
    outer loop
      vertex   6.000000e+00 1.500000e+01 1.960000e+02
      vertex   6.000000e+00 1.462523e+01 1.976905e+02
      vertex   6.000000e+00 1.446410e+01 1.980000e+02
    endloop
  endfacet
  facet normal 1.000000e+00 0.000000e+00 0.000000e+00
    outer loop
      vertex   6.000000e+00 1.406418e+01 1.985712e+02
      vertex   6.000000e+00 1.382843e+01 1.988284e+02
      vertex   6.000000e+00 1.298542e+01 1.932411e+02
    endloop
  endfacet
  facet normal 1.000000e+00 0.000000e+00 -0.000000e+00
    outer loop
      vertex   6.000000e+00 1.298542e+01 1.932411e+02
      vertex   6.000000e+00 1.382843e+01 1.988284e+02
      vertex   6.000000e+00 1.294188e+01 1.934786e+02
    endloop
  endfacet
  facet normal 1.000000e+00 0.000000e+00 0.000000e+00
    outer loop
      vertex   6.000000e+00 1.294188e+01 1.934786e+02
      vertex   6.000000e+00 1.382843e+01 1.988284e+02
      vertex   6.000000e+00 1.357115e+01 1.990642e+02
    endloop
  endfacet
  facet normal 1.000000e+00 0.000000e+00 -0.000000e+00
    outer loop
      vertex   6.000000e+00 1.294188e+01 1.934786e+02
      vertex   6.000000e+00 1.357115e+01 1.990642e+02
      vertex   6.000000e+00 1.287003e+01 1.937092e+02
    endloop
  endfacet
  facet normal 1.000000e+00 0.000000e+00 0.000000e+00
    outer loop
      vertex   6.000000e+00 1.287003e+01 1.937092e+02
      vertex   6.000000e+00 1.357115e+01 1.990642e+02
      vertex   6.000000e+00 1.329431e+01 1.992766e+02
    endloop
  endfacet
  facet normal 1.000000e+00 0.000000e+00 -0.000000e+00
    outer loop
      vertex   6.000000e+00 1.287003e+01 1.937092e+02
      vertex   6.000000e+00 1.329431e+01 1.992766e+02
      vertex   6.000000e+00 1.277091e+01 1.939294e+02
    endloop
  endfacet
  facet normal 1.000000e+00 0.000000e+00 0.000000e+00
    outer loop
      vertex   6.000000e+00 1.277091e+01 1.939294e+02
      vertex   6.000000e+00 1.329431e+01 1.992766e+02
      vertex   6.000000e+00 1.300000e+01 1.994641e+02
    endloop
  endfacet
  facet normal 1.000000e+00 0.000000e+00 -0.000000e+00
    outer loop
      vertex   6.000000e+00 1.277091e+01 1.939294e+02
      vertex   6.000000e+00 1.300000e+01 1.994641e+02
      vertex   6.000000e+00 1.264597e+01 1.941361e+02
    endloop
  endfacet
  facet normal 1.000000e+00 0.000000e+00 -0.000000e+00
    outer loop
      vertex   6.000000e+00 1.264597e+01 1.941361e+02
      vertex   6.000000e+00 1.300000e+01 1.994641e+02
      vertex   6.000000e+00 1.249702e+01 1.943262e+02
    endloop
  endfacet
  facet normal 1.000000e+00 0.000000e+00 0.000000e+00
    outer loop
      vertex   6.000000e+00 1.249702e+01 1.943262e+02
      vertex   6.000000e+00 1.300000e+01 1.994641e+02
      vertex   6.000000e+00 1.269047e+01 1.996252e+02
    endloop
  endfacet
  facet normal 1.000000e+00 0.000000e+00 -0.000000e+00
    outer loop
      vertex   6.000000e+00 1.249702e+01 1.943262e+02
      vertex   6.000000e+00 1.269047e+01 1.996252e+02
      vertex   6.000000e+00 1.232625e+01 1.944970e+02
    endloop
  endfacet
  facet normal 1.000000e+00 0.000000e+00 0.000000e+00
    outer loop
      vertex   6.000000e+00 1.232625e+01 1.944970e+02
      vertex   6.000000e+00 1.269047e+01 1.996252e+02
      vertex   6.000000e+00 1.236808e+01 1.997588e+02
    endloop
  endfacet
  facet normal 1.000000e+00 0.000000e+00 -0.000000e+00
    outer loop
      vertex   6.000000e+00 1.232625e+01 1.944970e+02
      vertex   6.000000e+00 1.236808e+01 1.997588e+02
      vertex   6.000000e+00 1.213613e+01 1.946460e+02
    endloop
  endfacet
  facet normal 1.000000e+00 0.000000e+00 -0.000000e+00
    outer loop
      vertex   6.000000e+00 1.213613e+01 1.946460e+02
      vertex   6.000000e+00 1.236808e+01 1.997588e+02
      vertex   6.000000e+00 1.203528e+01 1.998637e+02
    endloop
  endfacet
  facet normal 1.000000e+00 0.000000e+00 0.000000e+00
    outer loop
      vertex   6.000000e+00 1.213613e+01 1.946460e+02
      vertex   6.000000e+00 1.203528e+01 1.998637e+02
      vertex   6.000000e+00 1.192945e+01 1.947709e+02
    endloop
  endfacet
  facet normal 1.000000e+00 0.000000e+00 -0.000000e+00
    outer loop
      vertex   6.000000e+00 1.192945e+01 1.947709e+02
      vertex   6.000000e+00 1.203528e+01 1.998637e+02
      vertex   6.000000e+00 1.170921e+01 1.948700e+02
    endloop
  endfacet
  facet normal 1.000000e+00 0.000000e+00 -0.000000e+00
    outer loop
      vertex   6.000000e+00 1.170921e+01 1.948700e+02
      vertex   6.000000e+00 1.203528e+01 1.998637e+02
      vertex   6.000000e+00 1.169459e+01 1.999392e+02
    endloop
  endfacet
  facet normal 1.000000e+00 0.000000e+00 0.000000e+00
    outer loop
      vertex   6.000000e+00 1.170921e+01 1.948700e+02
      vertex   6.000000e+00 1.169459e+01 1.999392e+02
      vertex   6.000000e+00 1.147863e+01 1.949419e+02
    endloop
  endfacet
  facet normal 1.000000e+00 0.000000e+00 -0.000000e+00
    outer loop
      vertex   6.000000e+00 1.147863e+01 1.949419e+02
      vertex   6.000000e+00 1.169459e+01 1.999392e+02
      vertex   6.000000e+00 1.134862e+01 1.999848e+02
    endloop
  endfacet
  facet normal 1.000000e+00 0.000000e+00 0.000000e+00
    outer loop
      vertex   6.000000e+00 1.147863e+01 1.949419e+02
      vertex   6.000000e+00 1.134862e+01 1.999848e+02
      vertex   6.000000e+00 1.124107e+01 1.949854e+02
    endloop
  endfacet
  facet normal 1.000000e+00 0.000000e+00 -0.000000e+00
    outer loop
      vertex   6.000000e+00 1.124107e+01 1.949854e+02
      vertex   6.000000e+00 1.134862e+01 1.999848e+02
      vertex   6.000000e+00 1.100000e+01 2.000000e+02
    endloop
  endfacet
  facet normal 1.000000e+00 0.000000e+00 0.000000e+00
    outer loop
      vertex   6.000000e+00 1.124107e+01 1.949854e+02
      vertex   6.000000e+00 1.100000e+01 2.000000e+02
      vertex   6.000000e+00 1.100000e+01 1.950000e+02
    endloop
  endfacet
  facet normal 1.000000e+00 0.000000e+00 -0.000000e+00
    outer loop
      vertex   6.000000e+00 1.100000e+01 1.950000e+02
      vertex   6.000000e+00 1.100000e+01 2.000000e+02
      vertex   6.000000e+00 1.000000e+01 1.950000e+02
    endloop
  endfacet
  facet normal 1.000000e+00 0.000000e+00 -0.000000e+00
    outer loop
      vertex   6.000000e+00 1.000000e+01 1.950000e+02
      vertex   6.000000e+00 1.100000e+01 2.000000e+02
      vertex   6.000000e+00 9.000000e+00 2.000000e+02
    endloop
  endfacet
  facet normal 1.000000e+00 0.000000e+00 0.000000e+00
    outer loop
      vertex   6.000000e+00 1.000000e+01 1.950000e+02
      vertex   6.000000e+00 9.000000e+00 2.000000e+02
      vertex   6.000000e+00 9.000000e+00 1.290000e+02
    endloop
  endfacet
  facet normal 1.000000e+00 -0.000000e+00 0.000000e+00
    outer loop
      vertex   6.000000e+00 8.984214e+00 1.284977e+02
      vertex   6.000000e+00 9.852579e+00 1.273777e+02
      vertex   6.000000e+00 9.000000e+00 1.290000e+02
    endloop
  endfacet
  facet normal 1.000000e+00 0.000000e+00 0.000000e+00
    outer loop
      vertex   6.000000e+00 9.000000e+00 1.290000e+02
      vertex   6.000000e+00 9.852579e+00 1.273777e+02
      vertex   6.000000e+00 9.934380e+00 1.279152e+02
    endloop
  endfacet
  facet normal 1.000000e+00 0.000000e+00 0.000000e+00
    outer loop
      vertex   6.000000e+00 9.000000e+00 1.290000e+02
      vertex   6.000000e+00 9.934380e+00 1.279152e+02
      vertex   6.000000e+00 9.983580e+00 1.284566e+02
    endloop
  endfacet
  facet normal 1.000000e+00 -0.000000e+00 0.000000e+00
    outer loop
      vertex   6.000000e+00 8.936918e+00 1.279973e+02
      vertex   6.000000e+00 9.592488e+00 1.263225e+02
      vertex   6.000000e+00 8.984214e+00 1.284977e+02
    endloop
  endfacet
  facet normal 1.000000e+00 0.000000e+00 0.000000e+00
    outer loop
      vertex   6.000000e+00 8.984214e+00 1.284977e+02
      vertex   6.000000e+00 9.592488e+00 1.263225e+02
      vertex   6.000000e+00 9.738476e+00 1.268462e+02
    endloop
  endfacet
  facet normal 1.000000e+00 0.000000e+00 0.000000e+00
    outer loop
      vertex   6.000000e+00 8.984214e+00 1.284977e+02
      vertex   6.000000e+00 9.738476e+00 1.268462e+02
      vertex   6.000000e+00 9.852579e+00 1.273777e+02
    endloop
  endfacet
  facet normal 1.000000e+00 0.000000e+00 0.000000e+00
    outer loop
      vertex   6.000000e+00 9.592488e+00 1.263225e+02
      vertex   6.000000e+00 8.936918e+00 1.279973e+02
      vertex   6.000000e+00 9.415146e+00 1.258086e+02
    endloop
  endfacet
  facet normal 1.000000e+00 0.000000e+00 0.000000e+00
    outer loop
      vertex   6.000000e+00 9.415146e+00 1.258086e+02
      vertex   6.000000e+00 8.936918e+00 1.279973e+02
      vertex   6.000000e+00 8.858298e+00 1.275009e+02
    endloop
  endfacet
  facet normal 1.000000e+00 0.000000e+00 0.000000e+00
    outer loop
      vertex   6.000000e+00 9.415146e+00 1.258086e+02
      vertex   6.000000e+00 8.858298e+00 1.275009e+02
      vertex   6.000000e+00 9.207099e+00 1.253063e+02
    endloop
  endfacet
  facet normal 1.000000e+00 0.000000e+00 0.000000e+00
    outer loop
      vertex   6.000000e+00 9.207099e+00 1.253063e+02
      vertex   6.000000e+00 8.858298e+00 1.275009e+02
      vertex   6.000000e+00 8.748665e+00 1.270105e+02
    endloop
  endfacet
  facet normal 1.000000e+00 0.000000e+00 0.000000e+00
    outer loop
      vertex   6.000000e+00 9.207099e+00 1.253063e+02
      vertex   6.000000e+00 8.748665e+00 1.270105e+02
      vertex   6.000000e+00 8.969104e+00 1.248175e+02
    endloop
  endfacet
  facet normal 1.000000e+00 0.000000e+00 0.000000e+00
    outer loop
      vertex   6.000000e+00 8.969104e+00 1.248175e+02
      vertex   6.000000e+00 8.748665e+00 1.270105e+02
      vertex   6.000000e+00 8.608452e+00 1.265279e+02
    endloop
  endfacet
  facet normal 1.000000e+00 0.000000e+00 0.000000e+00
    outer loop
      vertex   6.000000e+00 8.969104e+00 1.248175e+02
      vertex   6.000000e+00 8.608452e+00 1.265279e+02
      vertex   6.000000e+00 8.702031e+00 1.243440e+02
    endloop
  endfacet
  facet normal 1.000000e+00 0.000000e+00 0.000000e+00
    outer loop
      vertex   6.000000e+00 8.702031e+00 1.243440e+02
      vertex   6.000000e+00 8.608452e+00 1.265279e+02
      vertex   6.000000e+00 8.438212e+00 1.260550e+02
    endloop
  endfacet
  facet normal 1.000000e+00 0.000000e+00 0.000000e+00
    outer loop
      vertex   6.000000e+00 8.702031e+00 1.243440e+02
      vertex   6.000000e+00 8.438212e+00 1.260550e+02
      vertex   6.000000e+00 8.238616e+00 1.255938e+02
    endloop
  endfacet
  facet normal 1.000000e+00 0.000000e+00 0.000000e+00
    outer loop
      vertex   6.000000e+00 8.702031e+00 1.243440e+02
      vertex   6.000000e+00 8.238616e+00 1.255938e+02
      vertex   6.000000e+00 8.406855e+00 1.238874e+02
    endloop
  endfacet
  facet normal 1.000000e+00 0.000000e+00 0.000000e+00
    outer loop
      vertex   6.000000e+00 8.406855e+00 1.238874e+02
      vertex   6.000000e+00 8.238616e+00 1.255938e+02
      vertex   6.000000e+00 8.010453e+00 1.251460e+02
    endloop
  endfacet
  facet normal 1.000000e+00 0.000000e+00 0.000000e+00
    outer loop
      vertex   6.000000e+00 8.406855e+00 1.238874e+02
      vertex   6.000000e+00 8.010453e+00 1.251460e+02
      vertex   6.000000e+00 8.084651e+00 1.234495e+02
    endloop
  endfacet
  facet normal 1.000000e+00 0.000000e+00 0.000000e+00
    outer loop
      vertex   6.000000e+00 8.084651e+00 1.234495e+02
      vertex   6.000000e+00 8.010453e+00 1.251460e+02
      vertex   6.000000e+00 7.754623e+00 1.247134e+02
    endloop
  endfacet
  facet normal 1.000000e+00 0.000000e+00 0.000000e+00
    outer loop
      vertex   6.000000e+00 8.084651e+00 1.234495e+02
      vertex   6.000000e+00 7.754623e+00 1.247134e+02
      vertex   6.000000e+00 7.736597e+00 1.230319e+02
    endloop
  endfacet
  facet normal 1.000000e+00 0.000000e+00 -0.000000e+00
    outer loop
      vertex   6.000000e+00 7.736597e+00 1.230319e+02
      vertex   6.000000e+00 7.754623e+00 1.247134e+02
      vertex   6.000000e+00 7.472136e+00 1.242977e+02
    endloop
  endfacet
  facet normal 1.000000e+00 0.000000e+00 0.000000e+00
    outer loop
      vertex   6.000000e+00 7.736597e+00 1.230319e+02
      vertex   6.000000e+00 7.472136e+00 1.242977e+02
      vertex   6.000000e+00 7.363961e+00 1.226360e+02
    endloop
  endfacet
  facet normal 1.000000e+00 0.000000e+00 -0.000000e+00
    outer loop
      vertex   6.000000e+00 7.363961e+00 1.226360e+02
      vertex   6.000000e+00 7.472136e+00 1.242977e+02
      vertex   6.000000e+00 7.164106e+00 1.239006e+02
    endloop
  endfacet
  facet normal 1.000000e+00 0.000000e+00 0.000000e+00
    outer loop
      vertex   6.000000e+00 7.363961e+00 1.226360e+02
      vertex   6.000000e+00 7.164106e+00 1.239006e+02
      vertex   6.000000e+00 6.968104e+00 1.222634e+02
    endloop
  endfacet
  facet normal 1.000000e+00 0.000000e+00 -0.000000e+00
    outer loop
      vertex   6.000000e+00 6.968104e+00 1.222634e+02
      vertex   6.000000e+00 7.164106e+00 1.239006e+02
      vertex   6.000000e+00 6.831749e+00 1.235236e+02
    endloop
  endfacet
  facet normal 1.000000e+00 0.000000e+00 0.000000e+00
    outer loop
      vertex   6.000000e+00 6.968104e+00 1.222634e+02
      vertex   6.000000e+00 6.831749e+00 1.235236e+02
      vertex   6.000000e+00 6.550470e+00 1.219153e+02
    endloop
  endfacet
  facet normal 1.000000e+00 0.000000e+00 -0.000000e+00
    outer loop
      vertex   6.000000e+00 6.550470e+00 1.219153e+02
      vertex   6.000000e+00 6.831749e+00 1.235236e+02
      vertex   6.000000e+00 6.476377e+00 1.231683e+02
    endloop
  endfacet
  facet normal 1.000000e+00 0.000000e+00 0.000000e+00
    outer loop
      vertex   6.000000e+00 6.550470e+00 1.219153e+02
      vertex   6.000000e+00 6.476377e+00 1.231683e+02
      vertex   6.000000e+00 6.099392e+00 1.228359e+02
    endloop
  endfacet
  facet normal 1.000000e+00 0.000000e+00 0.000000e+00
    outer loop
      vertex   6.000000e+00 6.550470e+00 1.219153e+02
      vertex   6.000000e+00 6.099392e+00 1.228359e+02
      vertex   6.000000e+00 6.112583e+00 1.215931e+02
    endloop
  endfacet
  facet normal 1.000000e+00 0.000000e+00 0.000000e+00
    outer loop
      vertex   6.000000e+00 6.112583e+00 1.215931e+02
      vertex   6.000000e+00 6.099392e+00 1.228359e+02
      vertex   6.000000e+00 5.702282e+00 1.225279e+02
    endloop
  endfacet
  facet normal 1.000000e+00 0.000000e+00 0.000000e+00
    outer loop
      vertex   6.000000e+00 6.112583e+00 1.215931e+02
      vertex   6.000000e+00 5.702282e+00 1.225279e+02
      vertex   6.000000e+00 5.656040e+00 1.212980e+02
    endloop
  endfacet
  facet normal 1.000000e+00 0.000000e+00 -0.000000e+00
    outer loop
      vertex   6.000000e+00 5.656040e+00 1.212980e+02
      vertex   6.000000e+00 5.702282e+00 1.225279e+02
      vertex   6.000000e+00 5.286614e+00 1.222454e+02
    endloop
  endfacet
  facet normal 1.000000e+00 0.000000e+00 0.000000e+00
    outer loop
      vertex   6.000000e+00 5.656040e+00 1.212980e+02
      vertex   6.000000e+00 5.286614e+00 1.222454e+02
      vertex   6.000000e+00 5.182509e+00 1.210309e+02
    endloop
  endfacet
  facet normal 1.000000e+00 0.000000e+00 -0.000000e+00
    outer loop
      vertex   6.000000e+00 5.182509e+00 1.210309e+02
      vertex   6.000000e+00 5.286614e+00 1.222454e+02
      vertex   6.000000e+00 4.854029e+00 1.219895e+02
    endloop
  endfacet
  facet normal 1.000000e+00 0.000000e+00 0.000000e+00
    outer loop
      vertex   6.000000e+00 5.182509e+00 1.210309e+02
      vertex   6.000000e+00 4.854029e+00 1.219895e+02
      vertex   6.000000e+00 4.693715e+00 1.207929e+02
    endloop
  endfacet
  facet normal 1.000000e+00 0.000000e+00 -0.000000e+00
    outer loop
      vertex   6.000000e+00 4.693715e+00 1.207929e+02
      vertex   6.000000e+00 4.854029e+00 1.219895e+02
      vertex   6.000000e+00 4.406234e+00 1.217614e+02
    endloop
  endfacet
  facet normal 1.000000e+00 0.000000e+00 0.000000e+00
    outer loop
      vertex   6.000000e+00 4.693715e+00 1.207929e+02
      vertex   6.000000e+00 4.406234e+00 1.217614e+02
      vertex   6.000000e+00 4.191444e+00 1.205849e+02
    endloop
  endfacet
  facet normal 1.000000e+00 0.000000e+00 -0.000000e+00
    outer loop
      vertex   6.000000e+00 4.191444e+00 1.205849e+02
      vertex   6.000000e+00 4.406234e+00 1.217614e+02
      vertex   6.000000e+00 3.944996e+00 1.215618e+02
    endloop
  endfacet
  facet normal 1.000000e+00 0.000000e+00 0.000000e+00
    outer loop
      vertex   6.000000e+00 4.191444e+00 1.205849e+02
      vertex   6.000000e+00 3.944996e+00 1.215618e+02
      vertex   6.000000e+00 3.677527e+00 1.204075e+02
    endloop
  endfacet
  facet normal 1.000000e+00 0.000000e+00 -0.000000e+00
    outer loop
      vertex   6.000000e+00 3.677527e+00 1.204075e+02
      vertex   6.000000e+00 3.944996e+00 1.215618e+02
      vertex   6.000000e+00 3.472136e+00 1.213915e+02
    endloop
  endfacet
  facet normal 1.000000e+00 0.000000e+00 0.000000e+00
    outer loop
      vertex   6.000000e+00 3.677527e+00 1.204075e+02
      vertex   6.000000e+00 3.472136e+00 1.213915e+02
      vertex   6.000000e+00 3.153841e+00 1.202615e+02
    endloop
  endfacet
  facet normal 1.000000e+00 0.000000e+00 -0.000000e+00
    outer loop
      vertex   6.000000e+00 3.153841e+00 1.202615e+02
      vertex   6.000000e+00 3.472136e+00 1.213915e+02
      vertex   6.000000e+00 2.989519e+00 1.212513e+02
    endloop
  endfacet
  facet normal 1.000000e+00 0.000000e+00 0.000000e+00
    outer loop
      vertex   6.000000e+00 3.153841e+00 1.202615e+02
      vertex   6.000000e+00 2.989519e+00 1.212513e+02
      vertex   6.000000e+00 2.622295e+00 1.201474e+02
    endloop
  endfacet
  facet normal 1.000000e+00 0.000000e+00 -0.000000e+00
    outer loop
      vertex   6.000000e+00 2.622295e+00 1.201474e+02
      vertex   6.000000e+00 2.989519e+00 1.212513e+02
      vertex   6.000000e+00 2.499051e+00 1.211417e+02
    endloop
  endfacet
  facet normal 1.000000e+00 0.000000e+00 0.000000e+00
    outer loop
      vertex   6.000000e+00 2.622295e+00 1.201474e+02
      vertex   6.000000e+00 2.499051e+00 1.211417e+02
      vertex   6.000000e+00 2.084830e+00 1.200656e+02
    endloop
  endfacet
  facet normal 1.000000e+00 0.000000e+00 -0.000000e+00
    outer loop
      vertex   6.000000e+00 2.084830e+00 1.200656e+02
      vertex   6.000000e+00 2.499051e+00 1.211417e+02
      vertex   6.000000e+00 2.002666e+00 1.210631e+02
    endloop
  endfacet
  facet normal 1.000000e+00 0.000000e+00 0.000000e+00
    outer loop
      vertex   6.000000e+00 2.084830e+00 1.200656e+02
      vertex   6.000000e+00 2.002666e+00 1.210631e+02
      vertex   6.000000e+00 1.543406e+00 1.200164e+02
    endloop
  endfacet
  facet normal 1.000000e+00 0.000000e+00 -0.000000e+00
    outer loop
      vertex   6.000000e+00 1.543406e+00 1.200164e+02
      vertex   6.000000e+00 2.002666e+00 1.210631e+02
      vertex   6.000000e+00 1.502324e+00 1.210158e+02
    endloop
  endfacet
  facet normal 1.000000e+00 0.000000e+00 0.000000e+00
    outer loop
      vertex   6.000000e+00 1.543406e+00 1.200164e+02
      vertex   6.000000e+00 1.502324e+00 1.210158e+02
      vertex   6.000000e+00 1.000000e+00 1.200000e+02
    endloop
  endfacet
  facet normal 1.000000e+00 0.000000e+00 0.000000e+00
    outer loop
      vertex   6.000000e+00 1.000000e+00 1.200000e+02
      vertex   6.000000e+00 1.502324e+00 1.210158e+02
      vertex   6.000000e+00 1.000000e+00 1.210000e+02
    endloop
  endfacet
  facet normal 1.000000e+00 0.000000e+00 -0.000000e+00
    outer loop
      vertex   6.000000e+00 1.000000e+00 1.200000e+02
      vertex   6.000000e+00 1.000000e+00 1.210000e+02
      vertex   6.000000e+00 -5.000000e+00 1.200000e+02
    endloop
  endfacet
  facet normal 1.000000e+00 0.000000e+00 0.000000e+00
    outer loop
      vertex   6.000000e+00 -5.000000e+00 1.200000e+02
      vertex   6.000000e+00 1.000000e+00 1.210000e+02
      vertex   6.000000e+00 -5.000000e+00 1.210000e+02
    endloop
  endfacet
  facet normal 1.000000e+00 0.000000e+00 -0.000000e+00
    outer loop
      vertex   6.000000e+00 9.983580e+00 1.284566e+02
      vertex   6.000000e+00 1.000000e+01 1.290000e+02
      vertex   6.000000e+00 9.000000e+00 1.290000e+02
    endloop
  endfacet
  facet normal 1.000000e+00 0.000000e+00 0.000000e+00
    outer loop
      vertex   6.000000e+00 9.000000e+00 1.290000e+02
      vertex   6.000000e+00 1.000000e+01 1.290000e+02
      vertex   6.000000e+00 1.000000e+01 1.950000e+02
    endloop
  endfacet
  facet normal -0.000000e+00 0.000000e+00 1.000000e+00
    outer loop
      vertex   1.000000e+00 -2.000000e+00 1.576667e+02
      vertex   1.000000e+00 -5.000000e+00 1.576667e+02
      vertex   6.000000e+00 -2.000000e+00 1.576667e+02
    endloop
  endfacet
  facet normal 0.000000e+00 0.000000e+00 1.000000e+00
    outer loop
      vertex   6.000000e+00 -2.000000e+00 1.576667e+02
      vertex   1.000000e+00 -5.000000e+00 1.576667e+02
      vertex   6.000000e+00 -5.000000e+00 1.576667e+02
    endloop
  endfacet
  facet normal 4.434806e-17 9.986295e-01 5.233596e-02
    outer loop
      vertex   6.000000e+00 1.000000e+00 1.546667e+02
      vertex   1.000000e+00 1.000000e+00 1.546667e+02
      vertex   6.000000e+00 9.835657e-01 1.549803e+02
    endloop
  endfacet
  facet normal 0.000000e+00 9.986295e-01 5.233596e-02
    outer loop
      vertex   6.000000e+00 9.835657e-01 1.549803e+02
      vertex   1.000000e+00 1.000000e+00 1.546667e+02
      vertex   1.000000e+00 9.835657e-01 1.549803e+02
    endloop
  endfacet
  facet normal 0.000000e+00 9.876883e-01 1.564345e-01
    outer loop
      vertex   6.000000e+00 9.835657e-01 1.549803e+02
      vertex   1.000000e+00 9.835657e-01 1.549803e+02
      vertex   6.000000e+00 9.344428e-01 1.552904e+02
    endloop
  endfacet
  facet normal 0.000000e+00 9.876883e-01 1.564345e-01
    outer loop
      vertex   6.000000e+00 9.344428e-01 1.552904e+02
      vertex   1.000000e+00 9.835657e-01 1.549803e+02
      vertex   1.000000e+00 9.344428e-01 1.552904e+02
    endloop
  endfacet
  facet normal 0.000000e+00 9.659258e-01 2.588190e-01
    outer loop
      vertex   6.000000e+00 9.344428e-01 1.552904e+02
      vertex   1.000000e+00 9.344428e-01 1.552904e+02
      vertex   6.000000e+00 8.531696e-01 1.555937e+02
    endloop
  endfacet
  facet normal 0.000000e+00 9.659258e-01 2.588190e-01
    outer loop
      vertex   6.000000e+00 8.531696e-01 1.555937e+02
      vertex   1.000000e+00 9.344428e-01 1.552904e+02
      vertex   1.000000e+00 8.531696e-01 1.555937e+02
    endloop
  endfacet
  facet normal 0.000000e+00 9.335804e-01 3.583679e-01
    outer loop
      vertex   6.000000e+00 8.531696e-01 1.555937e+02
      vertex   1.000000e+00 8.531696e-01 1.555937e+02
      vertex   6.000000e+00 7.406364e-01 1.558869e+02
    endloop
  endfacet
  facet normal 0.000000e+00 9.335804e-01 3.583679e-01
    outer loop
      vertex   6.000000e+00 7.406364e-01 1.558869e+02
      vertex   1.000000e+00 8.531696e-01 1.555937e+02
      vertex   1.000000e+00 7.406364e-01 1.558869e+02
    endloop
  endfacet
  facet normal 0.000000e+00 8.910065e-01 4.539905e-01
    outer loop
      vertex   6.000000e+00 7.406364e-01 1.558869e+02
      vertex   1.000000e+00 7.406364e-01 1.558869e+02
      vertex   6.000000e+00 5.980762e-01 1.561667e+02
    endloop
  endfacet
  facet normal 0.000000e+00 8.910065e-01 4.539905e-01
    outer loop
      vertex   6.000000e+00 5.980762e-01 1.561667e+02
      vertex   1.000000e+00 7.406364e-01 1.558869e+02
      vertex   1.000000e+00 5.980762e-01 1.561667e+02
    endloop
  endfacet
  facet normal 0.000000e+00 8.386706e-01 5.446390e-01
    outer loop
      vertex   6.000000e+00 5.980762e-01 1.561667e+02
      vertex   1.000000e+00 5.980762e-01 1.561667e+02
      vertex   6.000000e+00 4.270510e-01 1.564300e+02
    endloop
  endfacet
  facet normal -4.655557e-17 8.386706e-01 5.446390e-01
    outer loop
      vertex   6.000000e+00 4.270510e-01 1.564300e+02
      vertex   1.000000e+00 5.980762e-01 1.561667e+02
      vertex   1.000000e+00 4.270510e-01 1.564300e+02
    endloop
  endfacet
  facet normal -4.314027e-17 7.771460e-01 6.293204e-01
    outer loop
      vertex   6.000000e+00 4.270510e-01 1.564300e+02
      vertex   1.000000e+00 4.270510e-01 1.564300e+02
      vertex   6.000000e+00 2.294345e-01 1.566741e+02
    endloop
  endfacet
  facet normal -4.314027e-17 7.771460e-01 6.293204e-01
    outer loop
      vertex   6.000000e+00 2.294345e-01 1.566741e+02
      vertex   1.000000e+00 4.270510e-01 1.564300e+02
      vertex   1.000000e+00 2.294345e-01 1.566741e+02
    endloop
  endfacet
  facet normal -3.925231e-17 7.071068e-01 7.071068e-01
    outer loop
      vertex   6.000000e+00 2.294345e-01 1.566741e+02
      vertex   1.000000e+00 2.294345e-01 1.566741e+02
      vertex   6.000000e+00 7.391829e-03 1.568961e+02
    endloop
  endfacet
  facet normal 3.980184e-15 7.071068e-01 7.071068e-01
    outer loop
      vertex   6.000000e+00 7.391829e-03 1.568961e+02
      vertex   1.000000e+00 2.294345e-01 1.566741e+02
      vertex   1.000000e+00 7.391829e-03 1.568961e+02
    endloop
  endfacet
  facet normal 4.382629e-15 6.293204e-01 7.771460e-01
    outer loop
      vertex   6.000000e+00 7.391829e-03 1.568961e+02
      vertex   1.000000e+00 7.391829e-03 1.568961e+02
      vertex   6.000000e+00 -2.366442e-01 1.570937e+02
    endloop
  endfacet
  facet normal 0.000000e+00 6.293204e-01 7.771460e-01
    outer loop
      vertex   6.000000e+00 -2.366442e-01 1.570937e+02
      vertex   1.000000e+00 7.391829e-03 1.568961e+02
      vertex   1.000000e+00 -2.366442e-01 1.570937e+02
    endloop
  endfacet
  facet normal 0.000000e+00 5.446390e-01 8.386706e-01
    outer loop
      vertex   6.000000e+00 -2.366442e-01 1.570937e+02
      vertex   1.000000e+00 -2.366442e-01 1.570937e+02
      vertex   6.000000e+00 -5.000000e-01 1.572647e+02
    endloop
  endfacet
  facet normal 0.000000e+00 5.446390e-01 8.386706e-01
    outer loop
      vertex   6.000000e+00 -5.000000e-01 1.572647e+02
      vertex   1.000000e+00 -2.366442e-01 1.570937e+02
      vertex   1.000000e+00 -5.000000e-01 1.572647e+02
    endloop
  endfacet
  facet normal 0.000000e+00 4.539905e-01 8.910065e-01
    outer loop
      vertex   6.000000e+00 -5.000000e-01 1.572647e+02
      vertex   1.000000e+00 -5.000000e-01 1.572647e+02
      vertex   6.000000e+00 -7.797901e-01 1.574073e+02
    endloop
  endfacet
  facet normal -7.056430e-17 4.539905e-01 8.910065e-01
    outer loop
      vertex   6.000000e+00 -7.797901e-01 1.574073e+02
      vertex   1.000000e+00 -5.000000e-01 1.572647e+02
      vertex   1.000000e+00 -7.797901e-01 1.574073e+02
    endloop
  endfacet
  facet normal -5.570157e-17 3.583679e-01 9.335804e-01
    outer loop
      vertex   6.000000e+00 -7.797901e-01 1.574073e+02
      vertex   1.000000e+00 -7.797901e-01 1.574073e+02
      vertex   6.000000e+00 -1.072949e+00 1.575198e+02
    endloop
  endfacet
  facet normal -4.774420e-17 3.583679e-01 9.335804e-01
    outer loop
      vertex   6.000000e+00 -1.072949e+00 1.575198e+02
      vertex   1.000000e+00 -7.797901e-01 1.574073e+02
      vertex   1.000000e+00 -1.072949e+00 1.575198e+02
    endloop
  endfacet
  facet normal -3.448162e-17 2.588190e-01 9.659258e-01
    outer loop
      vertex   6.000000e+00 -1.072949e+00 1.575198e+02
      vertex   1.000000e+00 -1.072949e+00 1.575198e+02
      vertex   6.000000e+00 -1.376265e+00 1.576011e+02
    endloop
  endfacet
  facet normal 0.000000e+00 2.588190e-01 9.659258e-01
    outer loop
      vertex   6.000000e+00 -1.376265e+00 1.576011e+02
      vertex   1.000000e+00 -1.072949e+00 1.575198e+02
      vertex   1.000000e+00 -1.376265e+00 1.576011e+02
    endloop
  endfacet
  facet normal 0.000000e+00 1.564345e-01 9.876883e-01
    outer loop
      vertex   6.000000e+00 -1.376265e+00 1.576011e+02
      vertex   1.000000e+00 -1.376265e+00 1.576011e+02
      vertex   6.000000e+00 -1.686415e+00 1.576502e+02
    endloop
  endfacet
  facet normal -2.778834e-17 1.564345e-01 9.876883e-01
    outer loop
      vertex   6.000000e+00 -1.686415e+00 1.576502e+02
      vertex   1.000000e+00 -1.376265e+00 1.576011e+02
      vertex   1.000000e+00 -1.686415e+00 1.576502e+02
    endloop
  endfacet
  facet normal -9.296733e-18 5.233596e-02 9.986295e-01
    outer loop
      vertex   6.000000e+00 -1.686415e+00 1.576502e+02
      vertex   1.000000e+00 -1.686415e+00 1.576502e+02
      vertex   6.000000e+00 -2.000000e+00 1.576667e+02
    endloop
  endfacet
  facet normal 0.000000e+00 5.233596e-02 9.986295e-01
    outer loop
      vertex   6.000000e+00 -2.000000e+00 1.576667e+02
      vertex   1.000000e+00 -1.686415e+00 1.576502e+02
      vertex   1.000000e+00 -2.000000e+00 1.576667e+02
    endloop
  endfacet
  facet normal -4.440892e-17 1.000000e+00 -6.876220e-16
    outer loop
      vertex   1.000000e+00 1.000000e+00 1.443333e+02
      vertex   1.000000e+00 1.000000e+00 1.546667e+02
      vertex   6.000000e+00 1.000000e+00 1.443333e+02
    endloop
  endfacet
  facet normal 4.440892e-17 1.000000e+00 -6.446456e-16
    outer loop
      vertex   6.000000e+00 1.000000e+00 1.443333e+02
      vertex   1.000000e+00 1.000000e+00 1.546667e+02
      vertex   6.000000e+00 1.000000e+00 1.546667e+02
    endloop
  endfacet
  facet normal 0.000000e+00 5.233596e-02 -9.986295e-01
    outer loop
      vertex   6.000000e+00 -2.000000e+00 1.413333e+02
      vertex   1.000000e+00 -2.000000e+00 1.413333e+02
      vertex   6.000000e+00 -1.686415e+00 1.413498e+02
    endloop
  endfacet
  facet normal 2.324183e-18 5.233596e-02 -9.986295e-01
    outer loop
      vertex   6.000000e+00 -1.686415e+00 1.413498e+02
      vertex   1.000000e+00 -2.000000e+00 1.413333e+02
      vertex   1.000000e+00 -1.686415e+00 1.413498e+02
    endloop
  endfacet
  facet normal 6.947086e-18 1.564345e-01 -9.876883e-01
    outer loop
      vertex   6.000000e+00 -1.686415e+00 1.413498e+02
      vertex   1.000000e+00 -1.686415e+00 1.413498e+02
      vertex   6.000000e+00 -1.376265e+00 1.413989e+02
    endloop
  endfacet
  facet normal 1.389417e-17 1.564345e-01 -9.876883e-01
    outer loop
      vertex   6.000000e+00 -1.376265e+00 1.413989e+02
      vertex   1.000000e+00 -1.686415e+00 1.413498e+02
      vertex   1.000000e+00 -1.376265e+00 1.413989e+02
    endloop
  endfacet
  facet normal 2.298775e-17 2.588190e-01 -9.659258e-01
    outer loop
      vertex   6.000000e+00 -1.376265e+00 1.413989e+02
      vertex   1.000000e+00 -1.376265e+00 1.413989e+02
      vertex   6.000000e+00 -1.072949e+00 1.414802e+02
    endloop
  endfacet
  facet normal 0.000000e+00 2.588190e-01 -9.659258e-01
    outer loop
      vertex   6.000000e+00 -1.072949e+00 1.414802e+02
      vertex   1.000000e+00 -1.376265e+00 1.413989e+02
      vertex   1.000000e+00 -1.072949e+00 1.414802e+02
    endloop
  endfacet
  facet normal 0.000000e+00 3.583679e-01 -9.335804e-01
    outer loop
      vertex   6.000000e+00 -1.072949e+00 1.414802e+02
      vertex   1.000000e+00 -1.072949e+00 1.414802e+02
      vertex   6.000000e+00 -7.797901e-01 1.415927e+02
    endloop
  endfacet
  facet normal 3.182947e-17 3.583679e-01 -9.335804e-01
    outer loop
      vertex   6.000000e+00 -7.797901e-01 1.415927e+02
      vertex   1.000000e+00 -1.072949e+00 1.414802e+02
      vertex   1.000000e+00 -7.797901e-01 1.415927e+02
    endloop
  endfacet
  facet normal 4.032246e-17 4.539905e-01 -8.910065e-01
    outer loop
      vertex   6.000000e+00 -7.797901e-01 1.415927e+02
      vertex   1.000000e+00 -7.797901e-01 1.415927e+02
      vertex   6.000000e+00 -5.000000e-01 1.417353e+02
    endloop
  endfacet
  facet normal 2.520154e-17 4.539905e-01 -8.910065e-01
    outer loop
      vertex   6.000000e+00 -5.000000e-01 1.417353e+02
      vertex   1.000000e+00 -7.797901e-01 1.415927e+02
      vertex   1.000000e+00 -5.000000e-01 1.417353e+02
    endloop
  endfacet
  facet normal 3.023354e-17 5.446390e-01 -8.386706e-01
    outer loop
      vertex   6.000000e+00 -5.000000e-01 1.417353e+02
      vertex   1.000000e+00 -5.000000e-01 1.417353e+02
      vertex   6.000000e+00 -2.366442e-01 1.419063e+02
    endloop
  endfacet
  facet normal 0.000000e+00 5.446390e-01 -8.386706e-01
    outer loop
      vertex   6.000000e+00 -2.366442e-01 1.419063e+02
      vertex   1.000000e+00 -5.000000e-01 1.417353e+02
      vertex   1.000000e+00 -2.366442e-01 1.419063e+02
    endloop
  endfacet
  facet normal 0.000000e+00 6.293204e-01 -7.771460e-01
    outer loop
      vertex   6.000000e+00 -2.366442e-01 1.419063e+02
      vertex   1.000000e+00 -2.366442e-01 1.419063e+02
      vertex   6.000000e+00 7.391829e-03 1.421039e+02
    endloop
  endfacet
  facet normal 3.493430e-17 6.293204e-01 -7.771460e-01
    outer loop
      vertex   6.000000e+00 7.391829e-03 1.421039e+02
      vertex   1.000000e+00 -2.366442e-01 1.419063e+02
      vertex   1.000000e+00 7.391829e-03 1.421039e+02
    endloop
  endfacet
  facet normal 3.925231e-17 7.071068e-01 -7.071068e-01
    outer loop
      vertex   6.000000e+00 7.391829e-03 1.421039e+02
      vertex   1.000000e+00 7.391829e-03 1.421039e+02
      vertex   6.000000e+00 2.294345e-01 1.423259e+02
    endloop
  endfacet
  facet normal 3.925231e-17 7.071068e-01 -7.071068e-01
    outer loop
      vertex   6.000000e+00 2.294345e-01 1.423259e+02
      vertex   1.000000e+00 7.391829e-03 1.421039e+02
      vertex   1.000000e+00 2.294345e-01 1.423259e+02
    endloop
  endfacet
  facet normal 4.314027e-17 7.771460e-01 -6.293204e-01
    outer loop
      vertex   6.000000e+00 2.294345e-01 1.423259e+02
      vertex   1.000000e+00 2.294345e-01 1.423259e+02
      vertex   6.000000e+00 4.270510e-01 1.425700e+02
    endloop
  endfacet
  facet normal 0.000000e+00 7.771460e-01 -6.293204e-01
    outer loop
      vertex   6.000000e+00 4.270510e-01 1.425700e+02
      vertex   1.000000e+00 2.294345e-01 1.423259e+02
      vertex   1.000000e+00 4.270510e-01 1.425700e+02
    endloop
  endfacet
  facet normal 0.000000e+00 8.386706e-01 -5.446390e-01
    outer loop
      vertex   6.000000e+00 4.270510e-01 1.425700e+02
      vertex   1.000000e+00 4.270510e-01 1.425700e+02
      vertex   6.000000e+00 5.980762e-01 1.428333e+02
    endloop
  endfacet
  facet normal -5.586668e-17 8.386706e-01 -5.446390e-01
    outer loop
      vertex   6.000000e+00 5.980762e-01 1.428333e+02
      vertex   1.000000e+00 4.270510e-01 1.425700e+02
      vertex   1.000000e+00 5.980762e-01 1.428333e+02
    endloop
  endfacet
  facet normal -5.935296e-17 8.910065e-01 -4.539905e-01
    outer loop
      vertex   6.000000e+00 5.980762e-01 1.428333e+02
      vertex   1.000000e+00 5.980762e-01 1.428333e+02
      vertex   6.000000e+00 7.406364e-01 1.431131e+02
    endloop
  endfacet
  facet normal 0.000000e+00 8.910065e-01 -4.539905e-01
    outer loop
      vertex   6.000000e+00 7.406364e-01 1.431131e+02
      vertex   1.000000e+00 5.980762e-01 1.428333e+02
      vertex   1.000000e+00 7.406364e-01 1.431131e+02
    endloop
  endfacet
  facet normal 0.000000e+00 9.335804e-01 -3.583679e-01
    outer loop
      vertex   6.000000e+00 7.406364e-01 1.431131e+02
      vertex   1.000000e+00 7.406364e-01 1.431131e+02
      vertex   6.000000e+00 8.531696e-01 1.434063e+02
    endloop
  endfacet
  facet normal 0.000000e+00 9.335804e-01 -3.583679e-01
    outer loop
      vertex   6.000000e+00 8.531696e-01 1.434063e+02
      vertex   1.000000e+00 7.406364e-01 1.431131e+02
      vertex   1.000000e+00 8.531696e-01 1.434063e+02
    endloop
  endfacet
  facet normal 0.000000e+00 9.659258e-01 -2.588190e-01
    outer loop
      vertex   6.000000e+00 8.531696e-01 1.434063e+02
      vertex   1.000000e+00 8.531696e-01 1.434063e+02
      vertex   6.000000e+00 9.344428e-01 1.437096e+02
    endloop
  endfacet
  facet normal 0.000000e+00 9.659258e-01 -2.588190e-01
    outer loop
      vertex   6.000000e+00 9.344428e-01 1.437096e+02
      vertex   1.000000e+00 8.531696e-01 1.434063e+02
      vertex   1.000000e+00 9.344428e-01 1.437096e+02
    endloop
  endfacet
  facet normal 0.000000e+00 9.876883e-01 -1.564345e-01
    outer loop
      vertex   6.000000e+00 9.344428e-01 1.437096e+02
      vertex   1.000000e+00 9.344428e-01 1.437096e+02
      vertex   6.000000e+00 9.835657e-01 1.440197e+02
    endloop
  endfacet
  facet normal 0.000000e+00 9.876883e-01 -1.564345e-01
    outer loop
      vertex   6.000000e+00 9.835657e-01 1.440197e+02
      vertex   1.000000e+00 9.344428e-01 1.437096e+02
      vertex   1.000000e+00 9.835657e-01 1.440197e+02
    endloop
  endfacet
  facet normal 0.000000e+00 9.986295e-01 -5.233596e-02
    outer loop
      vertex   6.000000e+00 9.835657e-01 1.440197e+02
      vertex   1.000000e+00 9.835657e-01 1.440197e+02
      vertex   6.000000e+00 1.000000e+00 1.443333e+02
    endloop
  endfacet
  facet normal -4.434806e-17 9.986295e-01 -5.233596e-02
    outer loop
      vertex   6.000000e+00 1.000000e+00 1.443333e+02
      vertex   1.000000e+00 9.835657e-01 1.440197e+02
      vertex   1.000000e+00 1.000000e+00 1.443333e+02
    endloop
  endfacet
  facet normal 0.000000e+00 0.000000e+00 -1.000000e+00
    outer loop
      vertex   1.000000e+00 -5.000000e+00 1.413333e+02
      vertex   1.000000e+00 -2.000000e+00 1.413333e+02
      vertex   6.000000e+00 -5.000000e+00 1.413333e+02
    endloop
  endfacet
  facet normal 0.000000e+00 0.000000e+00 -1.000000e+00
    outer loop
      vertex   6.000000e+00 -5.000000e+00 1.413333e+02
      vertex   1.000000e+00 -2.000000e+00 1.413333e+02
      vertex   6.000000e+00 -2.000000e+00 1.413333e+02
    endloop
  endfacet
  facet normal 1.000000e+00 -0.000000e+00 0.000000e+00
    outer loop
      vertex   6.000000e+00 -5.000000e+00 1.423333e+02
      vertex   6.000000e+00 -5.000000e+00 1.413333e+02
      vertex   6.000000e+00 -2.000000e+00 1.423333e+02
    endloop
  endfacet
  facet normal 1.000000e+00 0.000000e+00 0.000000e+00
    outer loop
      vertex   6.000000e+00 -2.000000e+00 1.423333e+02
      vertex   6.000000e+00 -5.000000e+00 1.413333e+02
      vertex   6.000000e+00 -2.000000e+00 1.413333e+02
    endloop
  endfacet
  facet normal 1.000000e+00 -0.000000e+00 0.000000e+00
    outer loop
      vertex   6.000000e+00 -2.000000e+00 1.423333e+02
      vertex   6.000000e+00 -2.000000e+00 1.413333e+02
      vertex   6.000000e+00 -1.758927e+00 1.423479e+02
    endloop
  endfacet
  facet normal 1.000000e+00 0.000000e+00 0.000000e+00
    outer loop
      vertex   6.000000e+00 -1.758927e+00 1.423479e+02
      vertex   6.000000e+00 -2.000000e+00 1.413333e+02
      vertex   6.000000e+00 -1.686415e+00 1.413498e+02
    endloop
  endfacet
  facet normal 1.000000e+00 -0.000000e+00 0.000000e+00
    outer loop
      vertex   6.000000e+00 -1.758927e+00 1.423479e+02
      vertex   6.000000e+00 -1.686415e+00 1.413498e+02
      vertex   6.000000e+00 -1.521369e+00 1.423914e+02
    endloop
  endfacet
  facet normal 1.000000e+00 0.000000e+00 0.000000e+00
    outer loop
      vertex   6.000000e+00 -1.521369e+00 1.423914e+02
      vertex   6.000000e+00 -1.686415e+00 1.413498e+02
      vertex   6.000000e+00 -1.376265e+00 1.413989e+02
    endloop
  endfacet
  facet normal 1.000000e+00 -0.000000e+00 0.000000e+00
    outer loop
      vertex   6.000000e+00 -1.521369e+00 1.423914e+02
      vertex   6.000000e+00 -1.376265e+00 1.413989e+02
      vertex   6.000000e+00 -1.290790e+00 1.424633e+02
    endloop
  endfacet
  facet normal 1.000000e+00 0.000000e+00 0.000000e+00
    outer loop
      vertex   6.000000e+00 -1.290790e+00 1.424633e+02
      vertex   6.000000e+00 -1.376265e+00 1.413989e+02
      vertex   6.000000e+00 -1.072949e+00 1.414802e+02
    endloop
  endfacet
  facet normal 1.000000e+00 -0.000000e+00 0.000000e+00
    outer loop
      vertex   6.000000e+00 -1.290790e+00 1.424633e+02
      vertex   6.000000e+00 -1.072949e+00 1.414802e+02
      vertex   6.000000e+00 -1.070554e+00 1.425624e+02
    endloop
  endfacet
  facet normal 1.000000e+00 0.000000e+00 0.000000e+00
    outer loop
      vertex   6.000000e+00 -1.070554e+00 1.425624e+02
      vertex   6.000000e+00 -1.072949e+00 1.414802e+02
      vertex   6.000000e+00 -7.797901e-01 1.415927e+02
    endloop
  endfacet
  facet normal 1.000000e+00 -0.000000e+00 0.000000e+00
    outer loop
      vertex   6.000000e+00 -1.070554e+00 1.425624e+02
      vertex   6.000000e+00 -7.797901e-01 1.415927e+02
      vertex   6.000000e+00 -8.638705e-01 1.426874e+02
    endloop
  endfacet
  facet normal 1.000000e+00 -0.000000e+00 0.000000e+00
    outer loop
      vertex   6.000000e+00 -8.638705e-01 1.426874e+02
      vertex   6.000000e+00 -7.797901e-01 1.415927e+02
      vertex   6.000000e+00 -6.737547e-01 1.428363e+02
    endloop
  endfacet
  facet normal 1.000000e+00 0.000000e+00 0.000000e+00
    outer loop
      vertex   6.000000e+00 -6.737547e-01 1.428363e+02
      vertex   6.000000e+00 -7.797901e-01 1.415927e+02
      vertex   6.000000e+00 -5.000000e-01 1.417353e+02
    endloop
  endfacet
  facet normal 1.000000e+00 -0.000000e+00 0.000000e+00
    outer loop
      vertex   6.000000e+00 -6.737547e-01 1.428363e+02
      vertex   6.000000e+00 -5.000000e-01 1.417353e+02
      vertex   6.000000e+00 -5.029785e-01 1.430071e+02
    endloop
  endfacet
  facet normal 1.000000e+00 0.000000e+00 0.000000e+00
    outer loop
      vertex   6.000000e+00 -5.029785e-01 1.430071e+02
      vertex   6.000000e+00 -5.000000e-01 1.417353e+02
      vertex   6.000000e+00 -2.366442e-01 1.419063e+02
    endloop
  endfacet
  facet normal 1.000000e+00 -0.000000e+00 0.000000e+00
    outer loop
      vertex   6.000000e+00 -5.029785e-01 1.430071e+02
      vertex   6.000000e+00 -2.366442e-01 1.419063e+02
      vertex   6.000000e+00 -3.540323e-01 1.431972e+02
    endloop
  endfacet
  facet normal 1.000000e+00 0.000000e+00 0.000000e+00
    outer loop
      vertex   6.000000e+00 -3.540323e-01 1.431972e+02
      vertex   6.000000e+00 -2.366442e-01 1.419063e+02
      vertex   6.000000e+00 7.391829e-03 1.421039e+02
    endloop
  endfacet
  facet normal 1.000000e+00 -0.000000e+00 0.000000e+00
    outer loop
      vertex   6.000000e+00 -3.540323e-01 1.431972e+02
      vertex   6.000000e+00 7.391829e-03 1.421039e+02
      vertex   6.000000e+00 -2.290879e-01 1.434039e+02
    endloop
  endfacet
  facet normal 1.000000e+00 -0.000000e+00 0.000000e+00
    outer loop
      vertex   6.000000e+00 -2.290879e-01 1.434039e+02
      vertex   6.000000e+00 7.391829e-03 1.421039e+02
      vertex   6.000000e+00 -1.299675e-01 1.436241e+02
    endloop
  endfacet
  facet normal 1.000000e+00 0.000000e+00 0.000000e+00
    outer loop
      vertex   6.000000e+00 -1.299675e-01 1.436241e+02
      vertex   6.000000e+00 7.391829e-03 1.421039e+02
      vertex   6.000000e+00 2.294345e-01 1.423259e+02
    endloop
  endfacet
  facet normal 1.000000e+00 -0.000000e+00 0.000000e+00
    outer loop
      vertex   6.000000e+00 -1.299675e-01 1.436241e+02
      vertex   6.000000e+00 2.294345e-01 1.423259e+02
      vertex   6.000000e+00 -5.811637e-02 1.438547e+02
    endloop
  endfacet
  facet normal 1.000000e+00 0.000000e+00 0.000000e+00
    outer loop
      vertex   6.000000e+00 -5.811637e-02 1.438547e+02
      vertex   6.000000e+00 2.294345e-01 1.423259e+02
      vertex   6.000000e+00 4.270510e-01 1.425700e+02
    endloop
  endfacet
  facet normal 1.000000e+00 -0.000000e+00 0.000000e+00
    outer loop
      vertex   6.000000e+00 -5.811637e-02 1.438547e+02
      vertex   6.000000e+00 4.270510e-01 1.425700e+02
      vertex   6.000000e+00 -1.458225e-02 1.440923e+02
    endloop
  endfacet
  facet normal 1.000000e+00 0.000000e+00 0.000000e+00
    outer loop
      vertex   6.000000e+00 -1.458225e-02 1.440923e+02
      vertex   6.000000e+00 4.270510e-01 1.425700e+02
      vertex   6.000000e+00 5.980762e-01 1.428333e+02
    endloop
  endfacet
  facet normal 1.000000e+00 0.000000e+00 0.000000e+00
    outer loop
      vertex   6.000000e+00 -1.458225e-02 1.440923e+02
      vertex   6.000000e+00 5.980762e-01 1.428333e+02
      vertex   6.000000e+00 7.406364e-01 1.431131e+02
    endloop
  endfacet
  facet normal 1.000000e+00 -0.000000e+00 0.000000e+00
    outer loop
      vertex   6.000000e+00 -1.458225e-02 1.440923e+02
      vertex   6.000000e+00 7.406364e-01 1.431131e+02
      vertex   6.000000e+00 -8.881784e-15 1.443333e+02
    endloop
  endfacet
  facet normal 1.000000e+00 0.000000e+00 0.000000e+00
    outer loop
      vertex   6.000000e+00 -8.881784e-15 1.443333e+02
      vertex   6.000000e+00 7.406364e-01 1.431131e+02
      vertex   6.000000e+00 8.531696e-01 1.434063e+02
    endloop
  endfacet
  facet normal 1.000000e+00 0.000000e+00 0.000000e+00
    outer loop
      vertex   6.000000e+00 -8.881784e-15 1.443333e+02
      vertex   6.000000e+00 8.531696e-01 1.434063e+02
      vertex   6.000000e+00 9.344428e-01 1.437096e+02
    endloop
  endfacet
  facet normal 1.000000e+00 0.000000e+00 -0.000000e+00
    outer loop
      vertex   6.000000e+00 9.344428e-01 1.437096e+02
      vertex   6.000000e+00 9.835657e-01 1.440197e+02
      vertex   6.000000e+00 -8.881784e-15 1.443333e+02
    endloop
  endfacet
  facet normal 1.000000e+00 -0.000000e+00 0.000000e+00
    outer loop
      vertex   6.000000e+00 -8.881784e-15 1.443333e+02
      vertex   6.000000e+00 9.835657e-01 1.440197e+02
      vertex   6.000000e+00 1.000000e+00 1.443333e+02
    endloop
  endfacet
  facet normal 1.000000e+00 0.000000e+00 0.000000e+00
    outer loop
      vertex   6.000000e+00 -8.881784e-15 1.443333e+02
      vertex   6.000000e+00 1.000000e+00 1.443333e+02
      vertex   6.000000e+00 -2.220446e-15 1.546667e+02
    endloop
  endfacet
  facet normal 1.000000e+00 -0.000000e+00 0.000000e+00
    outer loop
      vertex   6.000000e+00 -2.220446e-15 1.546667e+02
      vertex   6.000000e+00 1.000000e+00 1.443333e+02
      vertex   6.000000e+00 1.000000e+00 1.546667e+02
    endloop
  endfacet
  facet normal 1.000000e+00 0.000000e+00 0.000000e+00
    outer loop
      vertex   6.000000e+00 -2.220446e-15 1.546667e+02
      vertex   6.000000e+00 1.000000e+00 1.546667e+02
      vertex   6.000000e+00 9.835657e-01 1.549803e+02
    endloop
  endfacet
  facet normal 1.000000e+00 0.000000e+00 0.000000e+00
    outer loop
      vertex   6.000000e+00 9.835657e-01 1.549803e+02
      vertex   6.000000e+00 9.344428e-01 1.552904e+02
      vertex   6.000000e+00 -2.220446e-15 1.546667e+02
    endloop
  endfacet
  facet normal 1.000000e+00 0.000000e+00 0.000000e+00
    outer loop
      vertex   6.000000e+00 -2.220446e-15 1.546667e+02
      vertex   6.000000e+00 9.344428e-01 1.552904e+02
      vertex   6.000000e+00 8.531696e-01 1.555937e+02
    endloop
  endfacet
  facet normal 1.000000e+00 0.000000e+00 0.000000e+00
    outer loop
      vertex   6.000000e+00 -2.220446e-15 1.546667e+02
      vertex   6.000000e+00 8.531696e-01 1.555937e+02
      vertex   6.000000e+00 7.406364e-01 1.558869e+02
    endloop
  endfacet
  facet normal 1.000000e+00 0.000000e+00 -0.000000e+00
    outer loop
      vertex   6.000000e+00 -2.220446e-15 1.546667e+02
      vertex   6.000000e+00 7.406364e-01 1.558869e+02
      vertex   6.000000e+00 -1.458225e-02 1.549077e+02
    endloop
  endfacet
  facet normal 1.000000e+00 0.000000e+00 0.000000e+00
    outer loop
      vertex   6.000000e+00 -1.458225e-02 1.549077e+02
      vertex   6.000000e+00 7.406364e-01 1.558869e+02
      vertex   6.000000e+00 5.980762e-01 1.561667e+02
    endloop
  endfacet
  facet normal 1.000000e+00 0.000000e+00 0.000000e+00
    outer loop
      vertex   6.000000e+00 -1.458225e-02 1.549077e+02
      vertex   6.000000e+00 5.980762e-01 1.561667e+02
      vertex   6.000000e+00 4.270510e-01 1.564300e+02
    endloop
  endfacet
  facet normal 1.000000e+00 0.000000e+00 -0.000000e+00
    outer loop
      vertex   6.000000e+00 -1.458225e-02 1.549077e+02
      vertex   6.000000e+00 4.270510e-01 1.564300e+02
      vertex   6.000000e+00 -5.811637e-02 1.551453e+02
    endloop
  endfacet
  facet normal 1.000000e+00 0.000000e+00 0.000000e+00
    outer loop
      vertex   6.000000e+00 -5.811637e-02 1.551453e+02
      vertex   6.000000e+00 4.270510e-01 1.564300e+02
      vertex   6.000000e+00 2.294345e-01 1.566741e+02
    endloop
  endfacet
  facet normal 1.000000e+00 0.000000e+00 -0.000000e+00
    outer loop
      vertex   6.000000e+00 -5.811637e-02 1.551453e+02
      vertex   6.000000e+00 2.294345e-01 1.566741e+02
      vertex   6.000000e+00 -1.299675e-01 1.553759e+02
    endloop
  endfacet
  facet normal 1.000000e+00 0.000000e+00 0.000000e+00
    outer loop
      vertex   6.000000e+00 -1.299675e-01 1.553759e+02
      vertex   6.000000e+00 2.294345e-01 1.566741e+02
      vertex   6.000000e+00 7.391829e-03 1.568961e+02
    endloop
  endfacet
  facet normal 1.000000e+00 0.000000e+00 -0.000000e+00
    outer loop
      vertex   6.000000e+00 -1.299675e-01 1.553759e+02
      vertex   6.000000e+00 7.391829e-03 1.568961e+02
      vertex   6.000000e+00 -2.290879e-01 1.555961e+02
    endloop
  endfacet
  facet normal 1.000000e+00 0.000000e+00 -0.000000e+00
    outer loop
      vertex   6.000000e+00 -2.290879e-01 1.555961e+02
      vertex   6.000000e+00 7.391829e-03 1.568961e+02
      vertex   6.000000e+00 -3.540323e-01 1.558028e+02
    endloop
  endfacet
  facet normal 1.000000e+00 0.000000e+00 0.000000e+00
    outer loop
      vertex   6.000000e+00 -3.540323e-01 1.558028e+02
      vertex   6.000000e+00 7.391829e-03 1.568961e+02
      vertex   6.000000e+00 -2.366442e-01 1.570937e+02
    endloop
  endfacet
  facet normal 1.000000e+00 0.000000e+00 -0.000000e+00
    outer loop
      vertex   6.000000e+00 -3.540323e-01 1.558028e+02
      vertex   6.000000e+00 -2.366442e-01 1.570937e+02
      vertex   6.000000e+00 -5.029785e-01 1.559929e+02
    endloop
  endfacet
  facet normal 1.000000e+00 0.000000e+00 0.000000e+00
    outer loop
      vertex   6.000000e+00 -5.029785e-01 1.559929e+02
      vertex   6.000000e+00 -2.366442e-01 1.570937e+02
      vertex   6.000000e+00 -5.000000e-01 1.572647e+02
    endloop
  endfacet
  facet normal 1.000000e+00 0.000000e+00 -0.000000e+00
    outer loop
      vertex   6.000000e+00 -5.029785e-01 1.559929e+02
      vertex   6.000000e+00 -5.000000e-01 1.572647e+02
      vertex   6.000000e+00 -6.737547e-01 1.561637e+02
    endloop
  endfacet
  facet normal 1.000000e+00 0.000000e+00 -0.000000e+00
    outer loop
      vertex   6.000000e+00 -6.737547e-01 1.561637e+02
      vertex   6.000000e+00 -5.000000e-01 1.572647e+02
      vertex   6.000000e+00 -7.797901e-01 1.574073e+02
    endloop
  endfacet
  facet normal 1.000000e+00 0.000000e+00 0.000000e+00
    outer loop
      vertex   6.000000e+00 -6.737547e-01 1.561637e+02
      vertex   6.000000e+00 -7.797901e-01 1.574073e+02
      vertex   6.000000e+00 -8.638705e-01 1.563126e+02
    endloop
  endfacet
  facet normal 1.000000e+00 0.000000e+00 -0.000000e+00
    outer loop
      vertex   6.000000e+00 -8.638705e-01 1.563126e+02
      vertex   6.000000e+00 -7.797901e-01 1.574073e+02
      vertex   6.000000e+00 -1.070554e+00 1.564376e+02
    endloop
  endfacet
  facet normal 1.000000e+00 0.000000e+00 -0.000000e+00
    outer loop
      vertex   6.000000e+00 -1.070554e+00 1.564376e+02
      vertex   6.000000e+00 -7.797901e-01 1.574073e+02
      vertex   6.000000e+00 -1.072949e+00 1.575198e+02
    endloop
  endfacet
  facet normal 1.000000e+00 0.000000e+00 0.000000e+00
    outer loop
      vertex   6.000000e+00 -1.070554e+00 1.564376e+02
      vertex   6.000000e+00 -1.072949e+00 1.575198e+02
      vertex   6.000000e+00 -1.290790e+00 1.565367e+02
    endloop
  endfacet
  facet normal 1.000000e+00 0.000000e+00 -0.000000e+00
    outer loop
      vertex   6.000000e+00 -1.290790e+00 1.565367e+02
      vertex   6.000000e+00 -1.072949e+00 1.575198e+02
      vertex   6.000000e+00 -1.376265e+00 1.576011e+02
    endloop
  endfacet
  facet normal 1.000000e+00 0.000000e+00 0.000000e+00
    outer loop
      vertex   6.000000e+00 -1.290790e+00 1.565367e+02
      vertex   6.000000e+00 -1.376265e+00 1.576011e+02
      vertex   6.000000e+00 -1.521369e+00 1.566086e+02
    endloop
  endfacet
  facet normal 1.000000e+00 0.000000e+00 -0.000000e+00
    outer loop
      vertex   6.000000e+00 -1.521369e+00 1.566086e+02
      vertex   6.000000e+00 -1.376265e+00 1.576011e+02
      vertex   6.000000e+00 -1.686415e+00 1.576502e+02
    endloop
  endfacet
  facet normal 1.000000e+00 0.000000e+00 0.000000e+00
    outer loop
      vertex   6.000000e+00 -1.521369e+00 1.566086e+02
      vertex   6.000000e+00 -1.686415e+00 1.576502e+02
      vertex   6.000000e+00 -1.758927e+00 1.566521e+02
    endloop
  endfacet
  facet normal 1.000000e+00 0.000000e+00 -0.000000e+00
    outer loop
      vertex   6.000000e+00 -1.758927e+00 1.566521e+02
      vertex   6.000000e+00 -1.686415e+00 1.576502e+02
      vertex   6.000000e+00 -2.000000e+00 1.576667e+02
    endloop
  endfacet
  facet normal 1.000000e+00 0.000000e+00 0.000000e+00
    outer loop
      vertex   6.000000e+00 -1.758927e+00 1.566521e+02
      vertex   6.000000e+00 -2.000000e+00 1.576667e+02
      vertex   6.000000e+00 -2.000000e+00 1.566667e+02
    endloop
  endfacet
  facet normal 1.000000e+00 0.000000e+00 0.000000e+00
    outer loop
      vertex   6.000000e+00 -2.000000e+00 1.566667e+02
      vertex   6.000000e+00 -2.000000e+00 1.576667e+02
      vertex   6.000000e+00 -5.000000e+00 1.566667e+02
    endloop
  endfacet
  facet normal 1.000000e+00 0.000000e+00 0.000000e+00
    outer loop
      vertex   6.000000e+00 -5.000000e+00 1.566667e+02
      vertex   6.000000e+00 -2.000000e+00 1.576667e+02
      vertex   6.000000e+00 -5.000000e+00 1.576667e+02
    endloop
  endfacet
  facet normal 0.000000e+00 -1.000000e+00 -0.000000e+00
    outer loop
      vertex   1.000000e+00 -5.000000e+00 1.413333e+02
      vertex   0.000000e+00 -5.000000e+00 1.383333e+02
      vertex   1.000000e+00 -5.000000e+00 1.393333e+02
    endloop
  endfacet
  facet normal 0.000000e+00 -1.000000e+00 -0.000000e+00
    outer loop
      vertex   1.000000e+00 -5.000000e+00 1.393333e+02
      vertex   0.000000e+00 -5.000000e+00 1.383333e+02
      vertex   6.000000e+00 -5.000000e+00 1.383333e+02
    endloop
  endfacet
  facet normal 0.000000e+00 -1.000000e+00 0.000000e+00
    outer loop
      vertex   1.000000e+00 -5.000000e+00 1.393333e+02
      vertex   6.000000e+00 -5.000000e+00 1.383333e+02
      vertex   6.000000e+00 -5.000000e+00 1.393333e+02
    endloop
  endfacet
  facet normal 0.000000e+00 -1.000000e+00 0.000000e+00
    outer loop
      vertex   6.000000e+00 -5.000000e+00 1.413333e+02
      vertex   6.000000e+00 -5.000000e+00 1.423333e+02
      vertex   1.000000e+00 -5.000000e+00 1.413333e+02
    endloop
  endfacet
  facet normal 0.000000e+00 -1.000000e+00 0.000000e+00
    outer loop
      vertex   1.000000e+00 -5.000000e+00 1.413333e+02
      vertex   6.000000e+00 -5.000000e+00 1.423333e+02
      vertex   0.000000e+00 -5.000000e+00 1.423333e+02
    endloop
  endfacet
  facet normal -0.000000e+00 -1.000000e+00 0.000000e+00
    outer loop
      vertex   1.000000e+00 -5.000000e+00 1.413333e+02
      vertex   0.000000e+00 -5.000000e+00 1.423333e+02
      vertex   0.000000e+00 -5.000000e+00 1.383333e+02
    endloop
  endfacet
  facet normal -4.440892e-17 1.000000e+00 -5.609548e-16
    outer loop
      vertex   1.000000e+00 1.000000e+00 1.810000e+02
      vertex   1.000000e+00 1.000000e+00 2.000000e+02
      vertex   6.000000e+00 1.000000e+00 1.810000e+02
    endloop
  endfacet
  facet normal 8.881784e-17 1.000000e+00 -5.258951e-16
    outer loop
      vertex   6.000000e+00 1.000000e+00 1.810000e+02
      vertex   1.000000e+00 1.000000e+00 2.000000e+02
      vertex   6.000000e+00 1.000000e+00 2.000000e+02
    endloop
  endfacet
  facet normal 0.000000e+00 5.233596e-02 -9.986295e-01
    outer loop
      vertex   6.000000e+00 -2.000000e+00 1.780000e+02
      vertex   1.000000e+00 -2.000000e+00 1.780000e+02
      vertex   6.000000e+00 -1.686415e+00 1.780164e+02
    endloop
  endfacet
  facet normal 4.648367e-18 5.233596e-02 -9.986295e-01
    outer loop
      vertex   6.000000e+00 -1.686415e+00 1.780164e+02
      vertex   1.000000e+00 -2.000000e+00 1.780000e+02
      vertex   1.000000e+00 -1.686415e+00 1.780164e+02
    endloop
  endfacet
  facet normal 1.389417e-17 1.564345e-01 -9.876883e-01
    outer loop
      vertex   6.000000e+00 -1.686415e+00 1.780164e+02
      vertex   1.000000e+00 -1.686415e+00 1.780164e+02
      vertex   6.000000e+00 -1.376265e+00 1.780656e+02
    endloop
  endfacet
  facet normal 6.947086e-18 1.564345e-01 -9.876883e-01
    outer loop
      vertex   6.000000e+00 -1.376265e+00 1.780656e+02
      vertex   1.000000e+00 -1.686415e+00 1.780164e+02
      vertex   1.000000e+00 -1.376265e+00 1.780656e+02
    endloop
  endfacet
  facet normal 1.149387e-17 2.588190e-01 -9.659258e-01
    outer loop
      vertex   6.000000e+00 -1.376265e+00 1.780656e+02
      vertex   1.000000e+00 -1.376265e+00 1.780656e+02
      vertex   6.000000e+00 -1.072949e+00 1.781468e+02
    endloop
  endfacet
  facet normal 0.000000e+00 2.588190e-01 -9.659258e-01
    outer loop
      vertex   6.000000e+00 -1.072949e+00 1.781468e+02
      vertex   1.000000e+00 -1.376265e+00 1.780656e+02
      vertex   1.000000e+00 -1.072949e+00 1.781468e+02
    endloop
  endfacet
  facet normal 0.000000e+00 3.583679e-01 -9.335804e-01
    outer loop
      vertex   6.000000e+00 -1.072949e+00 1.781468e+02
      vertex   1.000000e+00 -1.072949e+00 1.781468e+02
      vertex   6.000000e+00 -7.797901e-01 1.782594e+02
    endloop
  endfacet
  facet normal 3.182947e-17 3.583679e-01 -9.335804e-01
    outer loop
      vertex   6.000000e+00 -7.797901e-01 1.782594e+02
      vertex   1.000000e+00 -1.072949e+00 1.781468e+02
      vertex   1.000000e+00 -7.797901e-01 1.782594e+02
    endloop
  endfacet
  facet normal 4.032246e-17 4.539905e-01 -8.910065e-01
    outer loop
      vertex   6.000000e+00 -7.797901e-01 1.782594e+02
      vertex   1.000000e+00 -7.797901e-01 1.782594e+02
      vertex   6.000000e+00 -5.000000e-01 1.784019e+02
    endloop
  endfacet
  facet normal 2.520154e-17 4.539905e-01 -8.910065e-01
    outer loop
      vertex   6.000000e+00 -5.000000e-01 1.784019e+02
      vertex   1.000000e+00 -7.797901e-01 1.782594e+02
      vertex   1.000000e+00 -5.000000e-01 1.784019e+02
    endloop
  endfacet
  facet normal 3.023354e-17 5.446390e-01 -8.386706e-01
    outer loop
      vertex   6.000000e+00 -5.000000e-01 1.784019e+02
      vertex   1.000000e+00 -5.000000e-01 1.784019e+02
      vertex   6.000000e+00 -2.366442e-01 1.785729e+02
    endloop
  endfacet
  facet normal 0.000000e+00 5.446390e-01 -8.386706e-01
    outer loop
      vertex   6.000000e+00 -2.366442e-01 1.785729e+02
      vertex   1.000000e+00 -5.000000e-01 1.784019e+02
      vertex   1.000000e+00 -2.366442e-01 1.785729e+02
    endloop
  endfacet
  facet normal 0.000000e+00 6.293204e-01 -7.771460e-01
    outer loop
      vertex   6.000000e+00 -2.366442e-01 1.785729e+02
      vertex   1.000000e+00 -2.366442e-01 1.785729e+02
      vertex   6.000000e+00 7.391829e-03 1.787706e+02
    endloop
  endfacet
  facet normal 3.493430e-17 6.293204e-01 -7.771460e-01
    outer loop
      vertex   6.000000e+00 7.391829e-03 1.787706e+02
      vertex   1.000000e+00 -2.366442e-01 1.785729e+02
      vertex   1.000000e+00 7.391829e-03 1.787706e+02
    endloop
  endfacet
  facet normal 3.925231e-17 7.071068e-01 -7.071068e-01
    outer loop
      vertex   6.000000e+00 7.391829e-03 1.787706e+02
      vertex   1.000000e+00 7.391829e-03 1.787706e+02
      vertex   6.000000e+00 2.294345e-01 1.789926e+02
    endloop
  endfacet
  facet normal 3.925231e-17 7.071068e-01 -7.071068e-01
    outer loop
      vertex   6.000000e+00 2.294345e-01 1.789926e+02
      vertex   1.000000e+00 7.391829e-03 1.787706e+02
      vertex   1.000000e+00 2.294345e-01 1.789926e+02
    endloop
  endfacet
  facet normal 4.314027e-17 7.771460e-01 -6.293204e-01
    outer loop
      vertex   6.000000e+00 2.294345e-01 1.789926e+02
      vertex   1.000000e+00 2.294345e-01 1.789926e+02
      vertex   6.000000e+00 4.270510e-01 1.792366e+02
    endloop
  endfacet
  facet normal 0.000000e+00 7.771460e-01 -6.293204e-01
    outer loop
      vertex   6.000000e+00 4.270510e-01 1.792366e+02
      vertex   1.000000e+00 2.294345e-01 1.789926e+02
      vertex   1.000000e+00 4.270510e-01 1.792366e+02
    endloop
  endfacet
  facet normal 0.000000e+00 8.386706e-01 -5.446390e-01
    outer loop
      vertex   6.000000e+00 4.270510e-01 1.792366e+02
      vertex   1.000000e+00 4.270510e-01 1.792366e+02
      vertex   6.000000e+00 5.980762e-01 1.795000e+02
    endloop
  endfacet
  facet normal -3.151781e-15 8.386706e-01 -5.446390e-01
    outer loop
      vertex   6.000000e+00 5.980762e-01 1.795000e+02
      vertex   1.000000e+00 4.270510e-01 1.792366e+02
      vertex   1.000000e+00 5.980762e-01 1.795000e+02
    endloop
  endfacet
  facet normal -2.639990e-15 8.910065e-01 -4.539905e-01
    outer loop
      vertex   6.000000e+00 5.980762e-01 1.795000e+02
      vertex   1.000000e+00 5.980762e-01 1.795000e+02
      vertex   6.000000e+00 7.406364e-01 1.797798e+02
    endloop
  endfacet
  facet normal 0.000000e+00 8.910065e-01 -4.539905e-01
    outer loop
      vertex   6.000000e+00 7.406364e-01 1.797798e+02
      vertex   1.000000e+00 5.980762e-01 1.795000e+02
      vertex   1.000000e+00 7.406364e-01 1.797798e+02
    endloop
  endfacet
  facet normal 0.000000e+00 9.335804e-01 -3.583679e-01
    outer loop
      vertex   6.000000e+00 7.406364e-01 1.797798e+02
      vertex   1.000000e+00 7.406364e-01 1.797798e+02
      vertex   6.000000e+00 8.531696e-01 1.800729e+02
    endloop
  endfacet
  facet normal 0.000000e+00 9.335804e-01 -3.583679e-01
    outer loop
      vertex   6.000000e+00 8.531696e-01 1.800729e+02
      vertex   1.000000e+00 7.406364e-01 1.797798e+02
      vertex   1.000000e+00 8.531696e-01 1.800729e+02
    endloop
  endfacet
  facet normal 0.000000e+00 9.659258e-01 -2.588190e-01
    outer loop
      vertex   6.000000e+00 8.531696e-01 1.800729e+02
      vertex   1.000000e+00 8.531696e-01 1.800729e+02
      vertex   6.000000e+00 9.344428e-01 1.803763e+02
    endloop
  endfacet
  facet normal 0.000000e+00 9.659258e-01 -2.588190e-01
    outer loop
      vertex   6.000000e+00 9.344428e-01 1.803763e+02
      vertex   1.000000e+00 8.531696e-01 1.800729e+02
      vertex   1.000000e+00 9.344428e-01 1.803763e+02
    endloop
  endfacet
  facet normal 0.000000e+00 9.876883e-01 -1.564345e-01
    outer loop
      vertex   6.000000e+00 9.344428e-01 1.803763e+02
      vertex   1.000000e+00 9.344428e-01 1.803763e+02
      vertex   6.000000e+00 9.835657e-01 1.806864e+02
    endloop
  endfacet
  facet normal 0.000000e+00 9.876883e-01 -1.564345e-01
    outer loop
      vertex   6.000000e+00 9.835657e-01 1.806864e+02
      vertex   1.000000e+00 9.344428e-01 1.803763e+02
      vertex   1.000000e+00 9.835657e-01 1.806864e+02
    endloop
  endfacet
  facet normal 0.000000e+00 9.986295e-01 -5.233596e-02
    outer loop
      vertex   6.000000e+00 9.835657e-01 1.806864e+02
      vertex   1.000000e+00 9.835657e-01 1.806864e+02
      vertex   6.000000e+00 1.000000e+00 1.810000e+02
    endloop
  endfacet
  facet normal -4.434806e-17 9.986295e-01 -5.233596e-02
    outer loop
      vertex   6.000000e+00 1.000000e+00 1.810000e+02
      vertex   1.000000e+00 9.835657e-01 1.806864e+02
      vertex   1.000000e+00 1.000000e+00 1.810000e+02
    endloop
  endfacet
  facet normal 0.000000e+00 0.000000e+00 -1.000000e+00
    outer loop
      vertex   1.000000e+00 -5.000000e+00 1.780000e+02
      vertex   1.000000e+00 -2.000000e+00 1.780000e+02
      vertex   6.000000e+00 -5.000000e+00 1.780000e+02
    endloop
  endfacet
  facet normal 0.000000e+00 0.000000e+00 -1.000000e+00
    outer loop
      vertex   6.000000e+00 -5.000000e+00 1.780000e+02
      vertex   1.000000e+00 -2.000000e+00 1.780000e+02
      vertex   6.000000e+00 -2.000000e+00 1.780000e+02
    endloop
  endfacet
  facet normal 1.000000e+00 -0.000000e+00 0.000000e+00
    outer loop
      vertex   6.000000e+00 -5.000000e+00 1.790000e+02
      vertex   6.000000e+00 -5.000000e+00 1.780000e+02
      vertex   6.000000e+00 -2.000000e+00 1.790000e+02
    endloop
  endfacet
  facet normal 1.000000e+00 0.000000e+00 0.000000e+00
    outer loop
      vertex   6.000000e+00 -2.000000e+00 1.790000e+02
      vertex   6.000000e+00 -5.000000e+00 1.780000e+02
      vertex   6.000000e+00 -2.000000e+00 1.780000e+02
    endloop
  endfacet
  facet normal 1.000000e+00 -0.000000e+00 0.000000e+00
    outer loop
      vertex   6.000000e+00 -2.000000e+00 1.790000e+02
      vertex   6.000000e+00 -2.000000e+00 1.780000e+02
      vertex   6.000000e+00 -1.758927e+00 1.790146e+02
    endloop
  endfacet
  facet normal 1.000000e+00 0.000000e+00 0.000000e+00
    outer loop
      vertex   6.000000e+00 -1.758927e+00 1.790146e+02
      vertex   6.000000e+00 -2.000000e+00 1.780000e+02
      vertex   6.000000e+00 -1.686415e+00 1.780164e+02
    endloop
  endfacet
  facet normal 1.000000e+00 -0.000000e+00 0.000000e+00
    outer loop
      vertex   6.000000e+00 -1.758927e+00 1.790146e+02
      vertex   6.000000e+00 -1.686415e+00 1.780164e+02
      vertex   6.000000e+00 -1.521369e+00 1.790581e+02
    endloop
  endfacet
  facet normal 1.000000e+00 0.000000e+00 0.000000e+00
    outer loop
      vertex   6.000000e+00 -1.521369e+00 1.790581e+02
      vertex   6.000000e+00 -1.686415e+00 1.780164e+02
      vertex   6.000000e+00 -1.376265e+00 1.780656e+02
    endloop
  endfacet
  facet normal 1.000000e+00 -0.000000e+00 0.000000e+00
    outer loop
      vertex   6.000000e+00 -1.521369e+00 1.790581e+02
      vertex   6.000000e+00 -1.376265e+00 1.780656e+02
      vertex   6.000000e+00 -1.290790e+00 1.791300e+02
    endloop
  endfacet
  facet normal 1.000000e+00 0.000000e+00 0.000000e+00
    outer loop
      vertex   6.000000e+00 -1.290790e+00 1.791300e+02
      vertex   6.000000e+00 -1.376265e+00 1.780656e+02
      vertex   6.000000e+00 -1.072949e+00 1.781468e+02
    endloop
  endfacet
  facet normal 1.000000e+00 -0.000000e+00 0.000000e+00
    outer loop
      vertex   6.000000e+00 -1.290790e+00 1.791300e+02
      vertex   6.000000e+00 -1.072949e+00 1.781468e+02
      vertex   6.000000e+00 -1.070554e+00 1.792291e+02
    endloop
  endfacet
  facet normal 1.000000e+00 0.000000e+00 0.000000e+00
    outer loop
      vertex   6.000000e+00 -1.070554e+00 1.792291e+02
      vertex   6.000000e+00 -1.072949e+00 1.781468e+02
      vertex   6.000000e+00 -7.797901e-01 1.782594e+02
    endloop
  endfacet
  facet normal 1.000000e+00 -0.000000e+00 0.000000e+00
    outer loop
      vertex   6.000000e+00 -1.070554e+00 1.792291e+02
      vertex   6.000000e+00 -7.797901e-01 1.782594e+02
      vertex   6.000000e+00 -8.638705e-01 1.793540e+02
    endloop
  endfacet
  facet normal 1.000000e+00 -0.000000e+00 0.000000e+00
    outer loop
      vertex   6.000000e+00 -8.638705e-01 1.793540e+02
      vertex   6.000000e+00 -7.797901e-01 1.782594e+02
      vertex   6.000000e+00 -6.737547e-01 1.795030e+02
    endloop
  endfacet
  facet normal 1.000000e+00 0.000000e+00 0.000000e+00
    outer loop
      vertex   6.000000e+00 -6.737547e-01 1.795030e+02
      vertex   6.000000e+00 -7.797901e-01 1.782594e+02
      vertex   6.000000e+00 -5.000000e-01 1.784019e+02
    endloop
  endfacet
  facet normal 1.000000e+00 -0.000000e+00 0.000000e+00
    outer loop
      vertex   6.000000e+00 -6.737547e-01 1.795030e+02
      vertex   6.000000e+00 -5.000000e-01 1.784019e+02
      vertex   6.000000e+00 -5.029785e-01 1.796738e+02
    endloop
  endfacet
  facet normal 1.000000e+00 0.000000e+00 0.000000e+00
    outer loop
      vertex   6.000000e+00 -5.029785e-01 1.796738e+02
      vertex   6.000000e+00 -5.000000e-01 1.784019e+02
      vertex   6.000000e+00 -2.366442e-01 1.785729e+02
    endloop
  endfacet
  facet normal 1.000000e+00 -0.000000e+00 0.000000e+00
    outer loop
      vertex   6.000000e+00 -5.029785e-01 1.796738e+02
      vertex   6.000000e+00 -2.366442e-01 1.785729e+02
      vertex   6.000000e+00 -3.540323e-01 1.798639e+02
    endloop
  endfacet
  facet normal 1.000000e+00 -0.000000e+00 0.000000e+00
    outer loop
      vertex   6.000000e+00 -3.540323e-01 1.798639e+02
      vertex   6.000000e+00 -2.366442e-01 1.785729e+02
      vertex   6.000000e+00 -2.290879e-01 1.800706e+02
    endloop
  endfacet
  facet normal 1.000000e+00 0.000000e+00 0.000000e+00
    outer loop
      vertex   6.000000e+00 -2.290879e-01 1.800706e+02
      vertex   6.000000e+00 -2.366442e-01 1.785729e+02
      vertex   6.000000e+00 7.391829e-03 1.787706e+02
    endloop
  endfacet
  facet normal 1.000000e+00 -0.000000e+00 0.000000e+00
    outer loop
      vertex   6.000000e+00 -2.290879e-01 1.800706e+02
      vertex   6.000000e+00 7.391829e-03 1.787706e+02
      vertex   6.000000e+00 -1.299675e-01 1.802908e+02
    endloop
  endfacet
  facet normal 1.000000e+00 0.000000e+00 0.000000e+00
    outer loop
      vertex   6.000000e+00 -1.299675e-01 1.802908e+02
      vertex   6.000000e+00 7.391829e-03 1.787706e+02
      vertex   6.000000e+00 2.294345e-01 1.789926e+02
    endloop
  endfacet
  facet normal 1.000000e+00 -0.000000e+00 0.000000e+00
    outer loop
      vertex   6.000000e+00 -1.299675e-01 1.802908e+02
      vertex   6.000000e+00 2.294345e-01 1.789926e+02
      vertex   6.000000e+00 -5.811637e-02 1.805214e+02
    endloop
  endfacet
  facet normal 1.000000e+00 -0.000000e+00 0.000000e+00
    outer loop
      vertex   6.000000e+00 -5.811637e-02 1.805214e+02
      vertex   6.000000e+00 2.294345e-01 1.789926e+02
      vertex   6.000000e+00 -1.458225e-02 1.807589e+02
    endloop
  endfacet
  facet normal 1.000000e+00 0.000000e+00 0.000000e+00
    outer loop
      vertex   6.000000e+00 -1.458225e-02 1.807589e+02
      vertex   6.000000e+00 2.294345e-01 1.789926e+02
      vertex   6.000000e+00 4.270510e-01 1.792366e+02
    endloop
  endfacet
  facet normal 1.000000e+00 -0.000000e+00 0.000000e+00
    outer loop
      vertex   6.000000e+00 -1.458225e-02 1.807589e+02
      vertex   6.000000e+00 4.270510e-01 1.792366e+02
      vertex   6.000000e+00 -9.992007e-15 1.810000e+02
    endloop
  endfacet
  facet normal 1.000000e+00 0.000000e+00 0.000000e+00
    outer loop
      vertex   6.000000e+00 -9.992007e-15 1.810000e+02
      vertex   6.000000e+00 4.270510e-01 1.792366e+02
      vertex   6.000000e+00 5.980762e-01 1.795000e+02
    endloop
  endfacet
  facet normal 1.000000e+00 0.000000e+00 0.000000e+00
    outer loop
      vertex   6.000000e+00 -9.992007e-15 1.810000e+02
      vertex   6.000000e+00 5.980762e-01 1.795000e+02
      vertex   6.000000e+00 7.406364e-01 1.797798e+02
    endloop
  endfacet
  facet normal 1.000000e+00 0.000000e+00 -0.000000e+00
    outer loop
      vertex   6.000000e+00 7.406364e-01 1.797798e+02
      vertex   6.000000e+00 8.531696e-01 1.800729e+02
      vertex   6.000000e+00 -9.992007e-15 1.810000e+02
    endloop
  endfacet
  facet normal 1.000000e+00 -0.000000e+00 0.000000e+00
    outer loop
      vertex   6.000000e+00 -9.992007e-15 1.810000e+02
      vertex   6.000000e+00 8.531696e-01 1.800729e+02
      vertex   6.000000e+00 1.000000e+00 1.810000e+02
    endloop
  endfacet
  facet normal 1.000000e+00 0.000000e+00 0.000000e+00
    outer loop
      vertex   6.000000e+00 -9.992007e-15 1.810000e+02
      vertex   6.000000e+00 1.000000e+00 1.810000e+02
      vertex   6.000000e+00 0.000000e+00 2.000000e+02
    endloop
  endfacet
  facet normal 1.000000e+00 -0.000000e+00 0.000000e+00
    outer loop
      vertex   6.000000e+00 0.000000e+00 2.000000e+02
      vertex   6.000000e+00 1.000000e+00 1.810000e+02
      vertex   6.000000e+00 1.000000e+00 2.000000e+02
    endloop
  endfacet
  facet normal 1.000000e+00 0.000000e+00 0.000000e+00
    outer loop
      vertex   6.000000e+00 8.531696e-01 1.800729e+02
      vertex   6.000000e+00 9.344428e-01 1.803763e+02
      vertex   6.000000e+00 1.000000e+00 1.810000e+02
    endloop
  endfacet
  facet normal 1.000000e+00 0.000000e+00 0.000000e+00
    outer loop
      vertex   6.000000e+00 1.000000e+00 1.810000e+02
      vertex   6.000000e+00 9.344428e-01 1.803763e+02
      vertex   6.000000e+00 9.835657e-01 1.806864e+02
    endloop
  endfacet
  facet normal -0.000000e+00 -1.000000e+00 0.000000e+00
    outer loop
      vertex   6.000000e+00 -5.000000e+00 1.790000e+02
      vertex   0.000000e+00 -5.000000e+00 1.790000e+02
      vertex   1.000000e+00 -5.000000e+00 1.780000e+02
    endloop
  endfacet
  facet normal -0.000000e+00 -1.000000e+00 0.000000e+00
    outer loop
      vertex   1.000000e+00 -5.000000e+00 1.780000e+02
      vertex   0.000000e+00 -5.000000e+00 1.790000e+02
      vertex   0.000000e+00 -5.000000e+00 1.750000e+02
    endloop
  endfacet
  facet normal 0.000000e+00 -1.000000e+00 -0.000000e+00
    outer loop
      vertex   1.000000e+00 -5.000000e+00 1.780000e+02
      vertex   0.000000e+00 -5.000000e+00 1.750000e+02
      vertex   1.000000e+00 -5.000000e+00 1.760000e+02
    endloop
  endfacet
  facet normal 0.000000e+00 -1.000000e+00 -0.000000e+00
    outer loop
      vertex   1.000000e+00 -5.000000e+00 1.760000e+02
      vertex   0.000000e+00 -5.000000e+00 1.750000e+02
      vertex   6.000000e+00 -5.000000e+00 1.750000e+02
    endloop
  endfacet
  facet normal 0.000000e+00 -1.000000e+00 0.000000e+00
    outer loop
      vertex   1.000000e+00 -5.000000e+00 1.760000e+02
      vertex   6.000000e+00 -5.000000e+00 1.750000e+02
      vertex   6.000000e+00 -5.000000e+00 1.760000e+02
    endloop
  endfacet
  facet normal 0.000000e+00 -1.000000e+00 0.000000e+00
    outer loop
      vertex   1.000000e+00 -5.000000e+00 1.780000e+02
      vertex   6.000000e+00 -5.000000e+00 1.780000e+02
      vertex   6.000000e+00 -5.000000e+00 1.790000e+02
    endloop
  endfacet
  facet normal 0.000000e+00 0.000000e+00 -1.000000e+00
    outer loop
      vertex   1.000000e+00 -5.000000e+00 1.596667e+02
      vertex   1.000000e+00 -2.000000e+00 1.596667e+02
      vertex   6.000000e+00 -5.000000e+00 1.596667e+02
    endloop
  endfacet
  facet normal 0.000000e+00 0.000000e+00 -1.000000e+00
    outer loop
      vertex   6.000000e+00 -5.000000e+00 1.596667e+02
      vertex   1.000000e+00 -2.000000e+00 1.596667e+02
      vertex   6.000000e+00 -2.000000e+00 1.596667e+02
    endloop
  endfacet
  facet normal 0.000000e+00 5.233596e-02 -9.986295e-01
    outer loop
      vertex   6.000000e+00 -2.000000e+00 1.596667e+02
      vertex   1.000000e+00 -2.000000e+00 1.596667e+02
      vertex   6.000000e+00 -1.686415e+00 1.596831e+02
    endloop
  endfacet
  facet normal 2.324183e-18 5.233596e-02 -9.986295e-01
    outer loop
      vertex   6.000000e+00 -1.686415e+00 1.596831e+02
      vertex   1.000000e+00 -2.000000e+00 1.596667e+02
      vertex   1.000000e+00 -1.686415e+00 1.596831e+02
    endloop
  endfacet
  facet normal 6.947086e-18 1.564345e-01 -9.876883e-01
    outer loop
      vertex   6.000000e+00 -1.686415e+00 1.596831e+02
      vertex   1.000000e+00 -1.686415e+00 1.596831e+02
      vertex   6.000000e+00 -1.376265e+00 1.597322e+02
    endloop
  endfacet
  facet normal 6.947086e-18 1.564345e-01 -9.876883e-01
    outer loop
      vertex   6.000000e+00 -1.376265e+00 1.597322e+02
      vertex   1.000000e+00 -1.686415e+00 1.596831e+02
      vertex   1.000000e+00 -1.376265e+00 1.597322e+02
    endloop
  endfacet
  facet normal 1.149387e-17 2.588190e-01 -9.659258e-01
    outer loop
      vertex   6.000000e+00 -1.376265e+00 1.597322e+02
      vertex   1.000000e+00 -1.376265e+00 1.597322e+02
      vertex   6.000000e+00 -1.072949e+00 1.598135e+02
    endloop
  endfacet
  facet normal 0.000000e+00 2.588190e-01 -9.659258e-01
    outer loop
      vertex   6.000000e+00 -1.072949e+00 1.598135e+02
      vertex   1.000000e+00 -1.376265e+00 1.597322e+02
      vertex   1.000000e+00 -1.072949e+00 1.598135e+02
    endloop
  endfacet
  facet normal 0.000000e+00 3.583679e-01 -9.335804e-01
    outer loop
      vertex   6.000000e+00 -1.072949e+00 1.598135e+02
      vertex   1.000000e+00 -1.072949e+00 1.598135e+02
      vertex   6.000000e+00 -7.797901e-01 1.599260e+02
    endloop
  endfacet
  facet normal 2.387210e-17 3.583679e-01 -9.335804e-01
    outer loop
      vertex   6.000000e+00 -7.797901e-01 1.599260e+02
      vertex   1.000000e+00 -1.072949e+00 1.598135e+02
      vertex   1.000000e+00 -7.797901e-01 1.599260e+02
    endloop
  endfacet
  facet normal 3.024184e-17 4.539905e-01 -8.910065e-01
    outer loop
      vertex   6.000000e+00 -7.797901e-01 1.599260e+02
      vertex   1.000000e+00 -7.797901e-01 1.599260e+02
      vertex   6.000000e+00 -5.000000e-01 1.600686e+02
    endloop
  endfacet
  facet normal 2.520154e-17 4.539905e-01 -8.910065e-01
    outer loop
      vertex   6.000000e+00 -5.000000e-01 1.600686e+02
      vertex   1.000000e+00 -7.797901e-01 1.599260e+02
      vertex   1.000000e+00 -5.000000e-01 1.600686e+02
    endloop
  endfacet
  facet normal 3.023354e-17 5.446390e-01 -8.386706e-01
    outer loop
      vertex   6.000000e+00 -5.000000e-01 1.600686e+02
      vertex   1.000000e+00 -5.000000e-01 1.600686e+02
      vertex   6.000000e+00 -2.366442e-01 1.602396e+02
    endloop
  endfacet
  facet normal 0.000000e+00 5.446390e-01 -8.386706e-01
    outer loop
      vertex   6.000000e+00 -2.366442e-01 1.602396e+02
      vertex   1.000000e+00 -5.000000e-01 1.600686e+02
      vertex   1.000000e+00 -2.366442e-01 1.602396e+02
    endloop
  endfacet
  facet normal 0.000000e+00 6.293204e-01 -7.771460e-01
    outer loop
      vertex   6.000000e+00 -2.366442e-01 1.602396e+02
      vertex   1.000000e+00 -2.366442e-01 1.602396e+02
      vertex   6.000000e+00 7.391829e-03 1.604372e+02
    endloop
  endfacet
  facet normal 3.493430e-17 6.293204e-01 -7.771460e-01
    outer loop
      vertex   6.000000e+00 7.391829e-03 1.604372e+02
      vertex   1.000000e+00 -2.366442e-01 1.602396e+02
      vertex   1.000000e+00 7.391829e-03 1.604372e+02
    endloop
  endfacet
  facet normal 3.925231e-17 7.071068e-01 -7.071068e-01
    outer loop
      vertex   6.000000e+00 7.391829e-03 1.604372e+02
      vertex   1.000000e+00 7.391829e-03 1.604372e+02
      vertex   6.000000e+00 2.294345e-01 1.606593e+02
    endloop
  endfacet
  facet normal 3.925231e-17 7.071068e-01 -7.071068e-01
    outer loop
      vertex   6.000000e+00 2.294345e-01 1.606593e+02
      vertex   1.000000e+00 7.391829e-03 1.604372e+02
      vertex   1.000000e+00 2.294345e-01 1.606593e+02
    endloop
  endfacet
  facet normal 4.314027e-17 7.771460e-01 -6.293204e-01
    outer loop
      vertex   6.000000e+00 2.294345e-01 1.606593e+02
      vertex   1.000000e+00 2.294345e-01 1.606593e+02
      vertex   6.000000e+00 4.270510e-01 1.609033e+02
    endloop
  endfacet
  facet normal 0.000000e+00 7.771460e-01 -6.293204e-01
    outer loop
      vertex   6.000000e+00 4.270510e-01 1.609033e+02
      vertex   1.000000e+00 2.294345e-01 1.606593e+02
      vertex   1.000000e+00 4.270510e-01 1.609033e+02
    endloop
  endfacet
  facet normal 0.000000e+00 8.386706e-01 -5.446390e-01
    outer loop
      vertex   6.000000e+00 4.270510e-01 1.609033e+02
      vertex   1.000000e+00 4.270510e-01 1.609033e+02
      vertex   6.000000e+00 5.980762e-01 1.611667e+02
    endloop
  endfacet
  facet normal -6.191829e-15 8.386706e-01 -5.446390e-01
    outer loop
      vertex   6.000000e+00 5.980762e-01 1.611667e+02
      vertex   1.000000e+00 4.270510e-01 1.609033e+02
      vertex   1.000000e+00 5.980762e-01 1.611667e+02
    endloop
  endfacet
  facet normal -5.161274e-15 8.910065e-01 -4.539905e-01
    outer loop
      vertex   6.000000e+00 5.980762e-01 1.611667e+02
      vertex   1.000000e+00 5.980762e-01 1.611667e+02
      vertex   6.000000e+00 7.406364e-01 1.614465e+02
    endloop
  endfacet
  facet normal 0.000000e+00 8.910065e-01 -4.539905e-01
    outer loop
      vertex   6.000000e+00 7.406364e-01 1.614465e+02
      vertex   1.000000e+00 5.980762e-01 1.611667e+02
      vertex   1.000000e+00 7.406364e-01 1.614465e+02
    endloop
  endfacet
  facet normal 0.000000e+00 9.335804e-01 -3.583679e-01
    outer loop
      vertex   6.000000e+00 7.406364e-01 1.614465e+02
      vertex   1.000000e+00 7.406364e-01 1.614465e+02
      vertex   6.000000e+00 8.531696e-01 1.617396e+02
    endloop
  endfacet
  facet normal 0.000000e+00 9.335804e-01 -3.583679e-01
    outer loop
      vertex   6.000000e+00 8.531696e-01 1.617396e+02
      vertex   1.000000e+00 7.406364e-01 1.614465e+02
      vertex   1.000000e+00 8.531696e-01 1.617396e+02
    endloop
  endfacet
  facet normal 0.000000e+00 9.659258e-01 -2.588190e-01
    outer loop
      vertex   6.000000e+00 8.531696e-01 1.617396e+02
      vertex   1.000000e+00 8.531696e-01 1.617396e+02
      vertex   6.000000e+00 9.344428e-01 1.620429e+02
    endloop
  endfacet
  facet normal 0.000000e+00 9.659258e-01 -2.588190e-01
    outer loop
      vertex   6.000000e+00 9.344428e-01 1.620429e+02
      vertex   1.000000e+00 8.531696e-01 1.617396e+02
      vertex   1.000000e+00 9.344428e-01 1.620429e+02
    endloop
  endfacet
  facet normal 0.000000e+00 9.876883e-01 -1.564345e-01
    outer loop
      vertex   6.000000e+00 9.344428e-01 1.620429e+02
      vertex   1.000000e+00 9.344428e-01 1.620429e+02
      vertex   6.000000e+00 9.835657e-01 1.623531e+02
    endloop
  endfacet
  facet normal 0.000000e+00 9.876883e-01 -1.564345e-01
    outer loop
      vertex   6.000000e+00 9.835657e-01 1.623531e+02
      vertex   1.000000e+00 9.344428e-01 1.620429e+02
      vertex   1.000000e+00 9.835657e-01 1.623531e+02
    endloop
  endfacet
  facet normal 0.000000e+00 9.986295e-01 -5.233596e-02
    outer loop
      vertex   6.000000e+00 9.835657e-01 1.623531e+02
      vertex   1.000000e+00 9.835657e-01 1.623531e+02
      vertex   6.000000e+00 1.000000e+00 1.626667e+02
    endloop
  endfacet
  facet normal 8.869612e-17 9.986295e-01 -5.233596e-02
    outer loop
      vertex   6.000000e+00 1.000000e+00 1.626667e+02
      vertex   1.000000e+00 9.835657e-01 1.623531e+02
      vertex   1.000000e+00 1.000000e+00 1.626667e+02
    endloop
  endfacet
  facet normal 8.881784e-17 1.000000e+00 -7.091102e-16
    outer loop
      vertex   1.000000e+00 1.000000e+00 1.626667e+02
      vertex   1.000000e+00 1.000000e+00 1.730000e+02
      vertex   6.000000e+00 1.000000e+00 1.626667e+02
    endloop
  endfacet
  facet normal 0.000000e+00 1.000000e+00 -7.520866e-16
    outer loop
      vertex   6.000000e+00 1.000000e+00 1.626667e+02
      vertex   1.000000e+00 1.000000e+00 1.730000e+02
      vertex   6.000000e+00 1.000000e+00 1.730000e+02
    endloop
  endfacet
  facet normal 0.000000e+00 9.986295e-01 5.233596e-02
    outer loop
      vertex   6.000000e+00 1.000000e+00 1.730000e+02
      vertex   1.000000e+00 1.000000e+00 1.730000e+02
      vertex   6.000000e+00 9.835657e-01 1.733136e+02
    endloop
  endfacet
  facet normal 0.000000e+00 9.986295e-01 5.233596e-02
    outer loop
      vertex   6.000000e+00 9.835657e-01 1.733136e+02
      vertex   1.000000e+00 1.000000e+00 1.730000e+02
      vertex   1.000000e+00 9.835657e-01 1.733136e+02
    endloop
  endfacet
  facet normal 0.000000e+00 9.876883e-01 1.564345e-01
    outer loop
      vertex   6.000000e+00 9.835657e-01 1.733136e+02
      vertex   1.000000e+00 9.835657e-01 1.733136e+02
      vertex   6.000000e+00 9.344428e-01 1.736237e+02
    endloop
  endfacet
  facet normal 0.000000e+00 9.876883e-01 1.564345e-01
    outer loop
      vertex   6.000000e+00 9.344428e-01 1.736237e+02
      vertex   1.000000e+00 9.835657e-01 1.733136e+02
      vertex   1.000000e+00 9.344428e-01 1.736237e+02
    endloop
  endfacet
  facet normal 0.000000e+00 9.659258e-01 2.588190e-01
    outer loop
      vertex   6.000000e+00 9.344428e-01 1.736237e+02
      vertex   1.000000e+00 9.344428e-01 1.736237e+02
      vertex   6.000000e+00 8.531696e-01 1.739271e+02
    endloop
  endfacet
  facet normal 0.000000e+00 9.659258e-01 2.588190e-01
    outer loop
      vertex   6.000000e+00 8.531696e-01 1.739271e+02
      vertex   1.000000e+00 9.344428e-01 1.736237e+02
      vertex   1.000000e+00 8.531696e-01 1.739271e+02
    endloop
  endfacet
  facet normal 0.000000e+00 9.335804e-01 3.583679e-01
    outer loop
      vertex   6.000000e+00 8.531696e-01 1.739271e+02
      vertex   1.000000e+00 8.531696e-01 1.739271e+02
      vertex   6.000000e+00 7.406364e-01 1.742202e+02
    endloop
  endfacet
  facet normal 0.000000e+00 9.335804e-01 3.583679e-01
    outer loop
      vertex   6.000000e+00 7.406364e-01 1.742202e+02
      vertex   1.000000e+00 8.531696e-01 1.739271e+02
      vertex   1.000000e+00 7.406364e-01 1.742202e+02
    endloop
  endfacet
  facet normal 0.000000e+00 8.910065e-01 4.539905e-01
    outer loop
      vertex   6.000000e+00 7.406364e-01 1.742202e+02
      vertex   1.000000e+00 7.406364e-01 1.742202e+02
      vertex   6.000000e+00 5.980762e-01 1.745000e+02
    endloop
  endfacet
  facet normal 0.000000e+00 8.910065e-01 4.539905e-01
    outer loop
      vertex   6.000000e+00 5.980762e-01 1.745000e+02
      vertex   1.000000e+00 7.406364e-01 1.742202e+02
      vertex   1.000000e+00 5.980762e-01 1.745000e+02
    endloop
  endfacet
  facet normal 0.000000e+00 8.386706e-01 5.446390e-01
    outer loop
      vertex   6.000000e+00 5.980762e-01 1.745000e+02
      vertex   1.000000e+00 5.980762e-01 1.745000e+02
      vertex   6.000000e+00 4.270510e-01 1.747634e+02
    endloop
  endfacet
  facet normal 0.000000e+00 8.386706e-01 5.446390e-01
    outer loop
      vertex   6.000000e+00 4.270510e-01 1.747634e+02
      vertex   1.000000e+00 5.980762e-01 1.745000e+02
      vertex   1.000000e+00 4.270510e-01 1.747634e+02
    endloop
  endfacet
  facet normal 0.000000e+00 7.771460e-01 6.293204e-01
    outer loop
      vertex   6.000000e+00 4.270510e-01 1.747634e+02
      vertex   1.000000e+00 4.270510e-01 1.747634e+02
      vertex   6.000000e+00 2.294345e-01 1.750074e+02
    endloop
  endfacet
  facet normal -8.628053e-17 7.771460e-01 6.293204e-01
    outer loop
      vertex   6.000000e+00 2.294345e-01 1.750074e+02
      vertex   1.000000e+00 4.270510e-01 1.747634e+02
      vertex   1.000000e+00 2.294345e-01 1.750074e+02
    endloop
  endfacet
  facet normal -7.850462e-17 7.071068e-01 7.071068e-01
    outer loop
      vertex   6.000000e+00 2.294345e-01 1.750074e+02
      vertex   1.000000e+00 2.294345e-01 1.750074e+02
      vertex   6.000000e+00 7.391829e-03 1.752294e+02
    endloop
  endfacet
  facet normal 0.000000e+00 7.071068e-01 7.071068e-01
    outer loop
      vertex   6.000000e+00 7.391829e-03 1.752294e+02
      vertex   1.000000e+00 2.294345e-01 1.750074e+02
      vertex   1.000000e+00 7.391829e-03 1.752294e+02
    endloop
  endfacet
  facet normal 0.000000e+00 6.293204e-01 7.771460e-01
    outer loop
      vertex   6.000000e+00 7.391829e-03 1.752294e+02
      vertex   1.000000e+00 7.391829e-03 1.752294e+02
      vertex   6.000000e+00 -2.366442e-01 1.754271e+02
    endloop
  endfacet
  facet normal 0.000000e+00 6.293204e-01 7.771460e-01
    outer loop
      vertex   6.000000e+00 -2.366442e-01 1.754271e+02
      vertex   1.000000e+00 7.391829e-03 1.752294e+02
      vertex   1.000000e+00 -2.366442e-01 1.754271e+02
    endloop
  endfacet
  facet normal 0.000000e+00 5.446390e-01 8.386706e-01
    outer loop
      vertex   6.000000e+00 -2.366442e-01 1.754271e+02
      vertex   1.000000e+00 -2.366442e-01 1.754271e+02
      vertex   6.000000e+00 -5.000000e-01 1.755981e+02
    endloop
  endfacet
  facet normal -6.046708e-17 5.446390e-01 8.386706e-01
    outer loop
      vertex   6.000000e+00 -5.000000e-01 1.755981e+02
      vertex   1.000000e+00 -2.366442e-01 1.754271e+02
      vertex   1.000000e+00 -5.000000e-01 1.755981e+02
    endloop
  endfacet
  facet normal -5.040307e-17 4.539905e-01 8.910065e-01
    outer loop
      vertex   6.000000e+00 -5.000000e-01 1.755981e+02
      vertex   1.000000e+00 -5.000000e-01 1.755981e+02
      vertex   6.000000e+00 -7.797901e-01 1.757406e+02
    endloop
  endfacet
  facet normal -5.040307e-17 4.539905e-01 8.910065e-01
    outer loop
      vertex   6.000000e+00 -7.797901e-01 1.757406e+02
      vertex   1.000000e+00 -5.000000e-01 1.755981e+02
      vertex   1.000000e+00 -7.797901e-01 1.757406e+02
    endloop
  endfacet
  facet normal -3.978683e-17 3.583679e-01 9.335804e-01
    outer loop
      vertex   6.000000e+00 -7.797901e-01 1.757406e+02
      vertex   1.000000e+00 -7.797901e-01 1.757406e+02
      vertex   6.000000e+00 -1.072949e+00 1.758532e+02
    endloop
  endfacet
  facet normal 0.000000e+00 3.583679e-01 9.335804e-01
    outer loop
      vertex   6.000000e+00 -1.072949e+00 1.758532e+02
      vertex   1.000000e+00 -7.797901e-01 1.757406e+02
      vertex   1.000000e+00 -1.072949e+00 1.758532e+02
    endloop
  endfacet
  facet normal 0.000000e+00 2.588190e-01 9.659258e-01
    outer loop
      vertex   6.000000e+00 -1.072949e+00 1.758532e+02
      vertex   1.000000e+00 -1.072949e+00 1.758532e+02
      vertex   6.000000e+00 -1.376265e+00 1.759344e+02
    endloop
  endfacet
  facet normal 0.000000e+00 2.588190e-01 9.659258e-01
    outer loop
      vertex   6.000000e+00 -1.376265e+00 1.759344e+02
      vertex   1.000000e+00 -1.072949e+00 1.758532e+02
      vertex   1.000000e+00 -1.376265e+00 1.759344e+02
    endloop
  endfacet
  facet normal 0.000000e+00 1.564345e-01 9.876883e-01
    outer loop
      vertex   6.000000e+00 -1.376265e+00 1.759344e+02
      vertex   1.000000e+00 -1.376265e+00 1.759344e+02
      vertex   6.000000e+00 -1.686415e+00 1.759836e+02
    endloop
  endfacet
  facet normal -2.778834e-17 1.564345e-01 9.876883e-01
    outer loop
      vertex   6.000000e+00 -1.686415e+00 1.759836e+02
      vertex   1.000000e+00 -1.376265e+00 1.759344e+02
      vertex   1.000000e+00 -1.686415e+00 1.759836e+02
    endloop
  endfacet
  facet normal -9.296733e-18 5.233596e-02 9.986295e-01
    outer loop
      vertex   6.000000e+00 -1.686415e+00 1.759836e+02
      vertex   1.000000e+00 -1.686415e+00 1.759836e+02
      vertex   6.000000e+00 -2.000000e+00 1.760000e+02
    endloop
  endfacet
  facet normal -4.648367e-18 5.233596e-02 9.986295e-01
    outer loop
      vertex   6.000000e+00 -2.000000e+00 1.760000e+02
      vertex   1.000000e+00 -1.686415e+00 1.759836e+02
      vertex   1.000000e+00 -2.000000e+00 1.760000e+02
    endloop
  endfacet
  facet normal -0.000000e+00 0.000000e+00 1.000000e+00
    outer loop
      vertex   1.000000e+00 -2.000000e+00 1.760000e+02
      vertex   1.000000e+00 -5.000000e+00 1.760000e+02
      vertex   6.000000e+00 -2.000000e+00 1.760000e+02
    endloop
  endfacet
  facet normal 0.000000e+00 0.000000e+00 1.000000e+00
    outer loop
      vertex   6.000000e+00 -2.000000e+00 1.760000e+02
      vertex   1.000000e+00 -5.000000e+00 1.760000e+02
      vertex   6.000000e+00 -5.000000e+00 1.760000e+02
    endloop
  endfacet
  facet normal 1.000000e+00 -0.000000e+00 0.000000e+00
    outer loop
      vertex   6.000000e+00 -5.000000e+00 1.606667e+02
      vertex   6.000000e+00 -5.000000e+00 1.596667e+02
      vertex   6.000000e+00 -2.000000e+00 1.606667e+02
    endloop
  endfacet
  facet normal 1.000000e+00 0.000000e+00 0.000000e+00
    outer loop
      vertex   6.000000e+00 -2.000000e+00 1.606667e+02
      vertex   6.000000e+00 -5.000000e+00 1.596667e+02
      vertex   6.000000e+00 -2.000000e+00 1.596667e+02
    endloop
  endfacet
  facet normal 1.000000e+00 -0.000000e+00 0.000000e+00
    outer loop
      vertex   6.000000e+00 -2.000000e+00 1.606667e+02
      vertex   6.000000e+00 -2.000000e+00 1.596667e+02
      vertex   6.000000e+00 -1.758927e+00 1.606812e+02
    endloop
  endfacet
  facet normal 1.000000e+00 0.000000e+00 0.000000e+00
    outer loop
      vertex   6.000000e+00 -1.758927e+00 1.606812e+02
      vertex   6.000000e+00 -2.000000e+00 1.596667e+02
      vertex   6.000000e+00 -1.686415e+00 1.596831e+02
    endloop
  endfacet
  facet normal 1.000000e+00 -0.000000e+00 0.000000e+00
    outer loop
      vertex   6.000000e+00 -1.758927e+00 1.606812e+02
      vertex   6.000000e+00 -1.686415e+00 1.596831e+02
      vertex   6.000000e+00 -1.521369e+00 1.607248e+02
    endloop
  endfacet
  facet normal 1.000000e+00 0.000000e+00 0.000000e+00
    outer loop
      vertex   6.000000e+00 -1.521369e+00 1.607248e+02
      vertex   6.000000e+00 -1.686415e+00 1.596831e+02
      vertex   6.000000e+00 -1.376265e+00 1.597322e+02
    endloop
  endfacet
  facet normal 1.000000e+00 -0.000000e+00 0.000000e+00
    outer loop
      vertex   6.000000e+00 -1.521369e+00 1.607248e+02
      vertex   6.000000e+00 -1.376265e+00 1.597322e+02
      vertex   6.000000e+00 -1.290790e+00 1.607966e+02
    endloop
  endfacet
  facet normal 1.000000e+00 0.000000e+00 0.000000e+00
    outer loop
      vertex   6.000000e+00 -1.290790e+00 1.607966e+02
      vertex   6.000000e+00 -1.376265e+00 1.597322e+02
      vertex   6.000000e+00 -1.072949e+00 1.598135e+02
    endloop
  endfacet
  facet normal 1.000000e+00 -0.000000e+00 0.000000e+00
    outer loop
      vertex   6.000000e+00 -1.290790e+00 1.607966e+02
      vertex   6.000000e+00 -1.072949e+00 1.598135e+02
      vertex   6.000000e+00 -1.070554e+00 1.608958e+02
    endloop
  endfacet
  facet normal 1.000000e+00 0.000000e+00 0.000000e+00
    outer loop
      vertex   6.000000e+00 -1.070554e+00 1.608958e+02
      vertex   6.000000e+00 -1.072949e+00 1.598135e+02
      vertex   6.000000e+00 -7.797901e-01 1.599260e+02
    endloop
  endfacet
  facet normal 1.000000e+00 -0.000000e+00 0.000000e+00
    outer loop
      vertex   6.000000e+00 -1.070554e+00 1.608958e+02
      vertex   6.000000e+00 -7.797901e-01 1.599260e+02
      vertex   6.000000e+00 -8.638705e-01 1.610207e+02
    endloop
  endfacet
  facet normal 1.000000e+00 -0.000000e+00 0.000000e+00
    outer loop
      vertex   6.000000e+00 -8.638705e-01 1.610207e+02
      vertex   6.000000e+00 -7.797901e-01 1.599260e+02
      vertex   6.000000e+00 -6.737547e-01 1.611696e+02
    endloop
  endfacet
  facet normal 1.000000e+00 0.000000e+00 0.000000e+00
    outer loop
      vertex   6.000000e+00 -6.737547e-01 1.611696e+02
      vertex   6.000000e+00 -7.797901e-01 1.599260e+02
      vertex   6.000000e+00 -5.000000e-01 1.600686e+02
    endloop
  endfacet
  facet normal 1.000000e+00 -0.000000e+00 0.000000e+00
    outer loop
      vertex   6.000000e+00 -6.737547e-01 1.611696e+02
      vertex   6.000000e+00 -5.000000e-01 1.600686e+02
      vertex   6.000000e+00 -5.029785e-01 1.613404e+02
    endloop
  endfacet
  facet normal 1.000000e+00 0.000000e+00 0.000000e+00
    outer loop
      vertex   6.000000e+00 -5.029785e-01 1.613404e+02
      vertex   6.000000e+00 -5.000000e-01 1.600686e+02
      vertex   6.000000e+00 -2.366442e-01 1.602396e+02
    endloop
  endfacet
  facet normal 1.000000e+00 -0.000000e+00 0.000000e+00
    outer loop
      vertex   6.000000e+00 -5.029785e-01 1.613404e+02
      vertex   6.000000e+00 -2.366442e-01 1.602396e+02
      vertex   6.000000e+00 -3.540323e-01 1.615305e+02
    endloop
  endfacet
  facet normal 1.000000e+00 0.000000e+00 0.000000e+00
    outer loop
      vertex   6.000000e+00 -3.540323e-01 1.615305e+02
      vertex   6.000000e+00 -2.366442e-01 1.602396e+02
      vertex   6.000000e+00 7.391829e-03 1.604372e+02
    endloop
  endfacet
  facet normal 1.000000e+00 -0.000000e+00 0.000000e+00
    outer loop
      vertex   6.000000e+00 -3.540323e-01 1.615305e+02
      vertex   6.000000e+00 7.391829e-03 1.604372e+02
      vertex   6.000000e+00 -2.290879e-01 1.617372e+02
    endloop
  endfacet
  facet normal 1.000000e+00 -0.000000e+00 0.000000e+00
    outer loop
      vertex   6.000000e+00 -2.290879e-01 1.617372e+02
      vertex   6.000000e+00 7.391829e-03 1.604372e+02
      vertex   6.000000e+00 -1.299675e-01 1.619575e+02
    endloop
  endfacet
  facet normal 1.000000e+00 0.000000e+00 0.000000e+00
    outer loop
      vertex   6.000000e+00 -1.299675e-01 1.619575e+02
      vertex   6.000000e+00 7.391829e-03 1.604372e+02
      vertex   6.000000e+00 2.294345e-01 1.606593e+02
    endloop
  endfacet
  facet normal 1.000000e+00 -0.000000e+00 0.000000e+00
    outer loop
      vertex   6.000000e+00 -1.299675e-01 1.619575e+02
      vertex   6.000000e+00 2.294345e-01 1.606593e+02
      vertex   6.000000e+00 -5.811637e-02 1.621880e+02
    endloop
  endfacet
  facet normal 1.000000e+00 0.000000e+00 0.000000e+00
    outer loop
      vertex   6.000000e+00 -5.811637e-02 1.621880e+02
      vertex   6.000000e+00 2.294345e-01 1.606593e+02
      vertex   6.000000e+00 4.270510e-01 1.609033e+02
    endloop
  endfacet
  facet normal 1.000000e+00 -0.000000e+00 0.000000e+00
    outer loop
      vertex   6.000000e+00 -5.811637e-02 1.621880e+02
      vertex   6.000000e+00 4.270510e-01 1.609033e+02
      vertex   6.000000e+00 -1.458225e-02 1.624256e+02
    endloop
  endfacet
  facet normal 1.000000e+00 0.000000e+00 0.000000e+00
    outer loop
      vertex   6.000000e+00 -1.458225e-02 1.624256e+02
      vertex   6.000000e+00 4.270510e-01 1.609033e+02
      vertex   6.000000e+00 5.980762e-01 1.611667e+02
    endloop
  endfacet
  facet normal 1.000000e+00 0.000000e+00 0.000000e+00
    outer loop
      vertex   6.000000e+00 -1.458225e-02 1.624256e+02
      vertex   6.000000e+00 5.980762e-01 1.611667e+02
      vertex   6.000000e+00 7.406364e-01 1.614465e+02
    endloop
  endfacet
  facet normal 1.000000e+00 -0.000000e+00 0.000000e+00
    outer loop
      vertex   6.000000e+00 -1.458225e-02 1.624256e+02
      vertex   6.000000e+00 7.406364e-01 1.614465e+02
      vertex   6.000000e+00 -1.054712e-14 1.626667e+02
    endloop
  endfacet
  facet normal 1.000000e+00 0.000000e+00 0.000000e+00
    outer loop
      vertex   6.000000e+00 -1.054712e-14 1.626667e+02
      vertex   6.000000e+00 7.406364e-01 1.614465e+02
      vertex   6.000000e+00 8.531696e-01 1.617396e+02
    endloop
  endfacet
  facet normal 1.000000e+00 0.000000e+00 0.000000e+00
    outer loop
      vertex   6.000000e+00 -1.054712e-14 1.626667e+02
      vertex   6.000000e+00 8.531696e-01 1.617396e+02
      vertex   6.000000e+00 9.344428e-01 1.620429e+02
    endloop
  endfacet
  facet normal 1.000000e+00 0.000000e+00 -0.000000e+00
    outer loop
      vertex   6.000000e+00 9.344428e-01 1.620429e+02
      vertex   6.000000e+00 9.835657e-01 1.623531e+02
      vertex   6.000000e+00 -1.054712e-14 1.626667e+02
    endloop
  endfacet
  facet normal 1.000000e+00 -0.000000e+00 0.000000e+00
    outer loop
      vertex   6.000000e+00 -1.054712e-14 1.626667e+02
      vertex   6.000000e+00 9.835657e-01 1.623531e+02
      vertex   6.000000e+00 1.000000e+00 1.626667e+02
    endloop
  endfacet
  facet normal 1.000000e+00 0.000000e+00 0.000000e+00
    outer loop
      vertex   6.000000e+00 -1.054712e-14 1.626667e+02
      vertex   6.000000e+00 1.000000e+00 1.626667e+02
      vertex   6.000000e+00 -3.330669e-15 1.730000e+02
    endloop
  endfacet
  facet normal 1.000000e+00 -0.000000e+00 0.000000e+00
    outer loop
      vertex   6.000000e+00 -3.330669e-15 1.730000e+02
      vertex   6.000000e+00 1.000000e+00 1.626667e+02
      vertex   6.000000e+00 1.000000e+00 1.730000e+02
    endloop
  endfacet
  facet normal 1.000000e+00 0.000000e+00 0.000000e+00
    outer loop
      vertex   6.000000e+00 -3.330669e-15 1.730000e+02
      vertex   6.000000e+00 1.000000e+00 1.730000e+02
      vertex   6.000000e+00 9.835657e-01 1.733136e+02
    endloop
  endfacet
  facet normal 1.000000e+00 0.000000e+00 0.000000e+00
    outer loop
      vertex   6.000000e+00 9.835657e-01 1.733136e+02
      vertex   6.000000e+00 9.344428e-01 1.736237e+02
      vertex   6.000000e+00 -3.330669e-15 1.730000e+02
    endloop
  endfacet
  facet normal 1.000000e+00 0.000000e+00 0.000000e+00
    outer loop
      vertex   6.000000e+00 -3.330669e-15 1.730000e+02
      vertex   6.000000e+00 9.344428e-01 1.736237e+02
      vertex   6.000000e+00 8.531696e-01 1.739271e+02
    endloop
  endfacet
  facet normal 1.000000e+00 0.000000e+00 0.000000e+00
    outer loop
      vertex   6.000000e+00 -3.330669e-15 1.730000e+02
      vertex   6.000000e+00 8.531696e-01 1.739271e+02
      vertex   6.000000e+00 7.406364e-01 1.742202e+02
    endloop
  endfacet
  facet normal 1.000000e+00 0.000000e+00 -0.000000e+00
    outer loop
      vertex   6.000000e+00 -3.330669e-15 1.730000e+02
      vertex   6.000000e+00 7.406364e-01 1.742202e+02
      vertex   6.000000e+00 -1.458225e-02 1.732411e+02
    endloop
  endfacet
  facet normal 1.000000e+00 0.000000e+00 0.000000e+00
    outer loop
      vertex   6.000000e+00 -1.458225e-02 1.732411e+02
      vertex   6.000000e+00 7.406364e-01 1.742202e+02
      vertex   6.000000e+00 5.980762e-01 1.745000e+02
    endloop
  endfacet
  facet normal 1.000000e+00 0.000000e+00 0.000000e+00
    outer loop
      vertex   6.000000e+00 -1.458225e-02 1.732411e+02
      vertex   6.000000e+00 5.980762e-01 1.745000e+02
      vertex   6.000000e+00 4.270510e-01 1.747634e+02
    endloop
  endfacet
  facet normal 1.000000e+00 0.000000e+00 -0.000000e+00
    outer loop
      vertex   6.000000e+00 -1.458225e-02 1.732411e+02
      vertex   6.000000e+00 4.270510e-01 1.747634e+02
      vertex   6.000000e+00 -5.811637e-02 1.734786e+02
    endloop
  endfacet
  facet normal 1.000000e+00 0.000000e+00 0.000000e+00
    outer loop
      vertex   6.000000e+00 -5.811637e-02 1.734786e+02
      vertex   6.000000e+00 4.270510e-01 1.747634e+02
      vertex   6.000000e+00 2.294345e-01 1.750074e+02
    endloop
  endfacet
  facet normal 1.000000e+00 0.000000e+00 -0.000000e+00
    outer loop
      vertex   6.000000e+00 -5.811637e-02 1.734786e+02
      vertex   6.000000e+00 2.294345e-01 1.750074e+02
      vertex   6.000000e+00 -1.299675e-01 1.737092e+02
    endloop
  endfacet
  facet normal 1.000000e+00 0.000000e+00 0.000000e+00
    outer loop
      vertex   6.000000e+00 -1.299675e-01 1.737092e+02
      vertex   6.000000e+00 2.294345e-01 1.750074e+02
      vertex   6.000000e+00 7.391829e-03 1.752294e+02
    endloop
  endfacet
  facet normal 1.000000e+00 0.000000e+00 -0.000000e+00
    outer loop
      vertex   6.000000e+00 -1.299675e-01 1.737092e+02
      vertex   6.000000e+00 7.391829e-03 1.752294e+02
      vertex   6.000000e+00 -2.290879e-01 1.739294e+02
    endloop
  endfacet
  facet normal 1.000000e+00 0.000000e+00 -0.000000e+00
    outer loop
      vertex   6.000000e+00 -2.290879e-01 1.739294e+02
      vertex   6.000000e+00 7.391829e-03 1.752294e+02
      vertex   6.000000e+00 -3.540323e-01 1.741361e+02
    endloop
  endfacet
  facet normal 1.000000e+00 0.000000e+00 0.000000e+00
    outer loop
      vertex   6.000000e+00 -3.540323e-01 1.741361e+02
      vertex   6.000000e+00 7.391829e-03 1.752294e+02
      vertex   6.000000e+00 -2.366442e-01 1.754271e+02
    endloop
  endfacet
  facet normal 1.000000e+00 0.000000e+00 -0.000000e+00
    outer loop
      vertex   6.000000e+00 -3.540323e-01 1.741361e+02
      vertex   6.000000e+00 -2.366442e-01 1.754271e+02
      vertex   6.000000e+00 -5.029785e-01 1.743262e+02
    endloop
  endfacet
  facet normal 1.000000e+00 0.000000e+00 0.000000e+00
    outer loop
      vertex   6.000000e+00 -5.029785e-01 1.743262e+02
      vertex   6.000000e+00 -2.366442e-01 1.754271e+02
      vertex   6.000000e+00 -5.000000e-01 1.755981e+02
    endloop
  endfacet
  facet normal 1.000000e+00 0.000000e+00 -0.000000e+00
    outer loop
      vertex   6.000000e+00 -5.029785e-01 1.743262e+02
      vertex   6.000000e+00 -5.000000e-01 1.755981e+02
      vertex   6.000000e+00 -6.737547e-01 1.744970e+02
    endloop
  endfacet
  facet normal 1.000000e+00 0.000000e+00 -0.000000e+00
    outer loop
      vertex   6.000000e+00 -6.737547e-01 1.744970e+02
      vertex   6.000000e+00 -5.000000e-01 1.755981e+02
      vertex   6.000000e+00 -7.797901e-01 1.757406e+02
    endloop
  endfacet
  facet normal 1.000000e+00 0.000000e+00 0.000000e+00
    outer loop
      vertex   6.000000e+00 -6.737547e-01 1.744970e+02
      vertex   6.000000e+00 -7.797901e-01 1.757406e+02
      vertex   6.000000e+00 -8.638705e-01 1.746460e+02
    endloop
  endfacet
  facet normal 1.000000e+00 0.000000e+00 -0.000000e+00
    outer loop
      vertex   6.000000e+00 -8.638705e-01 1.746460e+02
      vertex   6.000000e+00 -7.797901e-01 1.757406e+02
      vertex   6.000000e+00 -1.070554e+00 1.747709e+02
    endloop
  endfacet
  facet normal 1.000000e+00 0.000000e+00 -0.000000e+00
    outer loop
      vertex   6.000000e+00 -1.070554e+00 1.747709e+02
      vertex   6.000000e+00 -7.797901e-01 1.757406e+02
      vertex   6.000000e+00 -1.072949e+00 1.758532e+02
    endloop
  endfacet
  facet normal 1.000000e+00 0.000000e+00 0.000000e+00
    outer loop
      vertex   6.000000e+00 -1.070554e+00 1.747709e+02
      vertex   6.000000e+00 -1.072949e+00 1.758532e+02
      vertex   6.000000e+00 -1.290790e+00 1.748700e+02
    endloop
  endfacet
  facet normal 1.000000e+00 0.000000e+00 -0.000000e+00
    outer loop
      vertex   6.000000e+00 -1.290790e+00 1.748700e+02
      vertex   6.000000e+00 -1.072949e+00 1.758532e+02
      vertex   6.000000e+00 -1.376265e+00 1.759344e+02
    endloop
  endfacet
  facet normal 1.000000e+00 0.000000e+00 0.000000e+00
    outer loop
      vertex   6.000000e+00 -1.290790e+00 1.748700e+02
      vertex   6.000000e+00 -1.376265e+00 1.759344e+02
      vertex   6.000000e+00 -1.521369e+00 1.749419e+02
    endloop
  endfacet
  facet normal 1.000000e+00 0.000000e+00 -0.000000e+00
    outer loop
      vertex   6.000000e+00 -1.521369e+00 1.749419e+02
      vertex   6.000000e+00 -1.376265e+00 1.759344e+02
      vertex   6.000000e+00 -1.686415e+00 1.759836e+02
    endloop
  endfacet
  facet normal 1.000000e+00 0.000000e+00 0.000000e+00
    outer loop
      vertex   6.000000e+00 -1.521369e+00 1.749419e+02
      vertex   6.000000e+00 -1.686415e+00 1.759836e+02
      vertex   6.000000e+00 -1.758927e+00 1.749854e+02
    endloop
  endfacet
  facet normal 1.000000e+00 0.000000e+00 -0.000000e+00
    outer loop
      vertex   6.000000e+00 -1.758927e+00 1.749854e+02
      vertex   6.000000e+00 -1.686415e+00 1.759836e+02
      vertex   6.000000e+00 -2.000000e+00 1.760000e+02
    endloop
  endfacet
  facet normal 1.000000e+00 0.000000e+00 0.000000e+00
    outer loop
      vertex   6.000000e+00 -1.758927e+00 1.749854e+02
      vertex   6.000000e+00 -2.000000e+00 1.760000e+02
      vertex   6.000000e+00 -2.000000e+00 1.750000e+02
    endloop
  endfacet
  facet normal 1.000000e+00 0.000000e+00 -0.000000e+00
    outer loop
      vertex   6.000000e+00 -2.000000e+00 1.750000e+02
      vertex   6.000000e+00 -2.000000e+00 1.760000e+02
      vertex   6.000000e+00 -5.000000e+00 1.750000e+02
    endloop
  endfacet
  facet normal 1.000000e+00 0.000000e+00 0.000000e+00
    outer loop
      vertex   6.000000e+00 -5.000000e+00 1.750000e+02
      vertex   6.000000e+00 -2.000000e+00 1.760000e+02
      vertex   6.000000e+00 -5.000000e+00 1.760000e+02
    endloop
  endfacet
  facet normal 0.000000e+00 -1.000000e+00 -0.000000e+00
    outer loop
      vertex   1.000000e+00 -5.000000e+00 1.596667e+02
      vertex   0.000000e+00 -5.000000e+00 1.566667e+02
      vertex   1.000000e+00 -5.000000e+00 1.576667e+02
    endloop
  endfacet
  facet normal 0.000000e+00 -1.000000e+00 -0.000000e+00
    outer loop
      vertex   1.000000e+00 -5.000000e+00 1.576667e+02
      vertex   0.000000e+00 -5.000000e+00 1.566667e+02
      vertex   6.000000e+00 -5.000000e+00 1.566667e+02
    endloop
  endfacet
  facet normal 0.000000e+00 -1.000000e+00 0.000000e+00
    outer loop
      vertex   1.000000e+00 -5.000000e+00 1.576667e+02
      vertex   6.000000e+00 -5.000000e+00 1.566667e+02
      vertex   6.000000e+00 -5.000000e+00 1.576667e+02
    endloop
  endfacet
  facet normal 0.000000e+00 -1.000000e+00 0.000000e+00
    outer loop
      vertex   6.000000e+00 -5.000000e+00 1.596667e+02
      vertex   6.000000e+00 -5.000000e+00 1.606667e+02
      vertex   1.000000e+00 -5.000000e+00 1.596667e+02
    endloop
  endfacet
  facet normal 0.000000e+00 -1.000000e+00 0.000000e+00
    outer loop
      vertex   1.000000e+00 -5.000000e+00 1.596667e+02
      vertex   6.000000e+00 -5.000000e+00 1.606667e+02
      vertex   0.000000e+00 -5.000000e+00 1.606667e+02
    endloop
  endfacet
  facet normal -0.000000e+00 -1.000000e+00 0.000000e+00
    outer loop
      vertex   1.000000e+00 -5.000000e+00 1.596667e+02
      vertex   0.000000e+00 -5.000000e+00 1.606667e+02
      vertex   0.000000e+00 -5.000000e+00 1.566667e+02
    endloop
  endfacet
  facet normal -1.000000e+00 0.000000e+00 0.000000e+00
    outer loop
      vertex   0.000000e+00 1.000000e+01 1.290000e+02
      vertex   0.000000e+00 -1.054712e-14 1.626667e+02
      vertex   0.000000e+00 1.000000e+01 2.000000e+02
    endloop
  endfacet
  facet normal -1.000000e+00 0.000000e+00 0.000000e+00
    outer loop
      vertex   0.000000e+00 1.000000e+01 2.000000e+02
      vertex   0.000000e+00 -1.054712e-14 1.626667e+02
      vertex   0.000000e+00 -3.330669e-15 1.730000e+02
    endloop
  endfacet
  facet normal -1.000000e+00 0.000000e+00 0.000000e+00
    outer loop
      vertex   0.000000e+00 1.000000e+01 2.000000e+02
      vertex   0.000000e+00 -3.330669e-15 1.730000e+02
      vertex   0.000000e+00 -1.026956e-14 1.810000e+02
    endloop
  endfacet
  facet normal -1.000000e+00 0.000000e+00 -0.000000e+00
    outer loop
      vertex   0.000000e+00 -1.026956e-14 1.810000e+02
      vertex   0.000000e+00 -3.330669e-15 1.730000e+02
      vertex   0.000000e+00 -1.458225e-02 1.732411e+02
    endloop
  endfacet
  facet normal -1.000000e+00 0.000000e+00 0.000000e+00
    outer loop
      vertex   0.000000e+00 -1.026956e-14 1.810000e+02
      vertex   0.000000e+00 -1.458225e-02 1.732411e+02
      vertex   0.000000e+00 -1.458225e-02 1.807589e+02
    endloop
  endfacet
  facet normal -1.000000e+00 0.000000e+00 -0.000000e+00
    outer loop
      vertex   0.000000e+00 -1.458225e-02 1.807589e+02
      vertex   0.000000e+00 -1.458225e-02 1.732411e+02
      vertex   0.000000e+00 -5.811637e-02 1.734786e+02
    endloop
  endfacet
  facet normal -1.000000e+00 0.000000e+00 0.000000e+00
    outer loop
      vertex   0.000000e+00 -1.458225e-02 1.807589e+02
      vertex   0.000000e+00 -5.811637e-02 1.734786e+02
      vertex   0.000000e+00 -5.811637e-02 1.805214e+02
    endloop
  endfacet
  facet normal -1.000000e+00 0.000000e+00 -0.000000e+00
    outer loop
      vertex   0.000000e+00 -5.811637e-02 1.805214e+02
      vertex   0.000000e+00 -5.811637e-02 1.734786e+02
      vertex   0.000000e+00 -1.299675e-01 1.802908e+02
    endloop
  endfacet
  facet normal -1.000000e+00 0.000000e+00 0.000000e+00
    outer loop
      vertex   0.000000e+00 -1.299675e-01 1.802908e+02
      vertex   0.000000e+00 -5.811637e-02 1.734786e+02
      vertex   0.000000e+00 -1.299675e-01 1.737092e+02
    endloop
  endfacet
  facet normal -1.000000e+00 0.000000e+00 -0.000000e+00
    outer loop
      vertex   0.000000e+00 -1.299675e-01 1.802908e+02
      vertex   0.000000e+00 -1.299675e-01 1.737092e+02
      vertex   0.000000e+00 -2.290879e-01 1.800706e+02
    endloop
  endfacet
  facet normal -1.000000e+00 0.000000e+00 0.000000e+00
    outer loop
      vertex   0.000000e+00 -2.290879e-01 1.800706e+02
      vertex   0.000000e+00 -1.299675e-01 1.737092e+02
      vertex   0.000000e+00 -2.290879e-01 1.739294e+02
    endloop
  endfacet
  facet normal -1.000000e+00 0.000000e+00 -0.000000e+00
    outer loop
      vertex   0.000000e+00 -2.290879e-01 1.800706e+02
      vertex   0.000000e+00 -2.290879e-01 1.739294e+02
      vertex   0.000000e+00 -3.540323e-01 1.798639e+02
    endloop
  endfacet
  facet normal -1.000000e+00 0.000000e+00 0.000000e+00
    outer loop
      vertex   0.000000e+00 -3.540323e-01 1.798639e+02
      vertex   0.000000e+00 -2.290879e-01 1.739294e+02
      vertex   0.000000e+00 -3.540323e-01 1.741361e+02
    endloop
  endfacet
  facet normal -1.000000e+00 0.000000e+00 -0.000000e+00
    outer loop
      vertex   0.000000e+00 -3.540323e-01 1.798639e+02
      vertex   0.000000e+00 -3.540323e-01 1.741361e+02
      vertex   0.000000e+00 -5.029785e-01 1.796738e+02
    endloop
  endfacet
  facet normal -1.000000e+00 0.000000e+00 0.000000e+00
    outer loop
      vertex   0.000000e+00 -5.029785e-01 1.796738e+02
      vertex   0.000000e+00 -3.540323e-01 1.741361e+02
      vertex   0.000000e+00 -5.029785e-01 1.743262e+02
    endloop
  endfacet
  facet normal -1.000000e+00 0.000000e+00 -0.000000e+00
    outer loop
      vertex   0.000000e+00 -5.029785e-01 1.796738e+02
      vertex   0.000000e+00 -5.029785e-01 1.743262e+02
      vertex   0.000000e+00 -6.737547e-01 1.795030e+02
    endloop
  endfacet
  facet normal -1.000000e+00 0.000000e+00 0.000000e+00
    outer loop
      vertex   0.000000e+00 -6.737547e-01 1.795030e+02
      vertex   0.000000e+00 -5.029785e-01 1.743262e+02
      vertex   0.000000e+00 -6.737547e-01 1.744970e+02
    endloop
  endfacet
  facet normal -1.000000e+00 0.000000e+00 -0.000000e+00
    outer loop
      vertex   0.000000e+00 -6.737547e-01 1.795030e+02
      vertex   0.000000e+00 -6.737547e-01 1.744970e+02
      vertex   0.000000e+00 -8.638705e-01 1.793540e+02
    endloop
  endfacet
  facet normal -1.000000e+00 0.000000e+00 0.000000e+00
    outer loop
      vertex   0.000000e+00 -8.638705e-01 1.793540e+02
      vertex   0.000000e+00 -6.737547e-01 1.744970e+02
      vertex   0.000000e+00 -8.638705e-01 1.746460e+02
    endloop
  endfacet
  facet normal -1.000000e+00 0.000000e+00 -0.000000e+00
    outer loop
      vertex   0.000000e+00 -8.638705e-01 1.793540e+02
      vertex   0.000000e+00 -8.638705e-01 1.746460e+02
      vertex   0.000000e+00 -1.070554e+00 1.792291e+02
    endloop
  endfacet
  facet normal -1.000000e+00 0.000000e+00 0.000000e+00
    outer loop
      vertex   0.000000e+00 -1.070554e+00 1.792291e+02
      vertex   0.000000e+00 -8.638705e-01 1.746460e+02
      vertex   0.000000e+00 -1.070554e+00 1.747709e+02
    endloop
  endfacet
  facet normal -1.000000e+00 0.000000e+00 -0.000000e+00
    outer loop
      vertex   0.000000e+00 -1.070554e+00 1.792291e+02
      vertex   0.000000e+00 -1.070554e+00 1.747709e+02
      vertex   0.000000e+00 -1.290790e+00 1.791300e+02
    endloop
  endfacet
  facet normal -1.000000e+00 0.000000e+00 0.000000e+00
    outer loop
      vertex   0.000000e+00 -1.290790e+00 1.791300e+02
      vertex   0.000000e+00 -1.070554e+00 1.747709e+02
      vertex   0.000000e+00 -1.290790e+00 1.748700e+02
    endloop
  endfacet
  facet normal -1.000000e+00 0.000000e+00 -0.000000e+00
    outer loop
      vertex   0.000000e+00 -1.290790e+00 1.791300e+02
      vertex   0.000000e+00 -1.290790e+00 1.748700e+02
      vertex   0.000000e+00 -1.521369e+00 1.790581e+02
    endloop
  endfacet
  facet normal -1.000000e+00 0.000000e+00 0.000000e+00
    outer loop
      vertex   0.000000e+00 -1.521369e+00 1.790581e+02
      vertex   0.000000e+00 -1.290790e+00 1.748700e+02
      vertex   0.000000e+00 -1.521369e+00 1.749419e+02
    endloop
  endfacet
  facet normal -1.000000e+00 0.000000e+00 -0.000000e+00
    outer loop
      vertex   0.000000e+00 -1.521369e+00 1.790581e+02
      vertex   0.000000e+00 -1.521369e+00 1.749419e+02
      vertex   0.000000e+00 -1.758927e+00 1.790146e+02
    endloop
  endfacet
  facet normal -1.000000e+00 0.000000e+00 0.000000e+00
    outer loop
      vertex   0.000000e+00 -1.758927e+00 1.790146e+02
      vertex   0.000000e+00 -1.521369e+00 1.749419e+02
      vertex   0.000000e+00 -1.758927e+00 1.749854e+02
    endloop
  endfacet
  facet normal -1.000000e+00 0.000000e+00 -0.000000e+00
    outer loop
      vertex   0.000000e+00 -1.758927e+00 1.790146e+02
      vertex   0.000000e+00 -1.758927e+00 1.749854e+02
      vertex   0.000000e+00 -2.000000e+00 1.790000e+02
    endloop
  endfacet
  facet normal -1.000000e+00 0.000000e+00 -0.000000e+00
    outer loop
      vertex   0.000000e+00 -2.000000e+00 1.790000e+02
      vertex   0.000000e+00 -1.758927e+00 1.749854e+02
      vertex   0.000000e+00 -2.000000e+00 1.750000e+02
    endloop
  endfacet
  facet normal -1.000000e+00 0.000000e+00 0.000000e+00
    outer loop
      vertex   0.000000e+00 -2.000000e+00 1.790000e+02
      vertex   0.000000e+00 -2.000000e+00 1.750000e+02
      vertex   0.000000e+00 -5.000000e+00 1.750000e+02
    endloop
  endfacet
  facet normal -1.000000e+00 -0.000000e+00 0.000000e+00
    outer loop
      vertex   0.000000e+00 9.983580e+00 1.284566e+02
      vertex   0.000000e+00 9.934380e+00 1.279152e+02
      vertex   0.000000e+00 1.000000e+01 1.290000e+02
    endloop
  endfacet
  facet normal -1.000000e+00 0.000000e+00 0.000000e+00
    outer loop
      vertex   0.000000e+00 1.000000e+01 1.290000e+02
      vertex   0.000000e+00 9.934380e+00 1.279152e+02
      vertex   0.000000e+00 9.852579e+00 1.273777e+02
    endloop
  endfacet
  facet normal -1.000000e+00 0.000000e+00 0.000000e+00
    outer loop
      vertex   0.000000e+00 1.000000e+01 1.290000e+02
      vertex   0.000000e+00 9.852579e+00 1.273777e+02
      vertex   0.000000e+00 9.738476e+00 1.268462e+02
    endloop
  endfacet
  facet normal -1.000000e+00 -0.000000e+00 0.000000e+00
    outer loop
      vertex   0.000000e+00 9.738476e+00 1.268462e+02
      vertex   0.000000e+00 9.592488e+00 1.263225e+02
      vertex   0.000000e+00 1.000000e+01 1.290000e+02
    endloop
  endfacet
  facet normal -1.000000e+00 0.000000e+00 0.000000e+00
    outer loop
      vertex   0.000000e+00 1.000000e+01 1.290000e+02
      vertex   0.000000e+00 9.592488e+00 1.263225e+02
      vertex   0.000000e+00 9.415146e+00 1.258086e+02
    endloop
  endfacet
  facet normal -1.000000e+00 0.000000e+00 0.000000e+00
    outer loop
      vertex   0.000000e+00 1.000000e+01 1.290000e+02
      vertex   0.000000e+00 9.415146e+00 1.258086e+02
      vertex   0.000000e+00 9.207099e+00 1.253063e+02
    endloop
  endfacet
  facet normal -1.000000e+00 -0.000000e+00 0.000000e+00
    outer loop
      vertex   0.000000e+00 9.207099e+00 1.253063e+02
      vertex   0.000000e+00 8.969104e+00 1.248175e+02
      vertex   0.000000e+00 1.000000e+01 1.290000e+02
    endloop
  endfacet
  facet normal -1.000000e+00 0.000000e+00 0.000000e+00
    outer loop
      vertex   0.000000e+00 1.000000e+01 1.290000e+02
      vertex   0.000000e+00 8.969104e+00 1.248175e+02
      vertex   0.000000e+00 8.702031e+00 1.243440e+02
    endloop
  endfacet
  facet normal -1.000000e+00 0.000000e+00 0.000000e+00
    outer loop
      vertex   0.000000e+00 1.000000e+01 1.290000e+02
      vertex   0.000000e+00 8.702031e+00 1.243440e+02
      vertex   0.000000e+00 8.406855e+00 1.238874e+02
    endloop
  endfacet
  facet normal -1.000000e+00 -0.000000e+00 0.000000e+00
    outer loop
      vertex   0.000000e+00 8.084651e+00 1.234495e+02
      vertex   0.000000e+00 7.736597e+00 1.230319e+02
      vertex   0.000000e+00 8.406855e+00 1.238874e+02
    endloop
  endfacet
  facet normal -1.000000e+00 0.000000e+00 0.000000e+00
    outer loop
      vertex   0.000000e+00 8.406855e+00 1.238874e+02
      vertex   0.000000e+00 7.736597e+00 1.230319e+02
      vertex   0.000000e+00 7.363961e+00 1.226360e+02
    endloop
  endfacet
  facet normal -1.000000e+00 0.000000e+00 0.000000e+00
    outer loop
      vertex   0.000000e+00 8.406855e+00 1.238874e+02
      vertex   0.000000e+00 7.363961e+00 1.226360e+02
      vertex   0.000000e+00 6.968104e+00 1.222634e+02
    endloop
  endfacet
  facet normal -1.000000e+00 -0.000000e+00 0.000000e+00
    outer loop
      vertex   0.000000e+00 6.968104e+00 1.222634e+02
      vertex   0.000000e+00 6.550470e+00 1.219153e+02
      vertex   0.000000e+00 8.406855e+00 1.238874e+02
    endloop
  endfacet
  facet normal -1.000000e+00 0.000000e+00 0.000000e+00
    outer loop
      vertex   0.000000e+00 8.406855e+00 1.238874e+02
      vertex   0.000000e+00 6.550470e+00 1.219153e+02
      vertex   0.000000e+00 6.112583e+00 1.215931e+02
    endloop
  endfacet
  facet normal -1.000000e+00 -0.000000e+00 0.000000e+00
    outer loop
      vertex   0.000000e+00 8.406855e+00 1.238874e+02
      vertex   0.000000e+00 6.112583e+00 1.215931e+02
      vertex   0.000000e+00 -1.942890e-15 1.546667e+02
    endloop
  endfacet
  facet normal -1.000000e+00 0.000000e+00 0.000000e+00
    outer loop
      vertex   0.000000e+00 -1.942890e-15 1.546667e+02
      vertex   0.000000e+00 6.112583e+00 1.215931e+02
      vertex   0.000000e+00 5.656040e+00 1.212980e+02
    endloop
  endfacet
  facet normal -1.000000e+00 0.000000e+00 -0.000000e+00
    outer loop
      vertex   0.000000e+00 -1.942890e-15 1.546667e+02
      vertex   0.000000e+00 5.656040e+00 1.212980e+02
      vertex   0.000000e+00 -9.159340e-15 1.443333e+02
    endloop
  endfacet
  facet normal -1.000000e+00 0.000000e+00 0.000000e+00
    outer loop
      vertex   0.000000e+00 -9.159340e-15 1.443333e+02
      vertex   0.000000e+00 5.656040e+00 1.212980e+02
      vertex   0.000000e+00 5.182509e+00 1.210309e+02
    endloop
  endfacet
  facet normal -1.000000e+00 0.000000e+00 0.000000e+00
    outer loop
      vertex   0.000000e+00 -9.159340e-15 1.443333e+02
      vertex   0.000000e+00 5.182509e+00 1.210309e+02
      vertex   0.000000e+00 4.693715e+00 1.207929e+02
    endloop
  endfacet
  facet normal -1.000000e+00 -0.000000e+00 0.000000e+00
    outer loop
      vertex   0.000000e+00 4.693715e+00 1.207929e+02
      vertex   0.000000e+00 4.191444e+00 1.205849e+02
      vertex   0.000000e+00 -9.159340e-15 1.443333e+02
    endloop
  endfacet
  facet normal -1.000000e+00 0.000000e+00 0.000000e+00
    outer loop
      vertex   0.000000e+00 -9.159340e-15 1.443333e+02
      vertex   0.000000e+00 4.191444e+00 1.205849e+02
      vertex   0.000000e+00 3.677527e+00 1.204075e+02
    endloop
  endfacet
  facet normal -1.000000e+00 0.000000e+00 0.000000e+00
    outer loop
      vertex   0.000000e+00 -9.159340e-15 1.443333e+02
      vertex   0.000000e+00 3.677527e+00 1.204075e+02
      vertex   0.000000e+00 0.000000e+00 1.363333e+02
    endloop
  endfacet
  facet normal -1.000000e+00 0.000000e+00 0.000000e+00
    outer loop
      vertex   0.000000e+00 0.000000e+00 1.363333e+02
      vertex   0.000000e+00 3.677527e+00 1.204075e+02
      vertex   0.000000e+00 3.153841e+00 1.202615e+02
    endloop
  endfacet
  facet normal -1.000000e+00 0.000000e+00 0.000000e+00
    outer loop
      vertex   0.000000e+00 0.000000e+00 1.363333e+02
      vertex   0.000000e+00 3.153841e+00 1.202615e+02
      vertex   0.000000e+00 2.622295e+00 1.201474e+02
    endloop
  endfacet
  facet normal -1.000000e+00 -0.000000e+00 0.000000e+00
    outer loop
      vertex   0.000000e+00 2.622295e+00 1.201474e+02
      vertex   0.000000e+00 2.084830e+00 1.200656e+02
      vertex   0.000000e+00 0.000000e+00 1.363333e+02
    endloop
  endfacet
  facet normal -1.000000e+00 0.000000e+00 0.000000e+00
    outer loop
      vertex   0.000000e+00 0.000000e+00 1.363333e+02
      vertex   0.000000e+00 2.084830e+00 1.200656e+02
      vertex   0.000000e+00 4.996004e-15 1.260000e+02
    endloop
  endfacet
  facet normal -1.000000e+00 0.000000e+00 0.000000e+00
    outer loop
      vertex   0.000000e+00 4.996004e-15 1.260000e+02
      vertex   0.000000e+00 2.084830e+00 1.200656e+02
      vertex   0.000000e+00 1.543406e+00 1.200164e+02
    endloop
  endfacet
  facet normal -1.000000e+00 0.000000e+00 -0.000000e+00
    outer loop
      vertex   0.000000e+00 4.996004e-15 1.260000e+02
      vertex   0.000000e+00 1.543406e+00 1.200164e+02
      vertex   0.000000e+00 -1.458225e-02 1.257589e+02
    endloop
  endfacet
  facet normal -1.000000e+00 0.000000e+00 -0.000000e+00
    outer loop
      vertex   0.000000e+00 -1.458225e-02 1.257589e+02
      vertex   0.000000e+00 1.543406e+00 1.200164e+02
      vertex   0.000000e+00 -5.811637e-02 1.255214e+02
    endloop
  endfacet
  facet normal -1.000000e+00 0.000000e+00 -0.000000e+00
    outer loop
      vertex   0.000000e+00 -5.811637e-02 1.255214e+02
      vertex   0.000000e+00 1.543406e+00 1.200164e+02
      vertex   0.000000e+00 -1.299675e-01 1.252908e+02
    endloop
  endfacet
  facet normal -1.000000e+00 0.000000e+00 0.000000e+00
    outer loop
      vertex   0.000000e+00 -1.299675e-01 1.252908e+02
      vertex   0.000000e+00 1.543406e+00 1.200164e+02
      vertex   0.000000e+00 1.000000e+00 1.200000e+02
    endloop
  endfacet
  facet normal -1.000000e+00 0.000000e+00 -0.000000e+00
    outer loop
      vertex   0.000000e+00 -1.299675e-01 1.252908e+02
      vertex   0.000000e+00 1.000000e+00 1.200000e+02
      vertex   0.000000e+00 -2.290879e-01 1.250706e+02
    endloop
  endfacet
  facet normal -1.000000e+00 0.000000e+00 -0.000000e+00
    outer loop
      vertex   0.000000e+00 -2.290879e-01 1.250706e+02
      vertex   0.000000e+00 1.000000e+00 1.200000e+02
      vertex   0.000000e+00 -3.540323e-01 1.248639e+02
    endloop
  endfacet
  facet normal -1.000000e+00 0.000000e+00 -0.000000e+00
    outer loop
      vertex   0.000000e+00 -3.540323e-01 1.248639e+02
      vertex   0.000000e+00 1.000000e+00 1.200000e+02
      vertex   0.000000e+00 -5.029785e-01 1.246738e+02
    endloop
  endfacet
  facet normal -1.000000e+00 0.000000e+00 -0.000000e+00
    outer loop
      vertex   0.000000e+00 -5.029785e-01 1.246738e+02
      vertex   0.000000e+00 1.000000e+00 1.200000e+02
      vertex   0.000000e+00 -6.737547e-01 1.245030e+02
    endloop
  endfacet
  facet normal -1.000000e+00 0.000000e+00 -0.000000e+00
    outer loop
      vertex   0.000000e+00 -6.737547e-01 1.245030e+02
      vertex   0.000000e+00 1.000000e+00 1.200000e+02
      vertex   0.000000e+00 -8.638705e-01 1.243540e+02
    endloop
  endfacet
  facet normal -1.000000e+00 0.000000e+00 -0.000000e+00
    outer loop
      vertex   0.000000e+00 -8.638705e-01 1.243540e+02
      vertex   0.000000e+00 1.000000e+00 1.200000e+02
      vertex   0.000000e+00 -1.070554e+00 1.242291e+02
    endloop
  endfacet
  facet normal -1.000000e+00 0.000000e+00 -0.000000e+00
    outer loop
      vertex   0.000000e+00 -1.070554e+00 1.242291e+02
      vertex   0.000000e+00 1.000000e+00 1.200000e+02
      vertex   0.000000e+00 -1.290790e+00 1.241300e+02
    endloop
  endfacet
  facet normal -1.000000e+00 0.000000e+00 -0.000000e+00
    outer loop
      vertex   0.000000e+00 -1.290790e+00 1.241300e+02
      vertex   0.000000e+00 1.000000e+00 1.200000e+02
      vertex   0.000000e+00 -1.521369e+00 1.240581e+02
    endloop
  endfacet
  facet normal -1.000000e+00 0.000000e+00 -0.000000e+00
    outer loop
      vertex   0.000000e+00 -1.521369e+00 1.240581e+02
      vertex   0.000000e+00 1.000000e+00 1.200000e+02
      vertex   0.000000e+00 -1.758927e+00 1.240146e+02
    endloop
  endfacet
  facet normal -1.000000e+00 0.000000e+00 -0.000000e+00
    outer loop
      vertex   0.000000e+00 -1.758927e+00 1.240146e+02
      vertex   0.000000e+00 1.000000e+00 1.200000e+02
      vertex   0.000000e+00 -2.000000e+00 1.240000e+02
    endloop
  endfacet
  facet normal -1.000000e+00 0.000000e+00 -0.000000e+00
    outer loop
      vertex   0.000000e+00 -2.000000e+00 1.240000e+02
      vertex   0.000000e+00 1.000000e+00 1.200000e+02
      vertex   0.000000e+00 -5.000000e+00 1.200000e+02
    endloop
  endfacet
  facet normal -1.000000e+00 -0.000000e+00 0.000000e+00
    outer loop
      vertex   0.000000e+00 -2.000000e+00 1.240000e+02
      vertex   0.000000e+00 -5.000000e+00 1.200000e+02
      vertex   0.000000e+00 -5.000000e+00 1.240000e+02
    endloop
  endfacet
  facet normal -1.000000e+00 0.000000e+00 0.000000e+00
    outer loop
      vertex   0.000000e+00 0.000000e+00 1.363333e+02
      vertex   0.000000e+00 -1.458225e-02 1.365744e+02
      vertex   0.000000e+00 -9.159340e-15 1.443333e+02
    endloop
  endfacet
  facet normal -1.000000e+00 0.000000e+00 0.000000e+00
    outer loop
      vertex   0.000000e+00 -9.159340e-15 1.443333e+02
      vertex   0.000000e+00 -1.458225e-02 1.365744e+02
      vertex   0.000000e+00 -1.458225e-02 1.440923e+02
    endloop
  endfacet
  facet normal -1.000000e+00 0.000000e+00 -0.000000e+00
    outer loop
      vertex   0.000000e+00 -1.458225e-02 1.440923e+02
      vertex   0.000000e+00 -1.458225e-02 1.365744e+02
      vertex   0.000000e+00 -5.811637e-02 1.368120e+02
    endloop
  endfacet
  facet normal -1.000000e+00 0.000000e+00 0.000000e+00
    outer loop
      vertex   0.000000e+00 -1.458225e-02 1.440923e+02
      vertex   0.000000e+00 -5.811637e-02 1.368120e+02
      vertex   0.000000e+00 -5.811637e-02 1.438547e+02
    endloop
  endfacet
  facet normal -1.000000e+00 0.000000e+00 -0.000000e+00
    outer loop
      vertex   0.000000e+00 -5.811637e-02 1.438547e+02
      vertex   0.000000e+00 -5.811637e-02 1.368120e+02
      vertex   0.000000e+00 -1.299675e-01 1.370425e+02
    endloop
  endfacet
  facet normal -1.000000e+00 0.000000e+00 0.000000e+00
    outer loop
      vertex   0.000000e+00 -5.811637e-02 1.438547e+02
      vertex   0.000000e+00 -1.299675e-01 1.370425e+02
      vertex   0.000000e+00 -1.299675e-01 1.436241e+02
    endloop
  endfacet
  facet normal -1.000000e+00 0.000000e+00 -0.000000e+00
    outer loop
      vertex   0.000000e+00 -1.299675e-01 1.436241e+02
      vertex   0.000000e+00 -1.299675e-01 1.370425e+02
      vertex   0.000000e+00 -2.290879e-01 1.372628e+02
    endloop
  endfacet
  facet normal -1.000000e+00 0.000000e+00 0.000000e+00
    outer loop
      vertex   0.000000e+00 -1.299675e-01 1.436241e+02
      vertex   0.000000e+00 -2.290879e-01 1.372628e+02
      vertex   0.000000e+00 -2.290879e-01 1.434039e+02
    endloop
  endfacet
  facet normal -1.000000e+00 0.000000e+00 -0.000000e+00
    outer loop
      vertex   0.000000e+00 -2.290879e-01 1.434039e+02
      vertex   0.000000e+00 -2.290879e-01 1.372628e+02
      vertex   0.000000e+00 -3.540323e-01 1.374695e+02
    endloop
  endfacet
  facet normal -1.000000e+00 0.000000e+00 0.000000e+00
    outer loop
      vertex   0.000000e+00 -2.290879e-01 1.434039e+02
      vertex   0.000000e+00 -3.540323e-01 1.374695e+02
      vertex   0.000000e+00 -3.540323e-01 1.431972e+02
    endloop
  endfacet
  facet normal -1.000000e+00 0.000000e+00 -0.000000e+00
    outer loop
      vertex   0.000000e+00 -3.540323e-01 1.431972e+02
      vertex   0.000000e+00 -3.540323e-01 1.374695e+02
      vertex   0.000000e+00 -5.029785e-01 1.376596e+02
    endloop
  endfacet
  facet normal -1.000000e+00 0.000000e+00 0.000000e+00
    outer loop
      vertex   0.000000e+00 -3.540323e-01 1.431972e+02
      vertex   0.000000e+00 -5.029785e-01 1.376596e+02
      vertex   0.000000e+00 -5.029785e-01 1.430071e+02
    endloop
  endfacet
  facet normal -1.000000e+00 0.000000e+00 -0.000000e+00
    outer loop
      vertex   0.000000e+00 -5.029785e-01 1.430071e+02
      vertex   0.000000e+00 -5.029785e-01 1.376596e+02
      vertex   0.000000e+00 -6.737547e-01 1.378304e+02
    endloop
  endfacet
  facet normal -1.000000e+00 0.000000e+00 0.000000e+00
    outer loop
      vertex   0.000000e+00 -5.029785e-01 1.430071e+02
      vertex   0.000000e+00 -6.737547e-01 1.378304e+02
      vertex   0.000000e+00 -6.737547e-01 1.428363e+02
    endloop
  endfacet
  facet normal -1.000000e+00 0.000000e+00 -0.000000e+00
    outer loop
      vertex   0.000000e+00 -6.737547e-01 1.428363e+02
      vertex   0.000000e+00 -6.737547e-01 1.378304e+02
      vertex   0.000000e+00 -8.638705e-01 1.426874e+02
    endloop
  endfacet
  facet normal -1.000000e+00 0.000000e+00 0.000000e+00
    outer loop
      vertex   0.000000e+00 -8.638705e-01 1.426874e+02
      vertex   0.000000e+00 -6.737547e-01 1.378304e+02
      vertex   0.000000e+00 -8.638705e-01 1.379793e+02
    endloop
  endfacet
  facet normal -1.000000e+00 0.000000e+00 -0.000000e+00
    outer loop
      vertex   0.000000e+00 -8.638705e-01 1.426874e+02
      vertex   0.000000e+00 -8.638705e-01 1.379793e+02
      vertex   0.000000e+00 -1.070554e+00 1.425624e+02
    endloop
  endfacet
  facet normal -1.000000e+00 0.000000e+00 0.000000e+00
    outer loop
      vertex   0.000000e+00 -1.070554e+00 1.425624e+02
      vertex   0.000000e+00 -8.638705e-01 1.379793e+02
      vertex   0.000000e+00 -1.070554e+00 1.381042e+02
    endloop
  endfacet
  facet normal -1.000000e+00 0.000000e+00 -0.000000e+00
    outer loop
      vertex   0.000000e+00 -1.070554e+00 1.425624e+02
      vertex   0.000000e+00 -1.070554e+00 1.381042e+02
      vertex   0.000000e+00 -1.290790e+00 1.424633e+02
    endloop
  endfacet
  facet normal -1.000000e+00 0.000000e+00 0.000000e+00
    outer loop
      vertex   0.000000e+00 -1.290790e+00 1.424633e+02
      vertex   0.000000e+00 -1.070554e+00 1.381042e+02
      vertex   0.000000e+00 -1.290790e+00 1.382034e+02
    endloop
  endfacet
  facet normal -1.000000e+00 0.000000e+00 -0.000000e+00
    outer loop
      vertex   0.000000e+00 -1.290790e+00 1.424633e+02
      vertex   0.000000e+00 -1.290790e+00 1.382034e+02
      vertex   0.000000e+00 -1.521369e+00 1.423914e+02
    endloop
  endfacet
  facet normal -1.000000e+00 0.000000e+00 0.000000e+00
    outer loop
      vertex   0.000000e+00 -1.521369e+00 1.423914e+02
      vertex   0.000000e+00 -1.290790e+00 1.382034e+02
      vertex   0.000000e+00 -1.521369e+00 1.382752e+02
    endloop
  endfacet
  facet normal -1.000000e+00 0.000000e+00 -0.000000e+00
    outer loop
      vertex   0.000000e+00 -1.521369e+00 1.423914e+02
      vertex   0.000000e+00 -1.521369e+00 1.382752e+02
      vertex   0.000000e+00 -1.758927e+00 1.423479e+02
    endloop
  endfacet
  facet normal -1.000000e+00 0.000000e+00 0.000000e+00
    outer loop
      vertex   0.000000e+00 -1.758927e+00 1.423479e+02
      vertex   0.000000e+00 -1.521369e+00 1.382752e+02
      vertex   0.000000e+00 -1.758927e+00 1.383188e+02
    endloop
  endfacet
  facet normal -1.000000e+00 0.000000e+00 -0.000000e+00
    outer loop
      vertex   0.000000e+00 -1.758927e+00 1.423479e+02
      vertex   0.000000e+00 -1.758927e+00 1.383188e+02
      vertex   0.000000e+00 -2.000000e+00 1.423333e+02
    endloop
  endfacet
  facet normal -1.000000e+00 0.000000e+00 0.000000e+00
    outer loop
      vertex   0.000000e+00 -2.000000e+00 1.423333e+02
      vertex   0.000000e+00 -1.758927e+00 1.383188e+02
      vertex   0.000000e+00 -2.000000e+00 1.383333e+02
    endloop
  endfacet
  facet normal -1.000000e+00 0.000000e+00 -0.000000e+00
    outer loop
      vertex   0.000000e+00 -2.000000e+00 1.423333e+02
      vertex   0.000000e+00 -2.000000e+00 1.383333e+02
      vertex   0.000000e+00 -5.000000e+00 1.383333e+02
    endloop
  endfacet
  facet normal -1.000000e+00 0.000000e+00 0.000000e+00
    outer loop
      vertex   0.000000e+00 -5.000000e+00 1.383333e+02
      vertex   0.000000e+00 -5.000000e+00 1.423333e+02
      vertex   0.000000e+00 -2.000000e+00 1.423333e+02
    endloop
  endfacet
  facet normal -1.000000e+00 0.000000e+00 0.000000e+00
    outer loop
      vertex   0.000000e+00 -1.458225e-02 1.549077e+02
      vertex   0.000000e+00 -1.054712e-14 1.626667e+02
      vertex   0.000000e+00 -1.942890e-15 1.546667e+02
    endloop
  endfacet
  facet normal -1.000000e+00 0.000000e+00 0.000000e+00
    outer loop
      vertex   0.000000e+00 -1.942890e-15 1.546667e+02
      vertex   0.000000e+00 -1.054712e-14 1.626667e+02
      vertex   0.000000e+00 1.000000e+01 1.290000e+02
    endloop
  endfacet
  facet normal -1.000000e+00 0.000000e+00 0.000000e+00
    outer loop
      vertex   0.000000e+00 -1.942890e-15 1.546667e+02
      vertex   0.000000e+00 1.000000e+01 1.290000e+02
      vertex   0.000000e+00 8.406855e+00 1.238874e+02
    endloop
  endfacet
  facet normal -1.000000e+00 0.000000e+00 0.000000e+00
    outer loop
      vertex   0.000000e+00 -1.054712e-14 1.626667e+02
      vertex   0.000000e+00 -1.458225e-02 1.549077e+02
      vertex   0.000000e+00 -1.458225e-02 1.624256e+02
    endloop
  endfacet
  facet normal -1.000000e+00 0.000000e+00 -0.000000e+00
    outer loop
      vertex   0.000000e+00 -1.458225e-02 1.624256e+02
      vertex   0.000000e+00 -1.458225e-02 1.549077e+02
      vertex   0.000000e+00 -5.811637e-02 1.551453e+02
    endloop
  endfacet
  facet normal -1.000000e+00 0.000000e+00 0.000000e+00
    outer loop
      vertex   0.000000e+00 -1.458225e-02 1.624256e+02
      vertex   0.000000e+00 -5.811637e-02 1.551453e+02
      vertex   0.000000e+00 -5.811637e-02 1.621880e+02
    endloop
  endfacet
  facet normal -1.000000e+00 0.000000e+00 -0.000000e+00
    outer loop
      vertex   0.000000e+00 -5.811637e-02 1.621880e+02
      vertex   0.000000e+00 -5.811637e-02 1.551453e+02
      vertex   0.000000e+00 -1.299675e-01 1.553759e+02
    endloop
  endfacet
  facet normal -1.000000e+00 0.000000e+00 0.000000e+00
    outer loop
      vertex   0.000000e+00 -5.811637e-02 1.621880e+02
      vertex   0.000000e+00 -1.299675e-01 1.553759e+02
      vertex   0.000000e+00 -1.299675e-01 1.619575e+02
    endloop
  endfacet
  facet normal -1.000000e+00 0.000000e+00 -0.000000e+00
    outer loop
      vertex   0.000000e+00 -1.299675e-01 1.619575e+02
      vertex   0.000000e+00 -1.299675e-01 1.553759e+02
      vertex   0.000000e+00 -2.290879e-01 1.617372e+02
    endloop
  endfacet
  facet normal -1.000000e+00 0.000000e+00 0.000000e+00
    outer loop
      vertex   0.000000e+00 -2.290879e-01 1.617372e+02
      vertex   0.000000e+00 -1.299675e-01 1.553759e+02
      vertex   0.000000e+00 -2.290879e-01 1.555961e+02
    endloop
  endfacet
  facet normal -1.000000e+00 0.000000e+00 -0.000000e+00
    outer loop
      vertex   0.000000e+00 -2.290879e-01 1.617372e+02
      vertex   0.000000e+00 -2.290879e-01 1.555961e+02
      vertex   0.000000e+00 -3.540323e-01 1.615305e+02
    endloop
  endfacet
  facet normal -1.000000e+00 0.000000e+00 0.000000e+00
    outer loop
      vertex   0.000000e+00 -3.540323e-01 1.615305e+02
      vertex   0.000000e+00 -2.290879e-01 1.555961e+02
      vertex   0.000000e+00 -3.540323e-01 1.558028e+02
    endloop
  endfacet
  facet normal -1.000000e+00 0.000000e+00 -0.000000e+00
    outer loop
      vertex   0.000000e+00 -3.540323e-01 1.615305e+02
      vertex   0.000000e+00 -3.540323e-01 1.558028e+02
      vertex   0.000000e+00 -5.029785e-01 1.613404e+02
    endloop
  endfacet
  facet normal -1.000000e+00 0.000000e+00 0.000000e+00
    outer loop
      vertex   0.000000e+00 -5.029785e-01 1.613404e+02
      vertex   0.000000e+00 -3.540323e-01 1.558028e+02
      vertex   0.000000e+00 -5.029785e-01 1.559929e+02
    endloop
  endfacet
  facet normal -1.000000e+00 0.000000e+00 -0.000000e+00
    outer loop
      vertex   0.000000e+00 -5.029785e-01 1.613404e+02
      vertex   0.000000e+00 -5.029785e-01 1.559929e+02
      vertex   0.000000e+00 -6.737547e-01 1.611696e+02
    endloop
  endfacet
  facet normal -1.000000e+00 0.000000e+00 0.000000e+00
    outer loop
      vertex   0.000000e+00 -6.737547e-01 1.611696e+02
      vertex   0.000000e+00 -5.029785e-01 1.559929e+02
      vertex   0.000000e+00 -6.737547e-01 1.561637e+02
    endloop
  endfacet
  facet normal -1.000000e+00 0.000000e+00 -0.000000e+00
    outer loop
      vertex   0.000000e+00 -6.737547e-01 1.611696e+02
      vertex   0.000000e+00 -6.737547e-01 1.561637e+02
      vertex   0.000000e+00 -8.638705e-01 1.610207e+02
    endloop
  endfacet
  facet normal -1.000000e+00 0.000000e+00 0.000000e+00
    outer loop
      vertex   0.000000e+00 -8.638705e-01 1.610207e+02
      vertex   0.000000e+00 -6.737547e-01 1.561637e+02
      vertex   0.000000e+00 -8.638705e-01 1.563126e+02
    endloop
  endfacet
  facet normal -1.000000e+00 0.000000e+00 -0.000000e+00
    outer loop
      vertex   0.000000e+00 -8.638705e-01 1.610207e+02
      vertex   0.000000e+00 -8.638705e-01 1.563126e+02
      vertex   0.000000e+00 -1.070554e+00 1.608958e+02
    endloop
  endfacet
  facet normal -1.000000e+00 0.000000e+00 0.000000e+00
    outer loop
      vertex   0.000000e+00 -1.070554e+00 1.608958e+02
      vertex   0.000000e+00 -8.638705e-01 1.563126e+02
      vertex   0.000000e+00 -1.070554e+00 1.564376e+02
    endloop
  endfacet
  facet normal -1.000000e+00 0.000000e+00 -0.000000e+00
    outer loop
      vertex   0.000000e+00 -1.070554e+00 1.608958e+02
      vertex   0.000000e+00 -1.070554e+00 1.564376e+02
      vertex   0.000000e+00 -1.290790e+00 1.607966e+02
    endloop
  endfacet
  facet normal -1.000000e+00 0.000000e+00 0.000000e+00
    outer loop
      vertex   0.000000e+00 -1.290790e+00 1.607966e+02
      vertex   0.000000e+00 -1.070554e+00 1.564376e+02
      vertex   0.000000e+00 -1.290790e+00 1.565367e+02
    endloop
  endfacet
  facet normal -1.000000e+00 0.000000e+00 -0.000000e+00
    outer loop
      vertex   0.000000e+00 -1.290790e+00 1.607966e+02
      vertex   0.000000e+00 -1.290790e+00 1.565367e+02
      vertex   0.000000e+00 -1.521369e+00 1.607248e+02
    endloop
  endfacet
  facet normal -1.000000e+00 0.000000e+00 0.000000e+00
    outer loop
      vertex   0.000000e+00 -1.521369e+00 1.607248e+02
      vertex   0.000000e+00 -1.290790e+00 1.565367e+02
      vertex   0.000000e+00 -1.521369e+00 1.566086e+02
    endloop
  endfacet
  facet normal -1.000000e+00 0.000000e+00 -0.000000e+00
    outer loop
      vertex   0.000000e+00 -1.521369e+00 1.607248e+02
      vertex   0.000000e+00 -1.521369e+00 1.566086e+02
      vertex   0.000000e+00 -1.758927e+00 1.606812e+02
    endloop
  endfacet
  facet normal -1.000000e+00 0.000000e+00 0.000000e+00
    outer loop
      vertex   0.000000e+00 -1.758927e+00 1.606812e+02
      vertex   0.000000e+00 -1.521369e+00 1.566086e+02
      vertex   0.000000e+00 -1.758927e+00 1.566521e+02
    endloop
  endfacet
  facet normal -1.000000e+00 0.000000e+00 -0.000000e+00
    outer loop
      vertex   0.000000e+00 -1.758927e+00 1.606812e+02
      vertex   0.000000e+00 -1.758927e+00 1.566521e+02
      vertex   0.000000e+00 -2.000000e+00 1.606667e+02
    endloop
  endfacet
  facet normal -1.000000e+00 0.000000e+00 0.000000e+00
    outer loop
      vertex   0.000000e+00 -2.000000e+00 1.606667e+02
      vertex   0.000000e+00 -1.758927e+00 1.566521e+02
      vertex   0.000000e+00 -2.000000e+00 1.566667e+02
    endloop
  endfacet
  facet normal -1.000000e+00 0.000000e+00 -0.000000e+00
    outer loop
      vertex   0.000000e+00 -2.000000e+00 1.606667e+02
      vertex   0.000000e+00 -2.000000e+00 1.566667e+02
      vertex   0.000000e+00 -5.000000e+00 1.566667e+02
    endloop
  endfacet
  facet normal -1.000000e+00 0.000000e+00 0.000000e+00
    outer loop
      vertex   0.000000e+00 -5.000000e+00 1.566667e+02
      vertex   0.000000e+00 -5.000000e+00 1.606667e+02
      vertex   0.000000e+00 -2.000000e+00 1.606667e+02
    endloop
  endfacet
  facet normal -1.000000e+00 0.000000e+00 0.000000e+00
    outer loop
      vertex   0.000000e+00 -5.000000e+00 1.750000e+02
      vertex   0.000000e+00 -5.000000e+00 1.790000e+02
      vertex   0.000000e+00 -2.000000e+00 1.790000e+02
    endloop
  endfacet
  facet normal -1.000000e+00 0.000000e+00 0.000000e+00
    outer loop
      vertex   0.000000e+00 -1.026956e-14 1.810000e+02
      vertex   0.000000e+00 0.000000e+00 2.000000e+02
      vertex   0.000000e+00 1.000000e+01 2.000000e+02
    endloop
  endfacet
  facet normal 0.000000e+00 -1.000000e+00 0.000000e+00
    outer loop
      vertex   1.000000e+00 1.300000e+01 1.930000e+02
      vertex   1.000000e+00 1.300000e+01 1.800000e+02
      vertex   6.000000e+00 1.300000e+01 1.930000e+02
    endloop
  endfacet
  facet normal 0.000000e+00 -1.000000e+00 -0.000000e+00
    outer loop
      vertex   6.000000e+00 1.300000e+01 1.930000e+02
      vertex   1.000000e+00 1.300000e+01 1.800000e+02
      vertex   6.000000e+00 1.300000e+01 1.800000e+02
    endloop
  endfacet
  facet normal -0.000000e+00 -6.037850e-02 -9.981756e-01
    outer loop
      vertex   6.000000e+00 1.100000e+01 1.950000e+02
      vertex   1.000000e+00 1.100000e+01 1.950000e+02
      vertex   6.000000e+00 1.124107e+01 1.949854e+02
    endloop
  endfacet
  facet normal -0.000000e+00 -6.037850e-02 -9.981756e-01
    outer loop
      vertex   6.000000e+00 1.124107e+01 1.949854e+02
      vertex   1.000000e+00 1.100000e+01 1.950000e+02
      vertex   1.000000e+00 1.124107e+01 1.949854e+02
    endloop
  endfacet
  facet normal -0.000000e+00 -1.802550e-01 -9.836199e-01
    outer loop
      vertex   6.000000e+00 1.124107e+01 1.949854e+02
      vertex   1.000000e+00 1.124107e+01 1.949854e+02
      vertex   6.000000e+00 1.147863e+01 1.949419e+02
    endloop
  endfacet
  facet normal -0.000000e+00 -1.802550e-01 -9.836199e-01
    outer loop
      vertex   6.000000e+00 1.147863e+01 1.949419e+02
      vertex   1.000000e+00 1.124107e+01 1.949854e+02
      vertex   1.000000e+00 1.147863e+01 1.949419e+02
    endloop
  endfacet
  facet normal -0.000000e+00 -2.975031e-01 -9.547209e-01
    outer loop
      vertex   6.000000e+00 1.147863e+01 1.949419e+02
      vertex   1.000000e+00 1.147863e+01 1.949419e+02
      vertex   6.000000e+00 1.170921e+01 1.948700e+02
    endloop
  endfacet
  facet normal -0.000000e+00 -2.975031e-01 -9.547209e-01
    outer loop
      vertex   6.000000e+00 1.170921e+01 1.948700e+02
      vertex   1.000000e+00 1.147863e+01 1.949419e+02
      vertex   1.000000e+00 1.170921e+01 1.948700e+02
    endloop
  endfacet
  facet normal -0.000000e+00 -4.104128e-01 -9.118998e-01
    outer loop
      vertex   6.000000e+00 1.170921e+01 1.948700e+02
      vertex   1.000000e+00 1.170921e+01 1.948700e+02
      vertex   6.000000e+00 1.192945e+01 1.947709e+02
    endloop
  endfacet
  facet normal -0.000000e+00 -4.104128e-01 -9.118998e-01
    outer loop
      vertex   6.000000e+00 1.192945e+01 1.947709e+02
      vertex   1.000000e+00 1.170921e+01 1.948700e+02
      vertex   1.000000e+00 1.192945e+01 1.947709e+02
    endloop
  endfacet
  facet normal -0.000000e+00 -5.173378e-01 -8.557813e-01
    outer loop
      vertex   6.000000e+00 1.192945e+01 1.947709e+02
      vertex   1.000000e+00 1.192945e+01 1.947709e+02
      vertex   6.000000e+00 1.213613e+01 1.946460e+02
    endloop
  endfacet
  facet normal -0.000000e+00 -5.173378e-01 -8.557813e-01
    outer loop
      vertex   6.000000e+00 1.213613e+01 1.946460e+02
      vertex   1.000000e+00 1.192945e+01 1.947709e+02
      vertex   1.000000e+00 1.213613e+01 1.946460e+02
    endloop
  endfacet
  facet normal -0.000000e+00 -6.167189e-01 -7.871835e-01
    outer loop
      vertex   6.000000e+00 1.213613e+01 1.946460e+02
      vertex   1.000000e+00 1.213613e+01 1.946460e+02
      vertex   6.000000e+00 1.232625e+01 1.944970e+02
    endloop
  endfacet
  facet normal -0.000000e+00 -6.167189e-01 -7.871835e-01
    outer loop
      vertex   6.000000e+00 1.232625e+01 1.944970e+02
      vertex   1.000000e+00 1.213613e+01 1.946460e+02
      vertex   1.000000e+00 1.232625e+01 1.944970e+02
    endloop
  endfacet
  facet normal -0.000000e+00 -7.071068e-01 -7.071068e-01
    outer loop
      vertex   6.000000e+00 1.232625e+01 1.944970e+02
      vertex   1.000000e+00 1.232625e+01 1.944970e+02
      vertex   6.000000e+00 1.249702e+01 1.943262e+02
    endloop
  endfacet
  facet normal -0.000000e+00 -7.071068e-01 -7.071068e-01
    outer loop
      vertex   6.000000e+00 1.249702e+01 1.943262e+02
      vertex   1.000000e+00 1.232625e+01 1.944970e+02
      vertex   1.000000e+00 1.249702e+01 1.943262e+02
    endloop
  endfacet
  facet normal -0.000000e+00 -7.871835e-01 -6.167189e-01
    outer loop
      vertex   6.000000e+00 1.249702e+01 1.943262e+02
      vertex   1.000000e+00 1.249702e+01 1.943262e+02
      vertex   6.000000e+00 1.264597e+01 1.941361e+02
    endloop
  endfacet
  facet normal -0.000000e+00 -7.871835e-01 -6.167189e-01
    outer loop
      vertex   6.000000e+00 1.264597e+01 1.941361e+02
      vertex   1.000000e+00 1.249702e+01 1.943262e+02
      vertex   1.000000e+00 1.264597e+01 1.941361e+02
    endloop
  endfacet
  facet normal -0.000000e+00 -8.557813e-01 -5.173378e-01
    outer loop
      vertex   6.000000e+00 1.264597e+01 1.941361e+02
      vertex   1.000000e+00 1.264597e+01 1.941361e+02
      vertex   6.000000e+00 1.277091e+01 1.939294e+02
    endloop
  endfacet
  facet normal -0.000000e+00 -8.557813e-01 -5.173378e-01
    outer loop
      vertex   6.000000e+00 1.277091e+01 1.939294e+02
      vertex   1.000000e+00 1.264597e+01 1.941361e+02
      vertex   1.000000e+00 1.277091e+01 1.939294e+02
    endloop
  endfacet
  facet normal -0.000000e+00 -9.118998e-01 -4.104128e-01
    outer loop
      vertex   6.000000e+00 1.277091e+01 1.939294e+02
      vertex   1.000000e+00 1.277091e+01 1.939294e+02
      vertex   6.000000e+00 1.287003e+01 1.937092e+02
    endloop
  endfacet
  facet normal -0.000000e+00 -9.118998e-01 -4.104128e-01
    outer loop
      vertex   6.000000e+00 1.287003e+01 1.937092e+02
      vertex   1.000000e+00 1.277091e+01 1.939294e+02
      vertex   1.000000e+00 1.287003e+01 1.937092e+02
    endloop
  endfacet
  facet normal -0.000000e+00 -9.547209e-01 -2.975031e-01
    outer loop
      vertex   6.000000e+00 1.287003e+01 1.937092e+02
      vertex   1.000000e+00 1.287003e+01 1.937092e+02
      vertex   6.000000e+00 1.294188e+01 1.934786e+02
    endloop
  endfacet
  facet normal -0.000000e+00 -9.547209e-01 -2.975031e-01
    outer loop
      vertex   6.000000e+00 1.294188e+01 1.934786e+02
      vertex   1.000000e+00 1.287003e+01 1.937092e+02
      vertex   1.000000e+00 1.294188e+01 1.934786e+02
    endloop
  endfacet
  facet normal -0.000000e+00 -9.836199e-01 -1.802550e-01
    outer loop
      vertex   6.000000e+00 1.294188e+01 1.934786e+02
      vertex   1.000000e+00 1.294188e+01 1.934786e+02
      vertex   6.000000e+00 1.298542e+01 1.932411e+02
    endloop
  endfacet
  facet normal -0.000000e+00 -9.836199e-01 -1.802550e-01
    outer loop
      vertex   6.000000e+00 1.298542e+01 1.932411e+02
      vertex   1.000000e+00 1.294188e+01 1.934786e+02
      vertex   1.000000e+00 1.298542e+01 1.932411e+02
    endloop
  endfacet
  facet normal -0.000000e+00 -9.981756e-01 -6.037850e-02
    outer loop
      vertex   6.000000e+00 1.298542e+01 1.932411e+02
      vertex   1.000000e+00 1.298542e+01 1.932411e+02
      vertex   6.000000e+00 1.300000e+01 1.930000e+02
    endloop
  endfacet
  facet normal -0.000000e+00 -9.981756e-01 -6.037850e-02
    outer loop
      vertex   6.000000e+00 1.300000e+01 1.930000e+02
      vertex   1.000000e+00 1.298542e+01 1.932411e+02
      vertex   1.000000e+00 1.300000e+01 1.930000e+02
    endloop
  endfacet
  facet normal 0.000000e+00 0.000000e+00 -1.000000e+00
    outer loop
      vertex   1.000000e+00 1.000000e+01 1.950000e+02
      vertex   1.000000e+00 1.100000e+01 1.950000e+02
      vertex   6.000000e+00 1.000000e+01 1.950000e+02
    endloop
  endfacet
  facet normal 0.000000e+00 0.000000e+00 -1.000000e+00
    outer loop
      vertex   6.000000e+00 1.000000e+01 1.950000e+02
      vertex   1.000000e+00 1.100000e+01 1.950000e+02
      vertex   6.000000e+00 1.100000e+01 1.950000e+02
    endloop
  endfacet
  facet normal 0.000000e+00 1.000000e+00 0.000000e+00
    outer loop
      vertex   6.000000e+00 1.000000e+01 1.290000e+02
      vertex   0.000000e+00 1.000000e+01 1.290000e+02
      vertex   1.000000e+00 1.000000e+01 1.950000e+02
    endloop
  endfacet
  facet normal 0.000000e+00 1.000000e+00 0.000000e+00
    outer loop
      vertex   1.000000e+00 1.000000e+01 1.950000e+02
      vertex   0.000000e+00 1.000000e+01 1.290000e+02
      vertex   0.000000e+00 1.000000e+01 2.000000e+02
    endloop
  endfacet
  facet normal 0.000000e+00 1.000000e+00 -0.000000e+00
    outer loop
      vertex   1.000000e+00 1.000000e+01 1.950000e+02
      vertex   0.000000e+00 1.000000e+01 2.000000e+02
      vertex   1.000000e+00 1.000000e+01 2.000000e+02
    endloop
  endfacet
  facet normal -0.000000e+00 1.000000e+00 0.000000e+00
    outer loop
      vertex   1.000000e+00 1.000000e+01 1.950000e+02
      vertex   6.000000e+00 1.000000e+01 1.950000e+02
      vertex   6.000000e+00 1.000000e+01 1.290000e+02
    endloop
  endfacet
  facet normal -4.470946e-18 3.020303e-02 -9.995438e-01
    outer loop
      vertex   6.000000e+00 1.000000e+00 1.200000e+02
      vertex   0.000000e+00 1.000000e+00 1.200000e+02
      vertex   6.000000e+00 1.543406e+00 1.200164e+02
    endloop
  endfacet
  facet normal 0.000000e+00 3.020303e-02 -9.995438e-01
    outer loop
      vertex   6.000000e+00 1.543406e+00 1.200164e+02
      vertex   0.000000e+00 1.000000e+00 1.200000e+02
      vertex   0.000000e+00 1.543406e+00 1.200164e+02
    endloop
  endfacet
  facet normal 0.000000e+00 9.049888e-02 -9.958966e-01
    outer loop
      vertex   6.000000e+00 1.543406e+00 1.200164e+02
      vertex   0.000000e+00 1.543406e+00 1.200164e+02
      vertex   6.000000e+00 2.084830e+00 1.200656e+02
    endloop
  endfacet
  facet normal 0.000000e+00 9.049888e-02 -9.958966e-01
    outer loop
      vertex   6.000000e+00 2.084830e+00 1.200656e+02
      vertex   0.000000e+00 1.543406e+00 1.200164e+02
      vertex   0.000000e+00 2.084830e+00 1.200656e+02
    endloop
  endfacet
  facet normal 0.000000e+00 1.504645e-01 -9.886154e-01
    outer loop
      vertex   6.000000e+00 2.084830e+00 1.200656e+02
      vertex   0.000000e+00 2.084830e+00 1.200656e+02
      vertex   6.000000e+00 2.622295e+00 1.201474e+02
    endloop
  endfacet
  facet normal 0.000000e+00 1.504645e-01 -9.886154e-01
    outer loop
      vertex   6.000000e+00 2.622295e+00 1.201474e+02
      vertex   0.000000e+00 2.084830e+00 1.200656e+02
      vertex   0.000000e+00 2.622295e+00 1.201474e+02
    endloop
  endfacet
  facet normal 0.000000e+00 2.098811e-01 -9.777269e-01
    outer loop
      vertex   6.000000e+00 2.622295e+00 1.201474e+02
      vertex   0.000000e+00 2.622295e+00 1.201474e+02
      vertex   6.000000e+00 3.153841e+00 1.202615e+02
    endloop
  endfacet
  facet normal 0.000000e+00 2.098811e-01 -9.777269e-01
    outer loop
      vertex   6.000000e+00 3.153841e+00 1.202615e+02
      vertex   0.000000e+00 2.622295e+00 1.201474e+02
      vertex   0.000000e+00 3.153841e+00 1.202615e+02
    endloop
  endfacet
  facet normal 0.000000e+00 2.685319e-01 -9.632708e-01
    outer loop
      vertex   6.000000e+00 3.153841e+00 1.202615e+02
      vertex   0.000000e+00 3.153841e+00 1.202615e+02
      vertex   6.000000e+00 3.677527e+00 1.204075e+02
    endloop
  endfacet
  facet normal 0.000000e+00 2.685319e-01 -9.632708e-01
    outer loop
      vertex   6.000000e+00 3.677527e+00 1.204075e+02
      vertex   0.000000e+00 3.153841e+00 1.202615e+02
      vertex   0.000000e+00 3.677527e+00 1.204075e+02
    endloop
  endfacet
  facet normal 0.000000e+00 3.262028e-01 -9.452998e-01
    outer loop
      vertex   6.000000e+00 3.677527e+00 1.204075e+02
      vertex   0.000000e+00 3.677527e+00 1.204075e+02
      vertex   6.000000e+00 4.191444e+00 1.205849e+02
    endloop
  endfacet
  facet normal 0.000000e+00 3.262028e-01 -9.452998e-01
    outer loop
      vertex   6.000000e+00 4.191444e+00 1.205849e+02
      vertex   0.000000e+00 3.677527e+00 1.204075e+02
      vertex   0.000000e+00 4.191444e+00 1.205849e+02
    endloop
  endfacet
  facet normal 0.000000e+00 3.826834e-01 -9.238795e-01
    outer loop
      vertex   6.000000e+00 4.191444e+00 1.205849e+02
      vertex   0.000000e+00 4.191444e+00 1.205849e+02
      vertex   6.000000e+00 4.693715e+00 1.207929e+02
    endloop
  endfacet
  facet normal 0.000000e+00 3.826834e-01 -9.238795e-01
    outer loop
      vertex   6.000000e+00 4.693715e+00 1.207929e+02
      vertex   0.000000e+00 4.191444e+00 1.205849e+02
      vertex   0.000000e+00 4.693715e+00 1.207929e+02
    endloop
  endfacet
  facet normal 0.000000e+00 4.377677e-01 -8.990881e-01
    outer loop
      vertex   6.000000e+00 4.693715e+00 1.207929e+02
      vertex   0.000000e+00 4.693715e+00 1.207929e+02
      vertex   6.000000e+00 5.182509e+00 1.210309e+02
    endloop
  endfacet
  facet normal 0.000000e+00 4.377677e-01 -8.990881e-01
    outer loop
      vertex   6.000000e+00 5.182509e+00 1.210309e+02
      vertex   0.000000e+00 4.693715e+00 1.207929e+02
      vertex   0.000000e+00 5.182509e+00 1.210309e+02
    endloop
  endfacet
  facet normal 0.000000e+00 4.912546e-01 -8.710160e-01
    outer loop
      vertex   6.000000e+00 5.182509e+00 1.210309e+02
      vertex   0.000000e+00 5.182509e+00 1.210309e+02
      vertex   6.000000e+00 5.656040e+00 1.212980e+02
    endloop
  endfacet
  facet normal 0.000000e+00 4.912546e-01 -8.710160e-01
    outer loop
      vertex   6.000000e+00 5.656040e+00 1.212980e+02
      vertex   0.000000e+00 5.182509e+00 1.210309e+02
      vertex   0.000000e+00 5.656040e+00 1.212980e+02
    endloop
  endfacet
  facet normal 0.000000e+00 5.429490e-01 -8.397657e-01
    outer loop
      vertex   6.000000e+00 5.656040e+00 1.212980e+02
      vertex   0.000000e+00 5.656040e+00 1.212980e+02
      vertex   6.000000e+00 6.112583e+00 1.215931e+02
    endloop
  endfacet
  facet normal 0.000000e+00 5.429490e-01 -8.397657e-01
    outer loop
      vertex   6.000000e+00 6.112583e+00 1.215931e+02
      vertex   0.000000e+00 5.656040e+00 1.212980e+02
      vertex   0.000000e+00 6.112583e+00 1.215931e+02
    endloop
  endfacet
  facet normal 0.000000e+00 5.926622e-01 -8.054511e-01
    outer loop
      vertex   6.000000e+00 6.112583e+00 1.215931e+02
      vertex   0.000000e+00 6.112583e+00 1.215931e+02
      vertex   6.000000e+00 6.550470e+00 1.219153e+02
    endloop
  endfacet
  facet normal 0.000000e+00 5.926622e-01 -8.054511e-01
    outer loop
      vertex   6.000000e+00 6.550470e+00 1.219153e+02
      vertex   0.000000e+00 6.112583e+00 1.215931e+02
      vertex   0.000000e+00 6.550470e+00 1.219153e+02
    endloop
  endfacet
  facet normal 0.000000e+00 6.402128e-01 -7.681976e-01
    outer loop
      vertex   6.000000e+00 6.550470e+00 1.219153e+02
      vertex   0.000000e+00 6.550470e+00 1.219153e+02
      vertex   6.000000e+00 6.968104e+00 1.222634e+02
    endloop
  endfacet
  facet normal 0.000000e+00 6.402128e-01 -7.681976e-01
    outer loop
      vertex   6.000000e+00 6.968104e+00 1.222634e+02
      vertex   0.000000e+00 6.550470e+00 1.219153e+02
      vertex   0.000000e+00 6.968104e+00 1.222634e+02
    endloop
  endfacet
  facet normal 0.000000e+00 6.854274e-01 -7.281410e-01
    outer loop
      vertex   6.000000e+00 6.968104e+00 1.222634e+02
      vertex   0.000000e+00 6.968104e+00 1.222634e+02
      vertex   6.000000e+00 7.363961e+00 1.226360e+02
    endloop
  endfacet
  facet normal 0.000000e+00 6.854274e-01 -7.281410e-01
    outer loop
      vertex   6.000000e+00 7.363961e+00 1.226360e+02
      vertex   0.000000e+00 6.968104e+00 1.222634e+02
      vertex   0.000000e+00 7.363961e+00 1.226360e+02
    endloop
  endfacet
  facet normal 0.000000e+00 7.281410e-01 -6.854274e-01
    outer loop
      vertex   6.000000e+00 7.363961e+00 1.226360e+02
      vertex   0.000000e+00 7.363961e+00 1.226360e+02
      vertex   6.000000e+00 7.736597e+00 1.230319e+02
    endloop
  endfacet
  facet normal 0.000000e+00 7.281410e-01 -6.854274e-01
    outer loop
      vertex   6.000000e+00 7.736597e+00 1.230319e+02
      vertex   0.000000e+00 7.363961e+00 1.226360e+02
      vertex   0.000000e+00 7.736597e+00 1.230319e+02
    endloop
  endfacet
  facet normal 0.000000e+00 7.681976e-01 -6.402128e-01
    outer loop
      vertex   6.000000e+00 7.736597e+00 1.230319e+02
      vertex   0.000000e+00 7.736597e+00 1.230319e+02
      vertex   6.000000e+00 8.084651e+00 1.234495e+02
    endloop
  endfacet
  facet normal 0.000000e+00 7.681976e-01 -6.402128e-01
    outer loop
      vertex   6.000000e+00 8.084651e+00 1.234495e+02
      vertex   0.000000e+00 7.736597e+00 1.230319e+02
      vertex   0.000000e+00 8.084651e+00 1.234495e+02
    endloop
  endfacet
  facet normal 0.000000e+00 8.054511e-01 -5.926622e-01
    outer loop
      vertex   6.000000e+00 8.084651e+00 1.234495e+02
      vertex   0.000000e+00 8.084651e+00 1.234495e+02
      vertex   6.000000e+00 8.406855e+00 1.238874e+02
    endloop
  endfacet
  facet normal 0.000000e+00 8.054511e-01 -5.926622e-01
    outer loop
      vertex   6.000000e+00 8.406855e+00 1.238874e+02
      vertex   0.000000e+00 8.084651e+00 1.234495e+02
      vertex   0.000000e+00 8.406855e+00 1.238874e+02
    endloop
  endfacet
  facet normal 0.000000e+00 8.397657e-01 -5.429490e-01
    outer loop
      vertex   6.000000e+00 8.406855e+00 1.238874e+02
      vertex   0.000000e+00 8.406855e+00 1.238874e+02
      vertex   6.000000e+00 8.702031e+00 1.243440e+02
    endloop
  endfacet
  facet normal 0.000000e+00 8.397657e-01 -5.429490e-01
    outer loop
      vertex   6.000000e+00 8.702031e+00 1.243440e+02
      vertex   0.000000e+00 8.406855e+00 1.238874e+02
      vertex   0.000000e+00 8.702031e+00 1.243440e+02
    endloop
  endfacet
  facet normal 0.000000e+00 8.710160e-01 -4.912546e-01
    outer loop
      vertex   6.000000e+00 8.702031e+00 1.243440e+02
      vertex   0.000000e+00 8.702031e+00 1.243440e+02
      vertex   6.000000e+00 8.969104e+00 1.248175e+02
    endloop
  endfacet
  facet normal 0.000000e+00 8.710160e-01 -4.912546e-01
    outer loop
      vertex   6.000000e+00 8.969104e+00 1.248175e+02
      vertex   0.000000e+00 8.702031e+00 1.243440e+02
      vertex   0.000000e+00 8.969104e+00 1.248175e+02
    endloop
  endfacet
  facet normal 0.000000e+00 8.990881e-01 -4.377677e-01
    outer loop
      vertex   6.000000e+00 8.969104e+00 1.248175e+02
      vertex   0.000000e+00 8.969104e+00 1.248175e+02
      vertex   6.000000e+00 9.207099e+00 1.253063e+02
    endloop
  endfacet
  facet normal 0.000000e+00 8.990881e-01 -4.377677e-01
    outer loop
      vertex   6.000000e+00 9.207099e+00 1.253063e+02
      vertex   0.000000e+00 8.969104e+00 1.248175e+02
      vertex   0.000000e+00 9.207099e+00 1.253063e+02
    endloop
  endfacet
  facet normal 0.000000e+00 9.238795e-01 -3.826834e-01
    outer loop
      vertex   6.000000e+00 9.207099e+00 1.253063e+02
      vertex   0.000000e+00 9.207099e+00 1.253063e+02
      vertex   6.000000e+00 9.415146e+00 1.258086e+02
    endloop
  endfacet
  facet normal 0.000000e+00 9.238795e-01 -3.826834e-01
    outer loop
      vertex   6.000000e+00 9.415146e+00 1.258086e+02
      vertex   0.000000e+00 9.207099e+00 1.253063e+02
      vertex   0.000000e+00 9.415146e+00 1.258086e+02
    endloop
  endfacet
  facet normal 0.000000e+00 9.452998e-01 -3.262028e-01
    outer loop
      vertex   6.000000e+00 9.415146e+00 1.258086e+02
      vertex   0.000000e+00 9.415146e+00 1.258086e+02
      vertex   6.000000e+00 9.592488e+00 1.263225e+02
    endloop
  endfacet
  facet normal 0.000000e+00 9.452998e-01 -3.262028e-01
    outer loop
      vertex   6.000000e+00 9.592488e+00 1.263225e+02
      vertex   0.000000e+00 9.415146e+00 1.258086e+02
      vertex   0.000000e+00 9.592488e+00 1.263225e+02
    endloop
  endfacet
  facet normal 0.000000e+00 9.632708e-01 -2.685319e-01
    outer loop
      vertex   6.000000e+00 9.592488e+00 1.263225e+02
      vertex   0.000000e+00 9.592488e+00 1.263225e+02
      vertex   6.000000e+00 9.738476e+00 1.268462e+02
    endloop
  endfacet
  facet normal 0.000000e+00 9.632708e-01 -2.685319e-01
    outer loop
      vertex   6.000000e+00 9.738476e+00 1.268462e+02
      vertex   0.000000e+00 9.592488e+00 1.263225e+02
      vertex   0.000000e+00 9.738476e+00 1.268462e+02
    endloop
  endfacet
  facet normal 0.000000e+00 9.777269e-01 -2.098811e-01
    outer loop
      vertex   6.000000e+00 9.738476e+00 1.268462e+02
      vertex   0.000000e+00 9.738476e+00 1.268462e+02
      vertex   6.000000e+00 9.852579e+00 1.273777e+02
    endloop
  endfacet
  facet normal 0.000000e+00 9.777269e-01 -2.098811e-01
    outer loop
      vertex   6.000000e+00 9.852579e+00 1.273777e+02
      vertex   0.000000e+00 9.738476e+00 1.268462e+02
      vertex   0.000000e+00 9.852579e+00 1.273777e+02
    endloop
  endfacet
  facet normal 0.000000e+00 9.886154e-01 -1.504645e-01
    outer loop
      vertex   6.000000e+00 9.852579e+00 1.273777e+02
      vertex   0.000000e+00 9.852579e+00 1.273777e+02
      vertex   6.000000e+00 9.934380e+00 1.279152e+02
    endloop
  endfacet
  facet normal 0.000000e+00 9.886154e-01 -1.504645e-01
    outer loop
      vertex   6.000000e+00 9.934380e+00 1.279152e+02
      vertex   0.000000e+00 9.852579e+00 1.273777e+02
      vertex   0.000000e+00 9.934380e+00 1.279152e+02
    endloop
  endfacet
  facet normal 0.000000e+00 9.958966e-01 -9.049888e-02
    outer loop
      vertex   6.000000e+00 9.934380e+00 1.279152e+02
      vertex   0.000000e+00 9.934380e+00 1.279152e+02
      vertex   6.000000e+00 9.983580e+00 1.284566e+02
    endloop
  endfacet
  facet normal 0.000000e+00 9.958966e-01 -9.049888e-02
    outer loop
      vertex   6.000000e+00 9.983580e+00 1.284566e+02
      vertex   0.000000e+00 9.934380e+00 1.279152e+02
      vertex   0.000000e+00 9.983580e+00 1.284566e+02
    endloop
  endfacet
  facet normal 0.000000e+00 9.995438e-01 -3.020303e-02
    outer loop
      vertex   6.000000e+00 9.983580e+00 1.284566e+02
      vertex   0.000000e+00 9.983580e+00 1.284566e+02
      vertex   6.000000e+00 1.000000e+01 1.290000e+02
    endloop
  endfacet
  facet normal 0.000000e+00 9.995438e-01 -3.020303e-02
    outer loop
      vertex   6.000000e+00 1.000000e+01 1.290000e+02
      vertex   0.000000e+00 9.983580e+00 1.284566e+02
      vertex   0.000000e+00 1.000000e+01 1.290000e+02
    endloop
  endfacet
  facet normal 0.000000e+00 0.000000e+00 -1.000000e+00
    outer loop
      vertex   0.000000e+00 -5.000000e+00 1.200000e+02
      vertex   0.000000e+00 1.000000e+00 1.200000e+02
      vertex   6.000000e+00 -5.000000e+00 1.200000e+02
    endloop
  endfacet
  facet normal 0.000000e+00 0.000000e+00 -1.000000e+00
    outer loop
      vertex   6.000000e+00 -5.000000e+00 1.200000e+02
      vertex   0.000000e+00 1.000000e+00 1.200000e+02
      vertex   6.000000e+00 1.000000e+00 1.200000e+02
    endloop
  endfacet
  facet normal -0.000000e+00 0.000000e+00 1.000000e+00
    outer loop
      vertex   0.000000e+00 -2.000000e+00 1.240000e+02
      vertex   0.000000e+00 -5.000000e+00 1.240000e+02
      vertex   6.000000e+00 -2.000000e+00 1.240000e+02
    endloop
  endfacet
  facet normal 0.000000e+00 0.000000e+00 1.000000e+00
    outer loop
      vertex   6.000000e+00 -2.000000e+00 1.240000e+02
      vertex   0.000000e+00 -5.000000e+00 1.240000e+02
      vertex   6.000000e+00 -5.000000e+00 1.240000e+02
    endloop
  endfacet
  facet normal -9.234979e-17 -9.981756e-01 6.037850e-02
    outer loop
      vertex   6.000000e+00 4.440892e-15 1.260000e+02
      vertex   0.000000e+00 4.996004e-15 1.260000e+02
      vertex   3.000000e+00 -1.458225e-02 1.257589e+02
    endloop
  endfacet
  facet normal -1.846996e-16 -9.981756e-01 6.037850e-02
    outer loop
      vertex   3.000000e+00 -1.458225e-02 1.257589e+02
      vertex   0.000000e+00 4.996004e-15 1.260000e+02
      vertex   0.000000e+00 -1.458225e-02 1.257589e+02
    endloop
  endfacet
  facet normal -1.820062e-16 -9.836199e-01 1.802550e-01
    outer loop
      vertex   3.000000e+00 -1.458225e-02 1.257589e+02
      vertex   0.000000e+00 -1.458225e-02 1.257589e+02
      vertex   3.000000e+00 -5.811637e-02 1.255214e+02
    endloop
  endfacet
  facet normal -1.092037e-15 -9.836199e-01 1.802550e-01
    outer loop
      vertex   3.000000e+00 -5.811637e-02 1.255214e+02
      vertex   0.000000e+00 -1.458225e-02 1.257589e+02
      vertex   0.000000e+00 -5.811637e-02 1.255214e+02
    endloop
  endfacet
  facet normal -1.059953e-15 -9.547209e-01 2.975031e-01
    outer loop
      vertex   3.000000e+00 -5.811637e-02 1.255214e+02
      vertex   0.000000e+00 -5.811637e-02 1.255214e+02
      vertex   3.000000e+00 -1.299675e-01 1.252908e+02
    endloop
  endfacet
  facet normal 0.000000e+00 -9.547209e-01 2.975031e-01
    outer loop
      vertex   3.000000e+00 -1.299675e-01 1.252908e+02
      vertex   0.000000e+00 -5.811637e-02 1.255214e+02
      vertex   0.000000e+00 -1.299675e-01 1.252908e+02
    endloop
  endfacet
  facet normal 0.000000e+00 -9.118998e-01 4.104128e-01
    outer loop
      vertex   3.000000e+00 -1.299675e-01 1.252908e+02
      vertex   0.000000e+00 -1.299675e-01 1.252908e+02
      vertex   3.000000e+00 -2.290879e-01 1.250706e+02
    endloop
  endfacet
  facet normal -5.062061e-16 -9.118998e-01 4.104128e-01
    outer loop
      vertex   3.000000e+00 -2.290879e-01 1.250706e+02
      vertex   0.000000e+00 -1.299675e-01 1.252908e+02
      vertex   0.000000e+00 -2.290879e-01 1.250706e+02
    endloop
  endfacet
  facet normal -4.750540e-16 -8.557813e-01 5.173378e-01
    outer loop
      vertex   3.000000e+00 -2.290879e-01 1.250706e+02
      vertex   0.000000e+00 -2.290879e-01 1.250706e+02
      vertex   3.000000e+00 -3.540323e-01 1.248639e+02
    endloop
  endfacet
  facet normal -7.917567e-16 -8.557813e-01 5.173378e-01
    outer loop
      vertex   3.000000e+00 -3.540323e-01 1.248639e+02
      vertex   0.000000e+00 -2.290879e-01 1.250706e+02
      vertex   0.000000e+00 -3.540323e-01 1.248639e+02
    endloop
  endfacet
  facet normal -7.282910e-16 -7.871835e-01 6.167189e-01
    outer loop
      vertex   3.000000e+00 -3.540323e-01 1.248639e+02
      vertex   0.000000e+00 -3.540323e-01 1.248639e+02
      vertex   3.000000e+00 -5.029785e-01 1.246738e+02
    endloop
  endfacet
  facet normal 9.613441e-16 -7.871835e-01 6.167189e-01
    outer loop
      vertex   3.000000e+00 -5.029785e-01 1.246738e+02
      vertex   0.000000e+00 -3.540323e-01 1.248639e+02
      vertex   0.000000e+00 -5.029785e-01 1.246738e+02
    endloop
  endfacet
  facet normal 8.635509e-16 -7.071068e-01 7.071068e-01
    outer loop
      vertex   3.000000e+00 -5.029785e-01 1.246738e+02
      vertex   0.000000e+00 -5.029785e-01 1.246738e+02
      vertex   3.000000e+00 -6.737547e-01 1.245030e+02
    endloop
  endfacet
  facet normal 1.046728e-15 -7.071068e-01 7.071068e-01
    outer loop
      vertex   3.000000e+00 -6.737547e-01 1.245030e+02
      vertex   0.000000e+00 -5.029785e-01 1.246738e+02
      vertex   0.000000e+00 -6.737547e-01 1.245030e+02
    endloop
  endfacet
  facet normal 9.129273e-16 -6.167189e-01 7.871835e-01
    outer loop
      vertex   3.000000e+00 -6.737547e-01 1.245030e+02
      vertex   0.000000e+00 -6.737547e-01 1.245030e+02
      vertex   3.000000e+00 -8.638705e-01 1.243540e+02
    endloop
  endfacet
  facet normal -1.369391e-16 -6.167189e-01 7.871835e-01
    outer loop
      vertex   3.000000e+00 -8.638705e-01 1.243540e+02
      vertex   0.000000e+00 -6.737547e-01 1.245030e+02
      vertex   0.000000e+00 -8.638705e-01 1.243540e+02
    endloop
  endfacet
  facet normal -1.148721e-16 -5.173378e-01 8.557813e-01
    outer loop
      vertex   3.000000e+00 -8.638705e-01 1.243540e+02
      vertex   0.000000e+00 -8.638705e-01 1.243540e+02
      vertex   3.000000e+00 -1.070554e+00 1.242291e+02
    endloop
  endfacet
  facet normal 5.011062e-15 -5.173378e-01 8.557813e-01
    outer loop
      vertex   3.000000e+00 -1.070554e+00 1.242291e+02
      vertex   0.000000e+00 -8.638705e-01 1.243540e+02
      vertex   0.000000e+00 -1.070554e+00 1.242291e+02
    endloop
  endfacet
  facet normal 5.079042e-15 -4.104128e-01 9.118998e-01
    outer loop
      vertex   3.000000e+00 -1.070554e+00 1.242291e+02
      vertex   0.000000e+00 -1.070554e+00 1.242291e+02
      vertex   3.000000e+00 -1.290790e+00 1.241300e+02
    endloop
  endfacet
  facet normal 9.155654e-15 -4.104128e-01 9.118998e-01
    outer loop
      vertex   3.000000e+00 -1.290790e+00 1.241300e+02
      vertex   0.000000e+00 -1.070554e+00 1.242291e+02
      vertex   0.000000e+00 -1.290790e+00 1.241300e+02
    endloop
  endfacet
  facet normal 9.419267e-15 -2.975031e-01 9.547209e-01
    outer loop
      vertex   3.000000e+00 -1.290790e+00 1.241300e+02
      vertex   0.000000e+00 -1.290790e+00 1.241300e+02
      vertex   3.000000e+00 -1.521369e+00 1.240581e+02
    endloop
  endfacet
  facet normal -8.807860e-17 -2.975031e-01 9.547209e-01
    outer loop
      vertex   3.000000e+00 -1.521369e+00 1.240581e+02
      vertex   0.000000e+00 -1.290790e+00 1.241300e+02
      vertex   0.000000e+00 -1.521369e+00 1.240581e+02
    endloop
  endfacet
  facet normal -5.336621e-17 -1.802550e-01 9.836199e-01
    outer loop
      vertex   3.000000e+00 -1.521369e+00 1.240581e+02
      vertex   0.000000e+00 -1.521369e+00 1.240581e+02
      vertex   3.000000e+00 -1.758927e+00 1.240146e+02
    endloop
  endfacet
  facet normal 4.002466e-17 -1.802550e-01 9.836199e-01
    outer loop
      vertex   3.000000e+00 -1.758927e+00 1.240146e+02
      vertex   0.000000e+00 -1.521369e+00 1.240581e+02
      vertex   0.000000e+00 -1.758927e+00 1.240146e+02
    endloop
  endfacet
  facet normal 1.340672e-17 -6.037850e-02 9.981756e-01
    outer loop
      vertex   3.000000e+00 -1.758927e+00 1.240146e+02
      vertex   0.000000e+00 -1.758927e+00 1.240146e+02
      vertex   0.000000e+00 -2.000000e+00 1.240000e+02
    endloop
  endfacet
  facet normal 0.000000e+00 -6.037850e-02 9.981756e-01
    outer loop
      vertex   0.000000e+00 -2.000000e+00 1.240000e+02
      vertex   6.000000e+00 -2.000000e+00 1.240000e+02
      vertex   3.000000e+00 -1.758927e+00 1.240146e+02
    endloop
  endfacet
  facet normal -8.937813e-18 -6.037850e-02 9.981756e-01
    outer loop
      vertex   3.000000e+00 -1.758927e+00 1.240146e+02
      vertex   6.000000e+00 -2.000000e+00 1.240000e+02
      vertex   6.000000e+00 -1.758927e+00 1.240146e+02
    endloop
  endfacet
  facet normal -2.668311e-17 -1.802550e-01 9.836199e-01
    outer loop
      vertex   3.000000e+00 -1.758927e+00 1.240146e+02
      vertex   6.000000e+00 -1.758927e+00 1.240146e+02
      vertex   3.000000e+00 -1.521369e+00 1.240581e+02
    endloop
  endfacet
  facet normal 6.670776e-17 -1.802550e-01 9.836199e-01
    outer loop
      vertex   3.000000e+00 -1.521369e+00 1.240581e+02
      vertex   6.000000e+00 -1.758927e+00 1.240146e+02
      vertex   6.000000e+00 -1.521369e+00 1.240581e+02
    endloop
  endfacet
  facet normal 1.100982e-16 -2.975031e-01 9.547209e-01
    outer loop
      vertex   3.000000e+00 -1.521369e+00 1.240581e+02
      vertex   6.000000e+00 -1.521369e+00 1.240581e+02
      vertex   3.000000e+00 -1.290790e+00 1.241300e+02
    endloop
  endfacet
  facet normal -9.419267e-15 -2.975031e-01 9.547209e-01
    outer loop
      vertex   3.000000e+00 -1.290790e+00 1.241300e+02
      vertex   6.000000e+00 -1.521369e+00 1.240581e+02
      vertex   6.000000e+00 -1.290790e+00 1.241300e+02
    endloop
  endfacet
  facet normal -9.155654e-15 -4.104128e-01 9.118998e-01
    outer loop
      vertex   3.000000e+00 -1.290790e+00 1.241300e+02
      vertex   6.000000e+00 -1.290790e+00 1.241300e+02
      vertex   3.000000e+00 -1.070554e+00 1.242291e+02
    endloop
  endfacet
  facet normal -5.048665e-15 -4.104128e-01 9.118998e-01
    outer loop
      vertex   3.000000e+00 -1.070554e+00 1.242291e+02
      vertex   6.000000e+00 -1.290790e+00 1.241300e+02
      vertex   6.000000e+00 -1.070554e+00 1.242291e+02
    endloop
  endfacet
  facet normal -4.972771e-15 -5.173378e-01 8.557813e-01
    outer loop
      vertex   3.000000e+00 -1.070554e+00 1.242291e+02
      vertex   6.000000e+00 -1.070554e+00 1.242291e+02
      vertex   3.000000e+00 -8.638705e-01 1.243540e+02
    endloop
  endfacet
  facet normal 1.148721e-16 -5.173378e-01 8.557813e-01
    outer loop
      vertex   3.000000e+00 -8.638705e-01 1.243540e+02
      vertex   6.000000e+00 -1.070554e+00 1.242291e+02
      vertex   6.000000e+00 -8.638705e-01 1.243540e+02
    endloop
  endfacet
  facet normal 1.369391e-16 -6.167189e-01 7.871835e-01
    outer loop
      vertex   3.000000e+00 -8.638705e-01 1.243540e+02
      vertex   6.000000e+00 -8.638705e-01 1.243540e+02
      vertex   3.000000e+00 -6.737547e-01 1.245030e+02
    endloop
  endfacet
  facet normal -8.444578e-16 -6.167189e-01 7.871835e-01
    outer loop
      vertex   3.000000e+00 -6.737547e-01 1.245030e+02
      vertex   6.000000e+00 -8.638705e-01 1.243540e+02
      vertex   6.000000e+00 -6.737547e-01 1.245030e+02
    endloop
  endfacet
  facet normal -9.682237e-16 -7.071068e-01 7.071068e-01
    outer loop
      vertex   3.000000e+00 -6.737547e-01 1.245030e+02
      vertex   6.000000e+00 -6.737547e-01 1.245030e+02
      vertex   3.000000e+00 -5.029785e-01 1.246738e+02
    endloop
  endfacet
  facet normal -8.635509e-16 -7.071068e-01 7.071068e-01
    outer loop
      vertex   3.000000e+00 -5.029785e-01 1.246738e+02
      vertex   6.000000e+00 -6.737547e-01 1.245030e+02
      vertex   6.000000e+00 -5.029785e-01 1.246738e+02
    endloop
  endfacet
  facet normal -9.613441e-16 -7.871835e-01 6.167189e-01
    outer loop
      vertex   3.000000e+00 -5.029785e-01 1.246738e+02
      vertex   6.000000e+00 -5.029785e-01 1.246738e+02
      vertex   3.000000e+00 -3.540323e-01 1.248639e+02
    endloop
  endfacet
  facet normal 7.282910e-16 -7.871835e-01 6.167189e-01
    outer loop
      vertex   3.000000e+00 -3.540323e-01 1.248639e+02
      vertex   6.000000e+00 -5.029785e-01 1.246738e+02
      vertex   6.000000e+00 -3.540323e-01 1.248639e+02
    endloop
  endfacet
  facet normal 7.917567e-16 -8.557813e-01 5.173378e-01
    outer loop
      vertex   3.000000e+00 -3.540323e-01 1.248639e+02
      vertex   6.000000e+00 -3.540323e-01 1.248639e+02
      vertex   3.000000e+00 -2.290879e-01 1.250706e+02
    endloop
  endfacet
  facet normal 5.542297e-16 -8.557813e-01 5.173378e-01
    outer loop
      vertex   3.000000e+00 -2.290879e-01 1.250706e+02
      vertex   6.000000e+00 -3.540323e-01 1.248639e+02
      vertex   6.000000e+00 -2.290879e-01 1.250706e+02
    endloop
  endfacet
  facet normal 5.905738e-16 -9.118998e-01 4.104128e-01
    outer loop
      vertex   3.000000e+00 -2.290879e-01 1.250706e+02
      vertex   6.000000e+00 -2.290879e-01 1.250706e+02
      vertex   3.000000e+00 -1.299675e-01 1.252908e+02
    endloop
  endfacet
  facet normal 0.000000e+00 -9.118998e-01 4.104128e-01
    outer loop
      vertex   3.000000e+00 -1.299675e-01 1.252908e+02
      vertex   6.000000e+00 -2.290879e-01 1.250706e+02
      vertex   6.000000e+00 -1.299675e-01 1.252908e+02
    endloop
  endfacet
  facet normal 0.000000e+00 -9.547209e-01 2.975031e-01
    outer loop
      vertex   3.000000e+00 -1.299675e-01 1.252908e+02
      vertex   6.000000e+00 -1.299675e-01 1.252908e+02
      vertex   3.000000e+00 -5.811637e-02 1.255214e+02
    endloop
  endfacet
  facet normal 1.059953e-15 -9.547209e-01 2.975031e-01
    outer loop
      vertex   3.000000e+00 -5.811637e-02 1.255214e+02
      vertex   6.000000e+00 -1.299675e-01 1.252908e+02
      vertex   6.000000e+00 -5.811637e-02 1.255214e+02
    endloop
  endfacet
  facet normal 1.092037e-15 -9.836199e-01 1.802550e-01
    outer loop
      vertex   3.000000e+00 -5.811637e-02 1.255214e+02
      vertex   6.000000e+00 -5.811637e-02 1.255214e+02
      vertex   3.000000e+00 -1.458225e-02 1.257589e+02
    endloop
  endfacet
  facet normal 1.820062e-16 -9.836199e-01 1.802550e-01
    outer loop
      vertex   3.000000e+00 -1.458225e-02 1.257589e+02
      vertex   6.000000e+00 -5.811637e-02 1.255214e+02
      vertex   6.000000e+00 -1.458225e-02 1.257589e+02
    endloop
  endfacet
  facet normal 1.846996e-16 -9.981756e-01 6.037850e-02
    outer loop
      vertex   3.000000e+00 -1.458225e-02 1.257589e+02
      vertex   6.000000e+00 -1.458225e-02 1.257589e+02
      vertex   6.000000e+00 4.440892e-15 1.260000e+02
    endloop
  endfacet
  facet normal 0.000000e+00 -1.000000e+00 -4.834842e-16
    outer loop
      vertex   0.000000e+00 0.000000e+00 1.363333e+02
      vertex   0.000000e+00 4.996004e-15 1.260000e+02
      vertex   6.000000e+00 0.000000e+00 1.363333e+02
    endloop
  endfacet
  facet normal -9.251859e-17 -1.000000e+00 -4.297638e-16
    outer loop
      vertex   6.000000e+00 0.000000e+00 1.363333e+02
      vertex   0.000000e+00 4.996004e-15 1.260000e+02
      vertex   6.000000e+00 4.440892e-15 1.260000e+02
    endloop
  endfacet
  facet normal -0.000000e+00 -6.037850e-02 -9.981756e-01
    outer loop
      vertex   6.000000e+00 -2.000000e+00 1.383333e+02
      vertex   0.000000e+00 -2.000000e+00 1.383333e+02
      vertex   3.000000e+00 -1.758927e+00 1.383188e+02
    endloop
  endfacet
  facet normal -2.681344e-17 -6.037850e-02 -9.981756e-01
    outer loop
      vertex   3.000000e+00 -1.758927e+00 1.383188e+02
      vertex   0.000000e+00 -2.000000e+00 1.383333e+02
      vertex   0.000000e+00 -1.758927e+00 1.383188e+02
    endloop
  endfacet
  facet normal -8.004932e-17 -1.802550e-01 -9.836199e-01
    outer loop
      vertex   3.000000e+00 -1.758927e+00 1.383188e+02
      vertex   0.000000e+00 -1.758927e+00 1.383188e+02
      vertex   3.000000e+00 -1.521369e+00 1.382752e+02
    endloop
  endfacet
  facet normal -0.000000e+00 -1.802550e-01 -9.836199e-01
    outer loop
      vertex   3.000000e+00 -1.521369e+00 1.382752e+02
      vertex   0.000000e+00 -1.758927e+00 1.383188e+02
      vertex   0.000000e+00 -1.521369e+00 1.382752e+02
    endloop
  endfacet
  facet normal -0.000000e+00 -2.975031e-01 -9.547209e-01
    outer loop
      vertex   3.000000e+00 -1.521369e+00 1.382752e+02
      vertex   0.000000e+00 -1.521369e+00 1.382752e+02
      vertex   3.000000e+00 -1.290790e+00 1.382034e+02
    endloop
  endfacet
  facet normal -8.807860e-17 -2.975031e-01 -9.547209e-01
    outer loop
      vertex   3.000000e+00 -1.290790e+00 1.382034e+02
      vertex   0.000000e+00 -1.521369e+00 1.382752e+02
      vertex   0.000000e+00 -1.290790e+00 1.382034e+02
    endloop
  endfacet
  facet normal -1.215066e-16 -4.104128e-01 -9.118998e-01
    outer loop
      vertex   3.000000e+00 -1.290790e+00 1.382034e+02
      vertex   0.000000e+00 -1.290790e+00 1.382034e+02
      vertex   3.000000e+00 -1.070554e+00 1.381042e+02
    endloop
  endfacet
  facet normal -9.112995e-17 -4.104128e-01 -9.118998e-01
    outer loop
      vertex   3.000000e+00 -1.070554e+00 1.381042e+02
      vertex   0.000000e+00 -1.290790e+00 1.382034e+02
      vertex   0.000000e+00 -1.070554e+00 1.381042e+02
    endloop
  endfacet
  facet normal -1.148721e-16 -5.173378e-01 -8.557813e-01
    outer loop
      vertex   3.000000e+00 -1.070554e+00 1.381042e+02
      vertex   0.000000e+00 -1.070554e+00 1.381042e+02
      vertex   3.000000e+00 -8.638705e-01 1.379793e+02
    endloop
  endfacet
  facet normal -0.000000e+00 -5.173378e-01 -8.557813e-01
    outer loop
      vertex   3.000000e+00 -8.638705e-01 1.379793e+02
      vertex   0.000000e+00 -1.070554e+00 1.381042e+02
      vertex   0.000000e+00 -8.638705e-01 1.379793e+02
    endloop
  endfacet
  facet normal -0.000000e+00 -6.167189e-01 -7.871835e-01
    outer loop
      vertex   3.000000e+00 -8.638705e-01 1.379793e+02
      vertex   0.000000e+00 -8.638705e-01 1.379793e+02
      vertex   3.000000e+00 -6.737547e-01 1.378304e+02
    endloop
  endfacet
  facet normal -8.672810e-16 -6.167189e-01 -7.871835e-01
    outer loop
      vertex   3.000000e+00 -6.737547e-01 1.378304e+02
      vertex   0.000000e+00 -8.638705e-01 1.379793e+02
      vertex   0.000000e+00 -6.737547e-01 1.378304e+02
    endloop
  endfacet
  facet normal -9.943919e-16 -7.071068e-01 -7.071068e-01
    outer loop
      vertex   3.000000e+00 -6.737547e-01 1.378304e+02
      vertex   0.000000e+00 -6.737547e-01 1.378304e+02
      vertex   3.000000e+00 -5.029785e-01 1.376596e+02
    endloop
  endfacet
  facet normal 9.682237e-16 -7.071068e-01 -7.071068e-01
    outer loop
      vertex   3.000000e+00 -5.029785e-01 1.376596e+02
      vertex   0.000000e+00 -6.737547e-01 1.378304e+02
      vertex   0.000000e+00 -5.029785e-01 1.376596e+02
    endloop
  endfacet
  facet normal 1.077871e-15 -7.871835e-01 -6.167189e-01
    outer loop
      vertex   3.000000e+00 -5.029785e-01 1.376596e+02
      vertex   0.000000e+00 -5.029785e-01 1.376596e+02
      vertex   3.000000e+00 -3.540323e-01 1.374695e+02
    endloop
  endfacet
  facet normal -7.282910e-16 -7.871835e-01 -6.167189e-01
    outer loop
      vertex   3.000000e+00 -3.540323e-01 1.374695e+02
      vertex   0.000000e+00 -5.029785e-01 1.376596e+02
      vertex   0.000000e+00 -3.540323e-01 1.374695e+02
    endloop
  endfacet
  facet normal -7.917567e-16 -8.557813e-01 -5.173378e-01
    outer loop
      vertex   3.000000e+00 -3.540323e-01 1.374695e+02
      vertex   0.000000e+00 -3.540323e-01 1.374695e+02
      vertex   3.000000e+00 -2.290879e-01 1.372628e+02
    endloop
  endfacet
  facet normal -4.750540e-16 -8.557813e-01 -5.173378e-01
    outer loop
      vertex   3.000000e+00 -2.290879e-01 1.372628e+02
      vertex   0.000000e+00 -3.540323e-01 1.374695e+02
      vertex   0.000000e+00 -2.290879e-01 1.372628e+02
    endloop
  endfacet
  facet normal -5.062061e-16 -9.118998e-01 -4.104128e-01
    outer loop
      vertex   3.000000e+00 -2.290879e-01 1.372628e+02
      vertex   0.000000e+00 -2.290879e-01 1.372628e+02
      vertex   3.000000e+00 -1.299675e-01 1.370425e+02
    endloop
  endfacet
  facet normal -0.000000e+00 -9.118998e-01 -4.104128e-01
    outer loop
      vertex   3.000000e+00 -1.299675e-01 1.370425e+02
      vertex   0.000000e+00 -2.290879e-01 1.372628e+02
      vertex   0.000000e+00 -1.299675e-01 1.370425e+02
    endloop
  endfacet
  facet normal -0.000000e+00 -9.547209e-01 -2.975031e-01
    outer loop
      vertex   3.000000e+00 -1.299675e-01 1.370425e+02
      vertex   0.000000e+00 -1.299675e-01 1.370425e+02
      vertex   3.000000e+00 -5.811637e-02 1.368120e+02
    endloop
  endfacet
  facet normal 3.533177e-16 -9.547209e-01 -2.975031e-01
    outer loop
      vertex   3.000000e+00 -5.811637e-02 1.368120e+02
      vertex   0.000000e+00 -1.299675e-01 1.370425e+02
      vertex   0.000000e+00 -5.811637e-02 1.368120e+02
    endloop
  endfacet
  facet normal 3.640125e-16 -9.836199e-01 -1.802550e-01
    outer loop
      vertex   3.000000e+00 -5.811637e-02 1.368120e+02
      vertex   0.000000e+00 -5.811637e-02 1.368120e+02
      vertex   3.000000e+00 -1.458225e-02 1.365744e+02
    endloop
  endfacet
  facet normal -9.100312e-17 -9.836199e-01 -1.802550e-01
    outer loop
      vertex   3.000000e+00 -1.458225e-02 1.365744e+02
      vertex   0.000000e+00 -5.811637e-02 1.368120e+02
      vertex   0.000000e+00 -1.458225e-02 1.365744e+02
    endloop
  endfacet
  facet normal -9.234979e-17 -9.981756e-01 -6.037850e-02
    outer loop
      vertex   3.000000e+00 -1.458225e-02 1.365744e+02
      vertex   0.000000e+00 -1.458225e-02 1.365744e+02
      vertex   0.000000e+00 0.000000e+00 1.363333e+02
    endloop
  endfacet
  facet normal 0.000000e+00 -9.981756e-01 -6.037850e-02
    outer loop
      vertex   0.000000e+00 0.000000e+00 1.363333e+02
      vertex   6.000000e+00 0.000000e+00 1.363333e+02
      vertex   3.000000e+00 -1.458225e-02 1.365744e+02
    endloop
  endfacet
  facet normal 9.234979e-17 -9.981756e-01 -6.037850e-02
    outer loop
      vertex   3.000000e+00 -1.458225e-02 1.365744e+02
      vertex   6.000000e+00 0.000000e+00 1.363333e+02
      vertex   6.000000e+00 -1.458225e-02 1.365744e+02
    endloop
  endfacet
  facet normal 9.100312e-17 -9.836199e-01 -1.802550e-01
    outer loop
      vertex   3.000000e+00 -1.458225e-02 1.365744e+02
      vertex   6.000000e+00 -1.458225e-02 1.365744e+02
      vertex   3.000000e+00 -5.811637e-02 1.368120e+02
    endloop
  endfacet
  facet normal -3.640125e-16 -9.836199e-01 -1.802550e-01
    outer loop
      vertex   3.000000e+00 -5.811637e-02 1.368120e+02
      vertex   6.000000e+00 -1.458225e-02 1.365744e+02
      vertex   6.000000e+00 -5.811637e-02 1.368120e+02
    endloop
  endfacet
  facet normal -3.533177e-16 -9.547209e-01 -2.975031e-01
    outer loop
      vertex   3.000000e+00 -5.811637e-02 1.368120e+02
      vertex   6.000000e+00 -5.811637e-02 1.368120e+02
      vertex   3.000000e+00 -1.299675e-01 1.370425e+02
    endloop
  endfacet
  facet normal 0.000000e+00 -9.547209e-01 -2.975031e-01
    outer loop
      vertex   3.000000e+00 -1.299675e-01 1.370425e+02
      vertex   6.000000e+00 -5.811637e-02 1.368120e+02
      vertex   6.000000e+00 -1.299675e-01 1.370425e+02
    endloop
  endfacet
  facet normal 0.000000e+00 -9.118998e-01 -4.104128e-01
    outer loop
      vertex   3.000000e+00 -1.299675e-01 1.370425e+02
      vertex   6.000000e+00 -1.299675e-01 1.370425e+02
      vertex   3.000000e+00 -2.290879e-01 1.372628e+02
    endloop
  endfacet
  facet normal 5.062061e-16 -9.118998e-01 -4.104128e-01
    outer loop
      vertex   3.000000e+00 -2.290879e-01 1.372628e+02
      vertex   6.000000e+00 -1.299675e-01 1.370425e+02
      vertex   6.000000e+00 -2.290879e-01 1.372628e+02
    endloop
  endfacet
  facet normal 4.750540e-16 -8.557813e-01 -5.173378e-01
    outer loop
      vertex   3.000000e+00 -2.290879e-01 1.372628e+02
      vertex   6.000000e+00 -2.290879e-01 1.372628e+02
      vertex   3.000000e+00 -3.540323e-01 1.374695e+02
    endloop
  endfacet
  facet normal 7.125811e-16 -8.557813e-01 -5.173378e-01
    outer loop
      vertex   3.000000e+00 -3.540323e-01 1.374695e+02
      vertex   6.000000e+00 -2.290879e-01 1.372628e+02
      vertex   6.000000e+00 -3.540323e-01 1.374695e+02
    endloop
  endfacet
  facet normal 6.554619e-16 -7.871835e-01 -6.167189e-01
    outer loop
      vertex   3.000000e+00 -3.540323e-01 1.374695e+02
      vertex   6.000000e+00 -3.540323e-01 1.374695e+02
      vertex   3.000000e+00 -5.029785e-01 1.376596e+02
    endloop
  endfacet
  facet normal -1.165266e-15 -7.871835e-01 -6.167189e-01
    outer loop
      vertex   3.000000e+00 -5.029785e-01 1.376596e+02
      vertex   6.000000e+00 -3.540323e-01 1.374695e+02
      vertex   6.000000e+00 -5.029785e-01 1.376596e+02
    endloop
  endfacet
  facet normal -1.046728e-15 -7.071068e-01 -7.071068e-01
    outer loop
      vertex   3.000000e+00 -5.029785e-01 1.376596e+02
      vertex   6.000000e+00 -5.029785e-01 1.376596e+02
      vertex   3.000000e+00 -6.737547e-01 1.378304e+02
    endloop
  endfacet
  facet normal 9.420555e-16 -7.071068e-01 -7.071068e-01
    outer loop
      vertex   3.000000e+00 -6.737547e-01 1.378304e+02
      vertex   6.000000e+00 -5.029785e-01 1.376596e+02
      vertex   6.000000e+00 -6.737547e-01 1.378304e+02
    endloop
  endfacet
  facet normal 8.216346e-16 -6.167189e-01 -7.871835e-01
    outer loop
      vertex   3.000000e+00 -6.737547e-01 1.378304e+02
      vertex   6.000000e+00 -6.737547e-01 1.378304e+02
      vertex   3.000000e+00 -8.638705e-01 1.379793e+02
    endloop
  endfacet
  facet normal -2.282318e-17 -6.167189e-01 -7.871835e-01
    outer loop
      vertex   3.000000e+00 -8.638705e-01 1.379793e+02
      vertex   6.000000e+00 -6.737547e-01 1.378304e+02
      vertex   6.000000e+00 -8.638705e-01 1.379793e+02
    endloop
  endfacet
  facet normal -1.914535e-17 -5.173378e-01 -8.557813e-01
    outer loop
      vertex   3.000000e+00 -8.638705e-01 1.379793e+02
      vertex   6.000000e+00 -8.638705e-01 1.379793e+02
      vertex   3.000000e+00 -1.070554e+00 1.381042e+02
    endloop
  endfacet
  facet normal 1.148721e-16 -5.173378e-01 -8.557813e-01
    outer loop
      vertex   3.000000e+00 -1.070554e+00 1.381042e+02
      vertex   6.000000e+00 -8.638705e-01 1.379793e+02
      vertex   6.000000e+00 -1.070554e+00 1.381042e+02
    endloop
  endfacet
  facet normal 9.112995e-17 -4.104128e-01 -9.118998e-01
    outer loop
      vertex   3.000000e+00 -1.070554e+00 1.381042e+02
      vertex   6.000000e+00 -1.070554e+00 1.381042e+02
      vertex   3.000000e+00 -1.290790e+00 1.382034e+02
    endloop
  endfacet
  facet normal 6.075330e-17 -4.104128e-01 -9.118998e-01
    outer loop
      vertex   3.000000e+00 -1.290790e+00 1.382034e+02
      vertex   6.000000e+00 -1.070554e+00 1.381042e+02
      vertex   6.000000e+00 -1.290790e+00 1.382034e+02
    endloop
  endfacet
  facet normal 4.403930e-17 -2.975031e-01 -9.547209e-01
    outer loop
      vertex   3.000000e+00 -1.290790e+00 1.382034e+02
      vertex   6.000000e+00 -1.290790e+00 1.382034e+02
      vertex   3.000000e+00 -1.521369e+00 1.382752e+02
    endloop
  endfacet
  facet normal 0.000000e+00 -2.975031e-01 -9.547209e-01
    outer loop
      vertex   3.000000e+00 -1.521369e+00 1.382752e+02
      vertex   6.000000e+00 -1.290790e+00 1.382034e+02
      vertex   6.000000e+00 -1.521369e+00 1.382752e+02
    endloop
  endfacet
  facet normal 0.000000e+00 -1.802550e-01 -9.836199e-01
    outer loop
      vertex   3.000000e+00 -1.521369e+00 1.382752e+02
      vertex   6.000000e+00 -1.521369e+00 1.382752e+02
      vertex   3.000000e+00 -1.758927e+00 1.383188e+02
    endloop
  endfacet
  facet normal 5.336621e-17 -1.802550e-01 -9.836199e-01
    outer loop
      vertex   3.000000e+00 -1.758927e+00 1.383188e+02
      vertex   6.000000e+00 -1.521369e+00 1.382752e+02
      vertex   6.000000e+00 -1.758927e+00 1.383188e+02
    endloop
  endfacet
  facet normal 1.787563e-17 -6.037850e-02 -9.981756e-01
    outer loop
      vertex   3.000000e+00 -1.758927e+00 1.383188e+02
      vertex   6.000000e+00 -1.758927e+00 1.383188e+02
      vertex   6.000000e+00 -2.000000e+00 1.383333e+02
    endloop
  endfacet
  facet normal 0.000000e+00 0.000000e+00 -1.000000e+00
    outer loop
      vertex   0.000000e+00 -5.000000e+00 1.383333e+02
      vertex   0.000000e+00 -2.000000e+00 1.383333e+02
      vertex   6.000000e+00 -5.000000e+00 1.383333e+02
    endloop
  endfacet
  facet normal 0.000000e+00 0.000000e+00 -1.000000e+00
    outer loop
      vertex   6.000000e+00 -5.000000e+00 1.383333e+02
      vertex   0.000000e+00 -2.000000e+00 1.383333e+02
      vertex   6.000000e+00 -2.000000e+00 1.383333e+02
    endloop
  endfacet
  facet normal -0.000000e+00 0.000000e+00 1.000000e+00
    outer loop
      vertex   0.000000e+00 -2.000000e+00 1.423333e+02
      vertex   0.000000e+00 -5.000000e+00 1.423333e+02
      vertex   6.000000e+00 -2.000000e+00 1.423333e+02
    endloop
  endfacet
  facet normal 0.000000e+00 0.000000e+00 1.000000e+00
    outer loop
      vertex   6.000000e+00 -2.000000e+00 1.423333e+02
      vertex   0.000000e+00 -5.000000e+00 1.423333e+02
      vertex   6.000000e+00 -5.000000e+00 1.423333e+02
    endloop
  endfacet
  facet normal 4.617490e-17 -9.981756e-01 6.037850e-02
    outer loop
      vertex   6.000000e+00 -8.881784e-15 1.443333e+02
      vertex   0.000000e+00 -9.159340e-15 1.443333e+02
      vertex   3.000000e+00 -1.458225e-02 1.440923e+02
    endloop
  endfacet
  facet normal -1.846996e-16 -9.981756e-01 6.037850e-02
    outer loop
      vertex   3.000000e+00 -1.458225e-02 1.440923e+02
      vertex   0.000000e+00 -9.159340e-15 1.443333e+02
      vertex   0.000000e+00 -1.458225e-02 1.440923e+02
    endloop
  endfacet
  facet normal -1.820062e-16 -9.836199e-01 1.802550e-01
    outer loop
      vertex   3.000000e+00 -1.458225e-02 1.440923e+02
      vertex   0.000000e+00 -1.458225e-02 1.440923e+02
      vertex   3.000000e+00 -5.811637e-02 1.438547e+02
    endloop
  endfacet
  facet normal 1.820062e-16 -9.836199e-01 1.802550e-01
    outer loop
      vertex   3.000000e+00 -5.811637e-02 1.438547e+02
      vertex   0.000000e+00 -1.458225e-02 1.440923e+02
      vertex   0.000000e+00 -5.811637e-02 1.438547e+02
    endloop
  endfacet
  facet normal 1.766588e-16 -9.547209e-01 2.975031e-01
    outer loop
      vertex   3.000000e+00 -5.811637e-02 1.438547e+02
      vertex   0.000000e+00 -5.811637e-02 1.438547e+02
      vertex   3.000000e+00 -1.299675e-01 1.436241e+02
    endloop
  endfacet
  facet normal -1.766588e-16 -9.547209e-01 2.975031e-01
    outer loop
      vertex   3.000000e+00 -1.299675e-01 1.436241e+02
      vertex   0.000000e+00 -5.811637e-02 1.438547e+02
      vertex   0.000000e+00 -1.299675e-01 1.436241e+02
    endloop
  endfacet
  facet normal -1.687354e-16 -9.118998e-01 4.104128e-01
    outer loop
      vertex   3.000000e+00 -1.299675e-01 1.436241e+02
      vertex   0.000000e+00 -1.299675e-01 1.436241e+02
      vertex   3.000000e+00 -2.290879e-01 1.434039e+02
    endloop
  endfacet
  facet normal -9.280445e-16 -9.118998e-01 4.104128e-01
    outer loop
      vertex   3.000000e+00 -2.290879e-01 1.434039e+02
      vertex   0.000000e+00 -1.299675e-01 1.436241e+02
      vertex   0.000000e+00 -2.290879e-01 1.434039e+02
    endloop
  endfacet
  facet normal -8.709324e-16 -8.557813e-01 5.173378e-01
    outer loop
      vertex   3.000000e+00 -2.290879e-01 1.434039e+02
      vertex   0.000000e+00 -2.290879e-01 1.434039e+02
      vertex   3.000000e+00 -3.540323e-01 1.431972e+02
    endloop
  endfacet
  facet normal 1.108459e-15 -8.557813e-01 5.173378e-01
    outer loop
      vertex   3.000000e+00 -3.540323e-01 1.431972e+02
      vertex   0.000000e+00 -2.290879e-01 1.434039e+02
      vertex   0.000000e+00 -3.540323e-01 1.431972e+02
    endloop
  endfacet
  facet normal 1.019607e-15 -7.871835e-01 6.167189e-01
    outer loop
      vertex   3.000000e+00 -3.540323e-01 1.431972e+02
      vertex   0.000000e+00 -3.540323e-01 1.431972e+02
      vertex   3.000000e+00 -5.029785e-01 1.430071e+02
    endloop
  endfacet
  facet normal 4.369746e-16 -7.871835e-01 6.167189e-01
    outer loop
      vertex   3.000000e+00 -5.029785e-01 1.430071e+02
      vertex   0.000000e+00 -3.540323e-01 1.431972e+02
      vertex   0.000000e+00 -5.029785e-01 1.430071e+02
    endloop
  endfacet
  facet normal 3.925231e-16 -7.071068e-01 7.071068e-01
    outer loop
      vertex   3.000000e+00 -5.029785e-01 1.430071e+02
      vertex   0.000000e+00 -5.029785e-01 1.430071e+02
      vertex   3.000000e+00 -6.737547e-01 1.428363e+02
    endloop
  endfacet
  facet normal 5.233642e-16 -7.071068e-01 7.071068e-01
    outer loop
      vertex   3.000000e+00 -6.737547e-01 1.428363e+02
      vertex   0.000000e+00 -5.029785e-01 1.430071e+02
      vertex   0.000000e+00 -6.737547e-01 1.428363e+02
    endloop
  endfacet
  facet normal 4.564637e-16 -6.167189e-01 7.871835e-01
    outer loop
      vertex   3.000000e+00 -6.737547e-01 1.428363e+02
      vertex   0.000000e+00 -6.737547e-01 1.428363e+02
      vertex   3.000000e+00 -8.638705e-01 1.426874e+02
    endloop
  endfacet
  facet normal -5.021100e-16 -6.167189e-01 7.871835e-01
    outer loop
      vertex   3.000000e+00 -8.638705e-01 1.426874e+02
      vertex   0.000000e+00 -6.737547e-01 1.428363e+02
      vertex   0.000000e+00 -8.638705e-01 1.426874e+02
    endloop
  endfacet
  facet normal -4.211976e-16 -5.173378e-01 8.557813e-01
    outer loop
      vertex   3.000000e+00 -8.638705e-01 1.426874e+02
      vertex   0.000000e+00 -8.638705e-01 1.426874e+02
      vertex   3.000000e+00 -1.070554e+00 1.425624e+02
    endloop
  endfacet
  facet normal -5.743604e-16 -5.173378e-01 8.557813e-01
    outer loop
      vertex   3.000000e+00 -1.070554e+00 1.425624e+02
      vertex   0.000000e+00 -8.638705e-01 1.426874e+02
      vertex   0.000000e+00 -1.070554e+00 1.425624e+02
    endloop
  endfacet
  facet normal -4.556497e-16 -4.104128e-01 9.118998e-01
    outer loop
      vertex   3.000000e+00 -1.070554e+00 1.425624e+02
      vertex   0.000000e+00 -1.070554e+00 1.425624e+02
      vertex   3.000000e+00 -1.290790e+00 1.424633e+02
    endloop
  endfacet
  facet normal -3.948964e-16 -4.104128e-01 9.118998e-01
    outer loop
      vertex   3.000000e+00 -1.290790e+00 1.424633e+02
      vertex   0.000000e+00 -1.070554e+00 1.425624e+02
      vertex   0.000000e+00 -1.290790e+00 1.424633e+02
    endloop
  endfacet
  facet normal -2.862554e-16 -2.975031e-01 9.547209e-01
    outer loop
      vertex   3.000000e+00 -1.290790e+00 1.424633e+02
      vertex   0.000000e+00 -1.290790e+00 1.424633e+02
      vertex   3.000000e+00 -1.521369e+00 1.423914e+02
    endloop
  endfacet
  facet normal -1.761572e-16 -2.975031e-01 9.547209e-01
    outer loop
      vertex   3.000000e+00 -1.521369e+00 1.423914e+02
      vertex   0.000000e+00 -1.290790e+00 1.424633e+02
      vertex   0.000000e+00 -1.521369e+00 1.423914e+02
    endloop
  endfacet
  facet normal -1.067324e-16 -1.802550e-01 9.836199e-01
    outer loop
      vertex   3.000000e+00 -1.521369e+00 1.423914e+02
      vertex   0.000000e+00 -1.521369e+00 1.423914e+02
      vertex   3.000000e+00 -1.758927e+00 1.423479e+02
    endloop
  endfacet
  facet normal 1.334155e-17 -1.802550e-01 9.836199e-01
    outer loop
      vertex   3.000000e+00 -1.758927e+00 1.423479e+02
      vertex   0.000000e+00 -1.521369e+00 1.423914e+02
      vertex   0.000000e+00 -1.758927e+00 1.423479e+02
    endloop
  endfacet
  facet normal 4.468907e-18 -6.037850e-02 9.981756e-01
    outer loop
      vertex   3.000000e+00 -1.758927e+00 1.423479e+02
      vertex   0.000000e+00 -1.758927e+00 1.423479e+02
      vertex   0.000000e+00 -2.000000e+00 1.423333e+02
    endloop
  endfacet
  facet normal 0.000000e+00 -6.037850e-02 9.981756e-01
    outer loop
      vertex   0.000000e+00 -2.000000e+00 1.423333e+02
      vertex   6.000000e+00 -2.000000e+00 1.423333e+02
      vertex   3.000000e+00 -1.758927e+00 1.423479e+02
    endloop
  endfacet
  facet normal 0.000000e+00 -6.037850e-02 9.981756e-01
    outer loop
      vertex   3.000000e+00 -1.758927e+00 1.423479e+02
      vertex   6.000000e+00 -2.000000e+00 1.423333e+02
      vertex   6.000000e+00 -1.758927e+00 1.423479e+02
    endloop
  endfacet
  facet normal 0.000000e+00 -1.802550e-01 9.836199e-01
    outer loop
      vertex   3.000000e+00 -1.758927e+00 1.423479e+02
      vertex   6.000000e+00 -1.758927e+00 1.423479e+02
      vertex   3.000000e+00 -1.521369e+00 1.423914e+02
    endloop
  endfacet
  facet normal 1.067324e-16 -1.802550e-01 9.836199e-01
    outer loop
      vertex   3.000000e+00 -1.521369e+00 1.423914e+02
      vertex   6.000000e+00 -1.758927e+00 1.423479e+02
      vertex   6.000000e+00 -1.521369e+00 1.423914e+02
    endloop
  endfacet
  facet normal 1.761572e-16 -2.975031e-01 9.547209e-01
    outer loop
      vertex   3.000000e+00 -1.521369e+00 1.423914e+02
      vertex   6.000000e+00 -1.521369e+00 1.423914e+02
      vertex   3.000000e+00 -1.290790e+00 1.424633e+02
    endloop
  endfacet
  facet normal 3.082751e-16 -2.975031e-01 9.547209e-01
    outer loop
      vertex   3.000000e+00 -1.290790e+00 1.424633e+02
      vertex   6.000000e+00 -1.521369e+00 1.423914e+02
      vertex   6.000000e+00 -1.290790e+00 1.424633e+02
    endloop
  endfacet
  facet normal 4.252731e-16 -4.104128e-01 9.118998e-01
    outer loop
      vertex   3.000000e+00 -1.290790e+00 1.424633e+02
      vertex   6.000000e+00 -1.290790e+00 1.424633e+02
      vertex   3.000000e+00 -1.070554e+00 1.425624e+02
    endloop
  endfacet
  facet normal 4.556497e-16 -4.104128e-01 9.118998e-01
    outer loop
      vertex   3.000000e+00 -1.070554e+00 1.425624e+02
      vertex   6.000000e+00 -1.290790e+00 1.424633e+02
      vertex   6.000000e+00 -1.070554e+00 1.425624e+02
    endloop
  endfacet
  facet normal 5.743604e-16 -5.173378e-01 8.557813e-01
    outer loop
      vertex   3.000000e+00 -1.070554e+00 1.425624e+02
      vertex   6.000000e+00 -1.070554e+00 1.425624e+02
      vertex   3.000000e+00 -8.638705e-01 1.426874e+02
    endloop
  endfacet
  facet normal 4.594883e-16 -5.173378e-01 8.557813e-01
    outer loop
      vertex   3.000000e+00 -8.638705e-01 1.426874e+02
      vertex   6.000000e+00 -1.070554e+00 1.425624e+02
      vertex   6.000000e+00 -8.638705e-01 1.426874e+02
    endloop
  endfacet
  facet normal 5.477564e-16 -6.167189e-01 7.871835e-01
    outer loop
      vertex   3.000000e+00 -8.638705e-01 1.426874e+02
      vertex   6.000000e+00 -8.638705e-01 1.426874e+02
      vertex   3.000000e+00 -6.737547e-01 1.428363e+02
    endloop
  endfacet
  facet normal -4.108173e-16 -6.167189e-01 7.871835e-01
    outer loop
      vertex   3.000000e+00 -6.737547e-01 1.428363e+02
      vertex   6.000000e+00 -8.638705e-01 1.426874e+02
      vertex   6.000000e+00 -6.737547e-01 1.428363e+02
    endloop
  endfacet
  facet normal -4.710277e-16 -7.071068e-01 7.071068e-01
    outer loop
      vertex   3.000000e+00 -6.737547e-01 1.428363e+02
      vertex   6.000000e+00 -6.737547e-01 1.428363e+02
      vertex   3.000000e+00 -5.029785e-01 1.430071e+02
    endloop
  endfacet
  facet normal -3.925231e-16 -7.071068e-01 7.071068e-01
    outer loop
      vertex   3.000000e+00 -5.029785e-01 1.430071e+02
      vertex   6.000000e+00 -6.737547e-01 1.428363e+02
      vertex   6.000000e+00 -5.029785e-01 1.430071e+02
    endloop
  endfacet
  facet normal -4.369746e-16 -7.871835e-01 6.167189e-01
    outer loop
      vertex   3.000000e+00 -5.029785e-01 1.430071e+02
      vertex   6.000000e+00 -5.029785e-01 1.430071e+02
      vertex   3.000000e+00 -3.540323e-01 1.431972e+02
    endloop
  endfacet
  facet normal -1.019607e-15 -7.871835e-01 6.167189e-01
    outer loop
      vertex   3.000000e+00 -3.540323e-01 1.431972e+02
      vertex   6.000000e+00 -5.029785e-01 1.430071e+02
      vertex   6.000000e+00 -3.540323e-01 1.431972e+02
    endloop
  endfacet
  facet normal -1.108459e-15 -8.557813e-01 5.173378e-01
    outer loop
      vertex   3.000000e+00 -3.540323e-01 1.431972e+02
      vertex   6.000000e+00 -3.540323e-01 1.431972e+02
      vertex   3.000000e+00 -2.290879e-01 1.434039e+02
    endloop
  endfacet
  facet normal 8.709324e-16 -8.557813e-01 5.173378e-01
    outer loop
      vertex   3.000000e+00 -2.290879e-01 1.434039e+02
      vertex   6.000000e+00 -3.540323e-01 1.431972e+02
      vertex   6.000000e+00 -2.290879e-01 1.434039e+02
    endloop
  endfacet
  facet normal 9.280445e-16 -9.118998e-01 4.104128e-01
    outer loop
      vertex   3.000000e+00 -2.290879e-01 1.434039e+02
      vertex   6.000000e+00 -2.290879e-01 1.434039e+02
      vertex   3.000000e+00 -1.299675e-01 1.436241e+02
    endloop
  endfacet
  facet normal 2.531031e-16 -9.118998e-01 4.104128e-01
    outer loop
      vertex   3.000000e+00 -1.299675e-01 1.436241e+02
      vertex   6.000000e+00 -2.290879e-01 1.434039e+02
      vertex   6.000000e+00 -1.299675e-01 1.436241e+02
    endloop
  endfacet
  facet normal 2.649883e-16 -9.547209e-01 2.975031e-01
    outer loop
      vertex   3.000000e+00 -1.299675e-01 1.436241e+02
      vertex   6.000000e+00 -1.299675e-01 1.436241e+02
      vertex   3.000000e+00 -5.811637e-02 1.438547e+02
    endloop
  endfacet
  facet normal -1.766588e-16 -9.547209e-01 2.975031e-01
    outer loop
      vertex   3.000000e+00 -5.811637e-02 1.438547e+02
      vertex   6.000000e+00 -1.299675e-01 1.436241e+02
      vertex   6.000000e+00 -5.811637e-02 1.438547e+02
    endloop
  endfacet
  facet normal -1.820062e-16 -9.836199e-01 1.802550e-01
    outer loop
      vertex   3.000000e+00 -5.811637e-02 1.438547e+02
      vertex   6.000000e+00 -5.811637e-02 1.438547e+02
      vertex   3.000000e+00 -1.458225e-02 1.440923e+02
    endloop
  endfacet
  facet normal 1.820062e-16 -9.836199e-01 1.802550e-01
    outer loop
      vertex   3.000000e+00 -1.458225e-02 1.440923e+02
      vertex   6.000000e+00 -5.811637e-02 1.438547e+02
      vertex   6.000000e+00 -1.458225e-02 1.440923e+02
    endloop
  endfacet
  facet normal 1.846996e-16 -9.981756e-01 6.037850e-02
    outer loop
      vertex   3.000000e+00 -1.458225e-02 1.440923e+02
      vertex   6.000000e+00 -1.458225e-02 1.440923e+02
      vertex   6.000000e+00 -8.881784e-15 1.443333e+02
    endloop
  endfacet
  facet normal -4.625929e-17 -1.000000e+00 6.983661e-16
    outer loop
      vertex   0.000000e+00 -1.942890e-15 1.546667e+02
      vertex   0.000000e+00 -9.159340e-15 1.443333e+02
      vertex   6.000000e+00 -2.220446e-15 1.546667e+02
    endloop
  endfacet
  facet normal 4.625929e-17 -1.000000e+00 6.446456e-16
    outer loop
      vertex   6.000000e+00 -2.220446e-15 1.546667e+02
      vertex   0.000000e+00 -9.159340e-15 1.443333e+02
      vertex   6.000000e+00 -8.881784e-15 1.443333e+02
    endloop
  endfacet
  facet normal -0.000000e+00 -6.037850e-02 -9.981756e-01
    outer loop
      vertex   6.000000e+00 -2.000000e+00 1.566667e+02
      vertex   0.000000e+00 -2.000000e+00 1.566667e+02
      vertex   3.000000e+00 -1.758927e+00 1.566521e+02
    endloop
  endfacet
  facet normal -1.787563e-17 -6.037850e-02 -9.981756e-01
    outer loop
      vertex   3.000000e+00 -1.758927e+00 1.566521e+02
      vertex   0.000000e+00 -2.000000e+00 1.566667e+02
      vertex   0.000000e+00 -1.758927e+00 1.566521e+02
    endloop
  endfacet
  facet normal -5.336621e-17 -1.802550e-01 -9.836199e-01
    outer loop
      vertex   3.000000e+00 -1.758927e+00 1.566521e+02
      vertex   0.000000e+00 -1.758927e+00 1.566521e+02
      vertex   3.000000e+00 -1.521369e+00 1.566086e+02
    endloop
  endfacet
  facet normal -0.000000e+00 -1.802550e-01 -9.836199e-01
    outer loop
      vertex   3.000000e+00 -1.521369e+00 1.566086e+02
      vertex   0.000000e+00 -1.758927e+00 1.566521e+02
      vertex   0.000000e+00 -1.521369e+00 1.566086e+02
    endloop
  endfacet
  facet normal -0.000000e+00 -2.975031e-01 -9.547209e-01
    outer loop
      vertex   3.000000e+00 -1.521369e+00 1.566086e+02
      vertex   0.000000e+00 -1.521369e+00 1.566086e+02
      vertex   3.000000e+00 -1.290790e+00 1.565367e+02
    endloop
  endfacet
  facet normal -6.605895e-17 -2.975031e-01 -9.547209e-01
    outer loop
      vertex   3.000000e+00 -1.290790e+00 1.565367e+02
      vertex   0.000000e+00 -1.521369e+00 1.566086e+02
      vertex   0.000000e+00 -1.290790e+00 1.565367e+02
    endloop
  endfacet
  facet normal -9.112995e-17 -4.104128e-01 -9.118998e-01
    outer loop
      vertex   3.000000e+00 -1.290790e+00 1.565367e+02
      vertex   0.000000e+00 -1.290790e+00 1.565367e+02
      vertex   3.000000e+00 -1.070554e+00 1.564376e+02
    endloop
  endfacet
  facet normal -9.112995e-17 -4.104128e-01 -9.118998e-01
    outer loop
      vertex   3.000000e+00 -1.070554e+00 1.564376e+02
      vertex   0.000000e+00 -1.290790e+00 1.565367e+02
      vertex   0.000000e+00 -1.070554e+00 1.564376e+02
    endloop
  endfacet
  facet normal -1.148721e-16 -5.173378e-01 -8.557813e-01
    outer loop
      vertex   3.000000e+00 -1.070554e+00 1.564376e+02
      vertex   0.000000e+00 -1.070554e+00 1.564376e+02
      vertex   3.000000e+00 -8.638705e-01 1.563126e+02
    endloop
  endfacet
  facet normal 7.658138e-17 -5.173378e-01 -8.557813e-01
    outer loop
      vertex   3.000000e+00 -8.638705e-01 1.563126e+02
      vertex   0.000000e+00 -1.070554e+00 1.564376e+02
      vertex   0.000000e+00 -8.638705e-01 1.563126e+02
    endloop
  endfacet
  facet normal 9.129273e-17 -6.167189e-01 -7.871835e-01
    outer loop
      vertex   3.000000e+00 -8.638705e-01 1.563126e+02
      vertex   0.000000e+00 -8.638705e-01 1.563126e+02
      vertex   3.000000e+00 -6.737547e-01 1.561637e+02
    endloop
  endfacet
  facet normal -7.531650e-16 -6.167189e-01 -7.871835e-01
    outer loop
      vertex   3.000000e+00 -6.737547e-01 1.561637e+02
      vertex   0.000000e+00 -8.638705e-01 1.563126e+02
      vertex   0.000000e+00 -6.737547e-01 1.561637e+02
    endloop
  endfacet
  facet normal -8.635509e-16 -7.071068e-01 -7.071068e-01
    outer loop
      vertex   3.000000e+00 -6.737547e-01 1.561637e+02
      vertex   0.000000e+00 -6.737547e-01 1.561637e+02
      vertex   3.000000e+00 -5.029785e-01 1.559929e+02
    endloop
  endfacet
  facet normal 9.682237e-16 -7.071068e-01 -7.071068e-01
    outer loop
      vertex   3.000000e+00 -5.029785e-01 1.559929e+02
      vertex   0.000000e+00 -6.737547e-01 1.561637e+02
      vertex   0.000000e+00 -5.029785e-01 1.559929e+02
    endloop
  endfacet
  facet normal 1.077871e-15 -7.871835e-01 -6.167189e-01
    outer loop
      vertex   3.000000e+00 -5.029785e-01 1.559929e+02
      vertex   0.000000e+00 -5.029785e-01 1.559929e+02
      vertex   3.000000e+00 -3.540323e-01 1.558028e+02
    endloop
  endfacet
  facet normal -6.554619e-16 -7.871835e-01 -6.167189e-01
    outer loop
      vertex   3.000000e+00 -3.540323e-01 1.558028e+02
      vertex   0.000000e+00 -5.029785e-01 1.559929e+02
      vertex   0.000000e+00 -3.540323e-01 1.558028e+02
    endloop
  endfacet
  facet normal -7.125811e-16 -8.557813e-01 -5.173378e-01
    outer loop
      vertex   3.000000e+00 -3.540323e-01 1.558028e+02
      vertex   0.000000e+00 -3.540323e-01 1.558028e+02
      vertex   3.000000e+00 -2.290879e-01 1.555961e+02
    endloop
  endfacet
  facet normal -4.750540e-16 -8.557813e-01 -5.173378e-01
    outer loop
      vertex   3.000000e+00 -2.290879e-01 1.555961e+02
      vertex   0.000000e+00 -3.540323e-01 1.558028e+02
      vertex   0.000000e+00 -2.290879e-01 1.555961e+02
    endloop
  endfacet
  facet normal -5.062061e-16 -9.118998e-01 -4.104128e-01
    outer loop
      vertex   3.000000e+00 -2.290879e-01 1.555961e+02
      vertex   0.000000e+00 -2.290879e-01 1.555961e+02
      vertex   3.000000e+00 -1.299675e-01 1.553759e+02
    endloop
  endfacet
  facet normal -0.000000e+00 -9.118998e-01 -4.104128e-01
    outer loop
      vertex   3.000000e+00 -1.299675e-01 1.553759e+02
      vertex   0.000000e+00 -2.290879e-01 1.555961e+02
      vertex   0.000000e+00 -1.299675e-01 1.553759e+02
    endloop
  endfacet
  facet normal -0.000000e+00 -9.547209e-01 -2.975031e-01
    outer loop
      vertex   3.000000e+00 -1.299675e-01 1.553759e+02
      vertex   0.000000e+00 -1.299675e-01 1.553759e+02
      vertex   3.000000e+00 -5.811637e-02 1.551453e+02
    endloop
  endfacet
  facet normal 3.533177e-16 -9.547209e-01 -2.975031e-01
    outer loop
      vertex   3.000000e+00 -5.811637e-02 1.551453e+02
      vertex   0.000000e+00 -1.299675e-01 1.553759e+02
      vertex   0.000000e+00 -5.811637e-02 1.551453e+02
    endloop
  endfacet
  facet normal 3.640125e-16 -9.836199e-01 -1.802550e-01
    outer loop
      vertex   3.000000e+00 -5.811637e-02 1.551453e+02
      vertex   0.000000e+00 -5.811637e-02 1.551453e+02
      vertex   3.000000e+00 -1.458225e-02 1.549077e+02
    endloop
  endfacet
  facet normal -9.100312e-17 -9.836199e-01 -1.802550e-01
    outer loop
      vertex   3.000000e+00 -1.458225e-02 1.549077e+02
      vertex   0.000000e+00 -5.811637e-02 1.551453e+02
      vertex   0.000000e+00 -1.458225e-02 1.549077e+02
    endloop
  endfacet
  facet normal -9.234979e-17 -9.981756e-01 -6.037850e-02
    outer loop
      vertex   3.000000e+00 -1.458225e-02 1.549077e+02
      vertex   0.000000e+00 -1.458225e-02 1.549077e+02
      vertex   0.000000e+00 -1.942890e-15 1.546667e+02
    endloop
  endfacet
  facet normal -4.617490e-17 -9.981756e-01 -6.037850e-02
    outer loop
      vertex   0.000000e+00 -1.942890e-15 1.546667e+02
      vertex   6.000000e+00 -2.220446e-15 1.546667e+02
      vertex   3.000000e+00 -1.458225e-02 1.549077e+02
    endloop
  endfacet
  facet normal 9.234979e-17 -9.981756e-01 -6.037850e-02
    outer loop
      vertex   3.000000e+00 -1.458225e-02 1.549077e+02
      vertex   6.000000e+00 -2.220446e-15 1.546667e+02
      vertex   6.000000e+00 -1.458225e-02 1.549077e+02
    endloop
  endfacet
  facet normal 9.100312e-17 -9.836199e-01 -1.802550e-01
    outer loop
      vertex   3.000000e+00 -1.458225e-02 1.549077e+02
      vertex   6.000000e+00 -1.458225e-02 1.549077e+02
      vertex   3.000000e+00 -5.811637e-02 1.551453e+02
    endloop
  endfacet
  facet normal -3.640125e-16 -9.836199e-01 -1.802550e-01
    outer loop
      vertex   3.000000e+00 -5.811637e-02 1.551453e+02
      vertex   6.000000e+00 -1.458225e-02 1.549077e+02
      vertex   6.000000e+00 -5.811637e-02 1.551453e+02
    endloop
  endfacet
  facet normal -3.533177e-16 -9.547209e-01 -2.975031e-01
    outer loop
      vertex   3.000000e+00 -5.811637e-02 1.551453e+02
      vertex   6.000000e+00 -5.811637e-02 1.551453e+02
      vertex   3.000000e+00 -1.299675e-01 1.553759e+02
    endloop
  endfacet
  facet normal 0.000000e+00 -9.547209e-01 -2.975031e-01
    outer loop
      vertex   3.000000e+00 -1.299675e-01 1.553759e+02
      vertex   6.000000e+00 -5.811637e-02 1.551453e+02
      vertex   6.000000e+00 -1.299675e-01 1.553759e+02
    endloop
  endfacet
  facet normal 0.000000e+00 -9.118998e-01 -4.104128e-01
    outer loop
      vertex   3.000000e+00 -1.299675e-01 1.553759e+02
      vertex   6.000000e+00 -1.299675e-01 1.553759e+02
      vertex   3.000000e+00 -2.290879e-01 1.555961e+02
    endloop
  endfacet
  facet normal 5.062061e-16 -9.118998e-01 -4.104128e-01
    outer loop
      vertex   3.000000e+00 -2.290879e-01 1.555961e+02
      vertex   6.000000e+00 -1.299675e-01 1.553759e+02
      vertex   6.000000e+00 -2.290879e-01 1.555961e+02
    endloop
  endfacet
  facet normal 4.750540e-16 -8.557813e-01 -5.173378e-01
    outer loop
      vertex   3.000000e+00 -2.290879e-01 1.555961e+02
      vertex   6.000000e+00 -2.290879e-01 1.555961e+02
      vertex   3.000000e+00 -3.540323e-01 1.558028e+02
    endloop
  endfacet
  facet normal 7.125811e-16 -8.557813e-01 -5.173378e-01
    outer loop
      vertex   3.000000e+00 -3.540323e-01 1.558028e+02
      vertex   6.000000e+00 -2.290879e-01 1.555961e+02
      vertex   6.000000e+00 -3.540323e-01 1.558028e+02
    endloop
  endfacet
  facet normal 6.554619e-16 -7.871835e-01 -6.167189e-01
    outer loop
      vertex   3.000000e+00 -3.540323e-01 1.558028e+02
      vertex   6.000000e+00 -3.540323e-01 1.558028e+02
      vertex   3.000000e+00 -5.029785e-01 1.559929e+02
    endloop
  endfacet
  facet normal -1.077871e-15 -7.871835e-01 -6.167189e-01
    outer loop
      vertex   3.000000e+00 -5.029785e-01 1.559929e+02
      vertex   6.000000e+00 -3.540323e-01 1.558028e+02
      vertex   6.000000e+00 -5.029785e-01 1.559929e+02
    endloop
  endfacet
  facet normal -9.682237e-16 -7.071068e-01 -7.071068e-01
    outer loop
      vertex   3.000000e+00 -5.029785e-01 1.559929e+02
      vertex   6.000000e+00 -5.029785e-01 1.559929e+02
      vertex   3.000000e+00 -6.737547e-01 1.561637e+02
    endloop
  endfacet
  facet normal 9.158873e-16 -7.071068e-01 -7.071068e-01
    outer loop
      vertex   3.000000e+00 -6.737547e-01 1.561637e+02
      vertex   6.000000e+00 -5.029785e-01 1.559929e+02
      vertex   6.000000e+00 -6.737547e-01 1.561637e+02
    endloop
  endfacet
  facet normal 7.988114e-16 -6.167189e-01 -7.871835e-01
    outer loop
      vertex   3.000000e+00 -6.737547e-01 1.561637e+02
      vertex   6.000000e+00 -6.737547e-01 1.561637e+02
      vertex   3.000000e+00 -8.638705e-01 1.563126e+02
    endloop
  endfacet
  facet normal -4.564637e-17 -6.167189e-01 -7.871835e-01
    outer loop
      vertex   3.000000e+00 -8.638705e-01 1.563126e+02
      vertex   6.000000e+00 -6.737547e-01 1.561637e+02
      vertex   6.000000e+00 -8.638705e-01 1.563126e+02
    endloop
  endfacet
  facet normal -3.829069e-17 -5.173378e-01 -8.557813e-01
    outer loop
      vertex   3.000000e+00 -8.638705e-01 1.563126e+02
      vertex   6.000000e+00 -8.638705e-01 1.563126e+02
      vertex   3.000000e+00 -1.070554e+00 1.564376e+02
    endloop
  endfacet
  facet normal 1.148721e-16 -5.173378e-01 -8.557813e-01
    outer loop
      vertex   3.000000e+00 -1.070554e+00 1.564376e+02
      vertex   6.000000e+00 -8.638705e-01 1.563126e+02
      vertex   6.000000e+00 -1.070554e+00 1.564376e+02
    endloop
  endfacet
  facet normal 9.112995e-17 -4.104128e-01 -9.118998e-01
    outer loop
      vertex   3.000000e+00 -1.070554e+00 1.564376e+02
      vertex   6.000000e+00 -1.070554e+00 1.564376e+02
      vertex   3.000000e+00 -1.290790e+00 1.565367e+02
    endloop
  endfacet
  facet normal 1.215066e-16 -4.104128e-01 -9.118998e-01
    outer loop
      vertex   3.000000e+00 -1.290790e+00 1.565367e+02
      vertex   6.000000e+00 -1.070554e+00 1.564376e+02
      vertex   6.000000e+00 -1.290790e+00 1.565367e+02
    endloop
  endfacet
  facet normal 8.807860e-17 -2.975031e-01 -9.547209e-01
    outer loop
      vertex   3.000000e+00 -1.290790e+00 1.565367e+02
      vertex   6.000000e+00 -1.290790e+00 1.565367e+02
      vertex   3.000000e+00 -1.521369e+00 1.566086e+02
    endloop
  endfacet
  facet normal 0.000000e+00 -2.975031e-01 -9.547209e-01
    outer loop
      vertex   3.000000e+00 -1.521369e+00 1.566086e+02
      vertex   6.000000e+00 -1.290790e+00 1.565367e+02
      vertex   6.000000e+00 -1.521369e+00 1.566086e+02
    endloop
  endfacet
  facet normal 0.000000e+00 -1.802550e-01 -9.836199e-01
    outer loop
      vertex   3.000000e+00 -1.521369e+00 1.566086e+02
      vertex   6.000000e+00 -1.521369e+00 1.566086e+02
      vertex   3.000000e+00 -1.758927e+00 1.566521e+02
    endloop
  endfacet
  facet normal 9.339087e-17 -1.802550e-01 -9.836199e-01
    outer loop
      vertex   3.000000e+00 -1.758927e+00 1.566521e+02
      vertex   6.000000e+00 -1.521369e+00 1.566086e+02
      vertex   6.000000e+00 -1.758927e+00 1.566521e+02
    endloop
  endfacet
  facet normal 3.128235e-17 -6.037850e-02 -9.981756e-01
    outer loop
      vertex   3.000000e+00 -1.758927e+00 1.566521e+02
      vertex   6.000000e+00 -1.758927e+00 1.566521e+02
      vertex   6.000000e+00 -2.000000e+00 1.566667e+02
    endloop
  endfacet
  facet normal 0.000000e+00 0.000000e+00 -1.000000e+00
    outer loop
      vertex   0.000000e+00 -5.000000e+00 1.566667e+02
      vertex   0.000000e+00 -2.000000e+00 1.566667e+02
      vertex   6.000000e+00 -5.000000e+00 1.566667e+02
    endloop
  endfacet
  facet normal 0.000000e+00 0.000000e+00 -1.000000e+00
    outer loop
      vertex   6.000000e+00 -5.000000e+00 1.566667e+02
      vertex   0.000000e+00 -2.000000e+00 1.566667e+02
      vertex   6.000000e+00 -2.000000e+00 1.566667e+02
    endloop
  endfacet
  facet normal -0.000000e+00 0.000000e+00 1.000000e+00
    outer loop
      vertex   0.000000e+00 -2.000000e+00 1.606667e+02
      vertex   0.000000e+00 -5.000000e+00 1.606667e+02
      vertex   6.000000e+00 -2.000000e+00 1.606667e+02
    endloop
  endfacet
  facet normal 0.000000e+00 0.000000e+00 1.000000e+00
    outer loop
      vertex   6.000000e+00 -2.000000e+00 1.606667e+02
      vertex   0.000000e+00 -5.000000e+00 1.606667e+02
      vertex   6.000000e+00 -5.000000e+00 1.606667e+02
    endloop
  endfacet
  facet normal 0.000000e+00 -9.981756e-01 6.037850e-02
    outer loop
      vertex   6.000000e+00 -1.054712e-14 1.626667e+02
      vertex   0.000000e+00 -1.054712e-14 1.626667e+02
      vertex   3.000000e+00 -1.458225e-02 1.624256e+02
    endloop
  endfacet
  facet normal 5.540987e-16 -9.981756e-01 6.037850e-02
    outer loop
      vertex   3.000000e+00 -1.458225e-02 1.624256e+02
      vertex   0.000000e+00 -1.054712e-14 1.626667e+02
      vertex   0.000000e+00 -1.458225e-02 1.624256e+02
    endloop
  endfacet
  facet normal 5.460187e-16 -9.836199e-01 1.802550e-01
    outer loop
      vertex   3.000000e+00 -1.458225e-02 1.624256e+02
      vertex   0.000000e+00 -1.458225e-02 1.624256e+02
      vertex   3.000000e+00 -5.811637e-02 1.621880e+02
    endloop
  endfacet
  facet normal 1.820062e-16 -9.836199e-01 1.802550e-01
    outer loop
      vertex   3.000000e+00 -5.811637e-02 1.621880e+02
      vertex   0.000000e+00 -1.458225e-02 1.624256e+02
      vertex   0.000000e+00 -5.811637e-02 1.621880e+02
    endloop
  endfacet
  facet normal 1.766588e-16 -9.547209e-01 2.975031e-01
    outer loop
      vertex   3.000000e+00 -5.811637e-02 1.621880e+02
      vertex   0.000000e+00 -5.811637e-02 1.621880e+02
      vertex   3.000000e+00 -1.299675e-01 1.619575e+02
    endloop
  endfacet
  facet normal 1.678259e-15 -9.547209e-01 2.975031e-01
    outer loop
      vertex   3.000000e+00 -1.299675e-01 1.619575e+02
      vertex   0.000000e+00 -5.811637e-02 1.621880e+02
      vertex   0.000000e+00 -1.299675e-01 1.619575e+02
    endloop
  endfacet
  facet normal 1.602986e-15 -9.118998e-01 4.104128e-01
    outer loop
      vertex   3.000000e+00 -1.299675e-01 1.619575e+02
      vertex   0.000000e+00 -1.299675e-01 1.619575e+02
      vertex   3.000000e+00 -2.290879e-01 1.617372e+02
    endloop
  endfacet
  facet normal 1.265515e-15 -9.118998e-01 4.104128e-01
    outer loop
      vertex   3.000000e+00 -2.290879e-01 1.617372e+02
      vertex   0.000000e+00 -1.299675e-01 1.619575e+02
      vertex   0.000000e+00 -2.290879e-01 1.617372e+02
    endloop
  endfacet
  facet normal 1.187635e-15 -8.557813e-01 5.173378e-01
    outer loop
      vertex   3.000000e+00 -2.290879e-01 1.617372e+02
      vertex   0.000000e+00 -2.290879e-01 1.617372e+02
      vertex   3.000000e+00 -3.540323e-01 1.615305e+02
    endloop
  endfacet
  facet normal 1.187635e-15 -8.557813e-01 5.173378e-01
    outer loop
      vertex   3.000000e+00 -3.540323e-01 1.615305e+02
      vertex   0.000000e+00 -2.290879e-01 1.617372e+02
      vertex   0.000000e+00 -3.540323e-01 1.615305e+02
    endloop
  endfacet
  facet normal 1.092437e-15 -7.871835e-01 6.167189e-01
    outer loop
      vertex   3.000000e+00 -3.540323e-01 1.615305e+02
      vertex   0.000000e+00 -3.540323e-01 1.615305e+02
      vertex   3.000000e+00 -5.029785e-01 1.613404e+02
    endloop
  endfacet
  facet normal 4.369746e-16 -7.871835e-01 6.167189e-01
    outer loop
      vertex   3.000000e+00 -5.029785e-01 1.613404e+02
      vertex   0.000000e+00 -3.540323e-01 1.615305e+02
      vertex   0.000000e+00 -5.029785e-01 1.613404e+02
    endloop
  endfacet
  facet normal 3.925231e-16 -7.071068e-01 7.071068e-01
    outer loop
      vertex   3.000000e+00 -5.029785e-01 1.613404e+02
      vertex   0.000000e+00 -5.029785e-01 1.613404e+02
      vertex   3.000000e+00 -6.737547e-01 1.611696e+02
    endloop
  endfacet
  facet normal 5.233642e-16 -7.071068e-01 7.071068e-01
    outer loop
      vertex   3.000000e+00 -6.737547e-01 1.611696e+02
      vertex   0.000000e+00 -5.029785e-01 1.613404e+02
      vertex   0.000000e+00 -6.737547e-01 1.611696e+02
    endloop
  endfacet
  facet normal 4.564637e-16 -6.167189e-01 7.871835e-01
    outer loop
      vertex   3.000000e+00 -6.737547e-01 1.611696e+02
      vertex   0.000000e+00 -6.737547e-01 1.611696e+02
      vertex   3.000000e+00 -8.638705e-01 1.610207e+02
    endloop
  endfacet
  facet normal 1.232452e-15 -6.167189e-01 7.871835e-01
    outer loop
      vertex   3.000000e+00 -8.638705e-01 1.610207e+02
      vertex   0.000000e+00 -6.737547e-01 1.611696e+02
      vertex   0.000000e+00 -8.638705e-01 1.610207e+02
    endloop
  endfacet
  facet normal 1.033849e-15 -5.173378e-01 8.557813e-01
    outer loop
      vertex   3.000000e+00 -8.638705e-01 1.610207e+02
      vertex   0.000000e+00 -8.638705e-01 1.610207e+02
      vertex   3.000000e+00 -1.070554e+00 1.608958e+02
    endloop
  endfacet
  facet normal 7.275231e-16 -5.173378e-01 8.557813e-01
    outer loop
      vertex   3.000000e+00 -1.070554e+00 1.608958e+02
      vertex   0.000000e+00 -8.638705e-01 1.610207e+02
      vertex   0.000000e+00 -1.070554e+00 1.608958e+02
    endloop
  endfacet
  facet normal 5.771563e-16 -4.104128e-01 9.118998e-01
    outer loop
      vertex   3.000000e+00 -1.070554e+00 1.608958e+02
      vertex   0.000000e+00 -1.070554e+00 1.608958e+02
      vertex   3.000000e+00 -1.290790e+00 1.607966e+02
    endloop
  endfacet
  facet normal 4.252731e-16 -4.104128e-01 9.118998e-01
    outer loop
      vertex   3.000000e+00 -1.290790e+00 1.607966e+02
      vertex   0.000000e+00 -1.070554e+00 1.608958e+02
      vertex   0.000000e+00 -1.290790e+00 1.607966e+02
    endloop
  endfacet
  facet normal 3.082751e-16 -2.975031e-01 9.547209e-01
    outer loop
      vertex   3.000000e+00 -1.290790e+00 1.607966e+02
      vertex   0.000000e+00 -1.290790e+00 1.607966e+02
      vertex   3.000000e+00 -1.521369e+00 1.607248e+02
    endloop
  endfacet
  facet normal -1.761572e-16 -2.975031e-01 9.547209e-01
    outer loop
      vertex   3.000000e+00 -1.521369e+00 1.607248e+02
      vertex   0.000000e+00 -1.290790e+00 1.607966e+02
      vertex   0.000000e+00 -1.521369e+00 1.607248e+02
    endloop
  endfacet
  facet normal -1.067324e-16 -1.802550e-01 9.836199e-01
    outer loop
      vertex   3.000000e+00 -1.521369e+00 1.607248e+02
      vertex   0.000000e+00 -1.521369e+00 1.607248e+02
      vertex   3.000000e+00 -1.758927e+00 1.606812e+02
    endloop
  endfacet
  facet normal 1.334155e-17 -1.802550e-01 9.836199e-01
    outer loop
      vertex   3.000000e+00 -1.758927e+00 1.606812e+02
      vertex   0.000000e+00 -1.521369e+00 1.607248e+02
      vertex   0.000000e+00 -1.758927e+00 1.606812e+02
    endloop
  endfacet
  facet normal 4.468907e-18 -6.037850e-02 9.981756e-01
    outer loop
      vertex   3.000000e+00 -1.758927e+00 1.606812e+02
      vertex   0.000000e+00 -1.758927e+00 1.606812e+02
      vertex   0.000000e+00 -2.000000e+00 1.606667e+02
    endloop
  endfacet
  facet normal 0.000000e+00 -6.037850e-02 9.981756e-01
    outer loop
      vertex   0.000000e+00 -2.000000e+00 1.606667e+02
      vertex   6.000000e+00 -2.000000e+00 1.606667e+02
      vertex   3.000000e+00 -1.758927e+00 1.606812e+02
    endloop
  endfacet
  facet normal 0.000000e+00 -6.037850e-02 9.981756e-01
    outer loop
      vertex   3.000000e+00 -1.758927e+00 1.606812e+02
      vertex   6.000000e+00 -2.000000e+00 1.606667e+02
      vertex   6.000000e+00 -1.758927e+00 1.606812e+02
    endloop
  endfacet
  facet normal 0.000000e+00 -1.802550e-01 9.836199e-01
    outer loop
      vertex   3.000000e+00 -1.758927e+00 1.606812e+02
      vertex   6.000000e+00 -1.758927e+00 1.606812e+02
      vertex   3.000000e+00 -1.521369e+00 1.607248e+02
    endloop
  endfacet
  facet normal 1.067324e-16 -1.802550e-01 9.836199e-01
    outer loop
      vertex   3.000000e+00 -1.521369e+00 1.607248e+02
      vertex   6.000000e+00 -1.758927e+00 1.606812e+02
      vertex   6.000000e+00 -1.521369e+00 1.607248e+02
    endloop
  endfacet
  facet normal 1.761572e-16 -2.975031e-01 9.547209e-01
    outer loop
      vertex   3.000000e+00 -1.521369e+00 1.607248e+02
      vertex   6.000000e+00 -1.521369e+00 1.607248e+02
      vertex   3.000000e+00 -1.290790e+00 1.607966e+02
    endloop
  endfacet
  facet normal -2.862554e-16 -2.975031e-01 9.547209e-01
    outer loop
      vertex   3.000000e+00 -1.290790e+00 1.607966e+02
      vertex   6.000000e+00 -1.521369e+00 1.607248e+02
      vertex   6.000000e+00 -1.290790e+00 1.607966e+02
    endloop
  endfacet
  facet normal -3.948964e-16 -4.104128e-01 9.118998e-01
    outer loop
      vertex   3.000000e+00 -1.290790e+00 1.607966e+02
      vertex   6.000000e+00 -1.290790e+00 1.607966e+02
      vertex   3.000000e+00 -1.070554e+00 1.608958e+02
    endloop
  endfacet
  facet normal -5.771563e-16 -4.104128e-01 9.118998e-01
    outer loop
      vertex   3.000000e+00 -1.070554e+00 1.608958e+02
      vertex   6.000000e+00 -1.290790e+00 1.607966e+02
      vertex   6.000000e+00 -1.070554e+00 1.608958e+02
    endloop
  endfacet
  facet normal -7.275231e-16 -5.173378e-01 8.557813e-01
    outer loop
      vertex   3.000000e+00 -1.070554e+00 1.608958e+02
      vertex   6.000000e+00 -1.070554e+00 1.608958e+02
      vertex   3.000000e+00 -8.638705e-01 1.610207e+02
    endloop
  endfacet
  facet normal -1.014703e-15 -5.173378e-01 8.557813e-01
    outer loop
      vertex   3.000000e+00 -8.638705e-01 1.610207e+02
      vertex   6.000000e+00 -1.070554e+00 1.608958e+02
      vertex   6.000000e+00 -8.638705e-01 1.610207e+02
    endloop
  endfacet
  facet normal -1.209629e-15 -6.167189e-01 7.871835e-01
    outer loop
      vertex   3.000000e+00 -8.638705e-01 1.610207e+02
      vertex   6.000000e+00 -8.638705e-01 1.610207e+02
      vertex   3.000000e+00 -6.737547e-01 1.611696e+02
    endloop
  endfacet
  facet normal -3.879941e-16 -6.167189e-01 7.871835e-01
    outer loop
      vertex   3.000000e+00 -6.737547e-01 1.611696e+02
      vertex   6.000000e+00 -8.638705e-01 1.610207e+02
      vertex   6.000000e+00 -6.737547e-01 1.611696e+02
    endloop
  endfacet
  facet normal -4.448595e-16 -7.071068e-01 7.071068e-01
    outer loop
      vertex   3.000000e+00 -6.737547e-01 1.611696e+02
      vertex   6.000000e+00 -6.737547e-01 1.611696e+02
      vertex   3.000000e+00 -5.029785e-01 1.613404e+02
    endloop
  endfacet
  facet normal -3.925231e-16 -7.071068e-01 7.071068e-01
    outer loop
      vertex   3.000000e+00 -5.029785e-01 1.613404e+02
      vertex   6.000000e+00 -6.737547e-01 1.611696e+02
      vertex   6.000000e+00 -5.029785e-01 1.613404e+02
    endloop
  endfacet
  facet normal -4.369746e-16 -7.871835e-01 6.167189e-01
    outer loop
      vertex   3.000000e+00 -5.029785e-01 1.613404e+02
      vertex   6.000000e+00 -5.029785e-01 1.613404e+02
      vertex   3.000000e+00 -3.540323e-01 1.615305e+02
    endloop
  endfacet
  facet normal -1.092437e-15 -7.871835e-01 6.167189e-01
    outer loop
      vertex   3.000000e+00 -3.540323e-01 1.615305e+02
      vertex   6.000000e+00 -5.029785e-01 1.613404e+02
      vertex   6.000000e+00 -3.540323e-01 1.615305e+02
    endloop
  endfacet
  facet normal -1.187635e-15 -8.557813e-01 5.173378e-01
    outer loop
      vertex   3.000000e+00 -3.540323e-01 1.615305e+02
      vertex   6.000000e+00 -3.540323e-01 1.615305e+02
      vertex   3.000000e+00 -2.290879e-01 1.617372e+02
    endloop
  endfacet
  facet normal -1.187635e-15 -8.557813e-01 5.173378e-01
    outer loop
      vertex   3.000000e+00 -2.290879e-01 1.617372e+02
      vertex   6.000000e+00 -3.540323e-01 1.615305e+02
      vertex   6.000000e+00 -2.290879e-01 1.617372e+02
    endloop
  endfacet
  facet normal -1.265515e-15 -9.118998e-01 4.104128e-01
    outer loop
      vertex   3.000000e+00 -2.290879e-01 1.617372e+02
      vertex   6.000000e+00 -2.290879e-01 1.617372e+02
      vertex   3.000000e+00 -1.299675e-01 1.619575e+02
    endloop
  endfacet
  facet normal -1.518618e-15 -9.118998e-01 4.104128e-01
    outer loop
      vertex   3.000000e+00 -1.299675e-01 1.619575e+02
      vertex   6.000000e+00 -2.290879e-01 1.617372e+02
      vertex   6.000000e+00 -1.299675e-01 1.619575e+02
    endloop
  endfacet
  facet normal -1.589930e-15 -9.547209e-01 2.975031e-01
    outer loop
      vertex   3.000000e+00 -1.299675e-01 1.619575e+02
      vertex   6.000000e+00 -1.299675e-01 1.619575e+02
      vertex   3.000000e+00 -5.811637e-02 1.621880e+02
    endloop
  endfacet
  facet normal -1.766588e-16 -9.547209e-01 2.975031e-01
    outer loop
      vertex   3.000000e+00 -5.811637e-02 1.621880e+02
      vertex   6.000000e+00 -1.299675e-01 1.619575e+02
      vertex   6.000000e+00 -5.811637e-02 1.621880e+02
    endloop
  endfacet
  facet normal -1.820062e-16 -9.836199e-01 1.802550e-01
    outer loop
      vertex   3.000000e+00 -5.811637e-02 1.621880e+02
      vertex   6.000000e+00 -5.811637e-02 1.621880e+02
      vertex   3.000000e+00 -1.458225e-02 1.624256e+02
    endloop
  endfacet
  facet normal -5.460187e-16 -9.836199e-01 1.802550e-01
    outer loop
      vertex   3.000000e+00 -1.458225e-02 1.624256e+02
      vertex   6.000000e+00 -5.811637e-02 1.621880e+02
      vertex   6.000000e+00 -1.458225e-02 1.624256e+02
    endloop
  endfacet
  facet normal -5.540987e-16 -9.981756e-01 6.037850e-02
    outer loop
      vertex   3.000000e+00 -1.458225e-02 1.624256e+02
      vertex   6.000000e+00 -1.458225e-02 1.624256e+02
      vertex   6.000000e+00 -1.054712e-14 1.626667e+02
    endloop
  endfacet
  facet normal 0.000000e+00 -1.000000e+00 6.983661e-16
    outer loop
      vertex   0.000000e+00 -3.330669e-15 1.730000e+02
      vertex   0.000000e+00 -1.054712e-14 1.626667e+02
      vertex   6.000000e+00 -3.330669e-15 1.730000e+02
    endloop
  endfacet
  facet normal 0.000000e+00 -1.000000e+00 6.983661e-16
    outer loop
      vertex   6.000000e+00 -3.330669e-15 1.730000e+02
      vertex   0.000000e+00 -1.054712e-14 1.626667e+02
      vertex   6.000000e+00 -1.054712e-14 1.626667e+02
    endloop
  endfacet
  facet normal -0.000000e+00 -6.037850e-02 -9.981756e-01
    outer loop
      vertex   6.000000e+00 -2.000000e+00 1.750000e+02
      vertex   0.000000e+00 -2.000000e+00 1.750000e+02
      vertex   3.000000e+00 -1.758927e+00 1.749854e+02
    endloop
  endfacet
  facet normal 2.681344e-17 -6.037850e-02 -9.981756e-01
    outer loop
      vertex   3.000000e+00 -1.758927e+00 1.749854e+02
      vertex   0.000000e+00 -2.000000e+00 1.750000e+02
      vertex   0.000000e+00 -1.758927e+00 1.749854e+02
    endloop
  endfacet
  facet normal 8.004932e-17 -1.802550e-01 -9.836199e-01
    outer loop
      vertex   3.000000e+00 -1.758927e+00 1.749854e+02
      vertex   0.000000e+00 -1.758927e+00 1.749854e+02
      vertex   3.000000e+00 -1.521369e+00 1.749419e+02
    endloop
  endfacet
  facet normal -0.000000e+00 -1.802550e-01 -9.836199e-01
    outer loop
      vertex   3.000000e+00 -1.521369e+00 1.749419e+02
      vertex   0.000000e+00 -1.758927e+00 1.749854e+02
      vertex   0.000000e+00 -1.521369e+00 1.749419e+02
    endloop
  endfacet
  facet normal -0.000000e+00 -2.975031e-01 -9.547209e-01
    outer loop
      vertex   3.000000e+00 -1.521369e+00 1.749419e+02
      vertex   0.000000e+00 -1.521369e+00 1.749419e+02
      vertex   3.000000e+00 -1.290790e+00 1.748700e+02
    endloop
  endfacet
  facet normal 5.064519e-16 -2.975031e-01 -9.547209e-01
    outer loop
      vertex   3.000000e+00 -1.290790e+00 1.748700e+02
      vertex   0.000000e+00 -1.521369e+00 1.749419e+02
      vertex   0.000000e+00 -1.290790e+00 1.748700e+02
    endloop
  endfacet
  facet normal 6.986629e-16 -4.104128e-01 -9.118998e-01
    outer loop
      vertex   3.000000e+00 -1.290790e+00 1.748700e+02
      vertex   0.000000e+00 -1.290790e+00 1.748700e+02
      vertex   3.000000e+00 -1.070554e+00 1.747709e+02
    endloop
  endfacet
  facet normal 9.112995e-16 -4.104128e-01 -9.118998e-01
    outer loop
      vertex   3.000000e+00 -1.070554e+00 1.747709e+02
      vertex   0.000000e+00 -1.290790e+00 1.748700e+02
      vertex   0.000000e+00 -1.070554e+00 1.747709e+02
    endloop
  endfacet
  facet normal 1.148721e-15 -5.173378e-01 -8.557813e-01
    outer loop
      vertex   3.000000e+00 -1.070554e+00 1.747709e+02
      vertex   0.000000e+00 -1.070554e+00 1.747709e+02
      vertex   3.000000e+00 -8.638705e-01 1.746460e+02
    endloop
  endfacet
  facet normal -1.397610e-15 -5.173378e-01 -8.557813e-01
    outer loop
      vertex   3.000000e+00 -8.638705e-01 1.746460e+02
      vertex   0.000000e+00 -1.070554e+00 1.747709e+02
      vertex   0.000000e+00 -8.638705e-01 1.746460e+02
    endloop
  endfacet
  facet normal -1.666092e-15 -6.167189e-01 -7.871835e-01
    outer loop
      vertex   3.000000e+00 -8.638705e-01 1.746460e+02
      vertex   0.000000e+00 -8.638705e-01 1.746460e+02
      vertex   3.000000e+00 -6.737547e-01 1.744970e+02
    endloop
  endfacet
  facet normal 9.585737e-16 -6.167189e-01 -7.871835e-01
    outer loop
      vertex   3.000000e+00 -6.737547e-01 1.744970e+02
      vertex   0.000000e+00 -8.638705e-01 1.746460e+02
      vertex   0.000000e+00 -6.737547e-01 1.744970e+02
    endloop
  endfacet
  facet normal 1.099065e-15 -7.071068e-01 -7.071068e-01
    outer loop
      vertex   3.000000e+00 -6.737547e-01 1.744970e+02
      vertex   0.000000e+00 -6.737547e-01 1.744970e+02
      vertex   3.000000e+00 -5.029785e-01 1.743262e+02
    endloop
  endfacet
  facet normal 9.682237e-16 -7.071068e-01 -7.071068e-01
    outer loop
      vertex   3.000000e+00 -5.029785e-01 1.743262e+02
      vertex   0.000000e+00 -6.737547e-01 1.744970e+02
      vertex   0.000000e+00 -5.029785e-01 1.743262e+02
    endloop
  endfacet
  facet normal 1.077871e-15 -7.871835e-01 -6.167189e-01
    outer loop
      vertex   3.000000e+00 -5.029785e-01 1.743262e+02
      vertex   0.000000e+00 -5.029785e-01 1.743262e+02
      vertex   3.000000e+00 -3.540323e-01 1.741361e+02
    endloop
  endfacet
  facet normal 1.529411e-15 -7.871835e-01 -6.167189e-01
    outer loop
      vertex   3.000000e+00 -3.540323e-01 1.741361e+02
      vertex   0.000000e+00 -5.029785e-01 1.743262e+02
      vertex   0.000000e+00 -3.540323e-01 1.741361e+02
    endloop
  endfacet
  facet normal 1.662689e-15 -8.557813e-01 -5.173378e-01
    outer loop
      vertex   3.000000e+00 -3.540323e-01 1.741361e+02
      vertex   0.000000e+00 -3.540323e-01 1.741361e+02
      vertex   3.000000e+00 -2.290879e-01 1.739294e+02
    endloop
  endfacet
  facet normal 1.662689e-15 -8.557813e-01 -5.173378e-01
    outer loop
      vertex   3.000000e+00 -2.290879e-01 1.739294e+02
      vertex   0.000000e+00 -3.540323e-01 1.741361e+02
      vertex   0.000000e+00 -2.290879e-01 1.739294e+02
    endloop
  endfacet
  facet normal 1.771721e-15 -9.118998e-01 -4.104128e-01
    outer loop
      vertex   3.000000e+00 -2.290879e-01 1.739294e+02
      vertex   0.000000e+00 -2.290879e-01 1.739294e+02
      vertex   3.000000e+00 -1.299675e-01 1.737092e+02
    endloop
  endfacet
  facet normal -1.771721e-15 -9.118998e-01 -4.104128e-01
    outer loop
      vertex   3.000000e+00 -1.299675e-01 1.737092e+02
      vertex   0.000000e+00 -2.290879e-01 1.739294e+02
      vertex   0.000000e+00 -1.299675e-01 1.737092e+02
    endloop
  endfacet
  facet normal -1.854918e-15 -9.547209e-01 -2.975031e-01
    outer loop
      vertex   3.000000e+00 -1.299675e-01 1.737092e+02
      vertex   0.000000e+00 -1.299675e-01 1.737092e+02
      vertex   3.000000e+00 -5.811637e-02 1.734786e+02
    endloop
  endfacet
  facet normal 3.533177e-16 -9.547209e-01 -2.975031e-01
    outer loop
      vertex   3.000000e+00 -5.811637e-02 1.734786e+02
      vertex   0.000000e+00 -1.299675e-01 1.737092e+02
      vertex   0.000000e+00 -5.811637e-02 1.734786e+02
    endloop
  endfacet
  facet normal 3.640125e-16 -9.836199e-01 -1.802550e-01
    outer loop
      vertex   3.000000e+00 -5.811637e-02 1.734786e+02
      vertex   0.000000e+00 -5.811637e-02 1.734786e+02
      vertex   3.000000e+00 -1.458225e-02 1.732411e+02
    endloop
  endfacet
  facet normal 5.460187e-16 -9.836199e-01 -1.802550e-01
    outer loop
      vertex   3.000000e+00 -1.458225e-02 1.732411e+02
      vertex   0.000000e+00 -5.811637e-02 1.734786e+02
      vertex   0.000000e+00 -1.458225e-02 1.732411e+02
    endloop
  endfacet
  facet normal 5.540987e-16 -9.981756e-01 -6.037850e-02
    outer loop
      vertex   3.000000e+00 -1.458225e-02 1.732411e+02
      vertex   0.000000e+00 -1.458225e-02 1.732411e+02
      vertex   0.000000e+00 -3.330669e-15 1.730000e+02
    endloop
  endfacet
  facet normal 0.000000e+00 -9.981756e-01 -6.037850e-02
    outer loop
      vertex   0.000000e+00 -3.330669e-15 1.730000e+02
      vertex   6.000000e+00 -3.330669e-15 1.730000e+02
      vertex   3.000000e+00 -1.458225e-02 1.732411e+02
    endloop
  endfacet
  facet normal -5.540987e-16 -9.981756e-01 -6.037850e-02
    outer loop
      vertex   3.000000e+00 -1.458225e-02 1.732411e+02
      vertex   6.000000e+00 -3.330669e-15 1.730000e+02
      vertex   6.000000e+00 -1.458225e-02 1.732411e+02
    endloop
  endfacet
  facet normal -5.460187e-16 -9.836199e-01 -1.802550e-01
    outer loop
      vertex   3.000000e+00 -1.458225e-02 1.732411e+02
      vertex   6.000000e+00 -1.458225e-02 1.732411e+02
      vertex   3.000000e+00 -5.811637e-02 1.734786e+02
    endloop
  endfacet
  facet normal -3.640125e-16 -9.836199e-01 -1.802550e-01
    outer loop
      vertex   3.000000e+00 -5.811637e-02 1.734786e+02
      vertex   6.000000e+00 -1.458225e-02 1.732411e+02
      vertex   6.000000e+00 -5.811637e-02 1.734786e+02
    endloop
  endfacet
  facet normal -3.533177e-16 -9.547209e-01 -2.975031e-01
    outer loop
      vertex   3.000000e+00 -5.811637e-02 1.734786e+02
      vertex   6.000000e+00 -5.811637e-02 1.734786e+02
      vertex   3.000000e+00 -1.299675e-01 1.737092e+02
    endloop
  endfacet
  facet normal 1.854918e-15 -9.547209e-01 -2.975031e-01
    outer loop
      vertex   3.000000e+00 -1.299675e-01 1.737092e+02
      vertex   6.000000e+00 -5.811637e-02 1.734786e+02
      vertex   6.000000e+00 -1.299675e-01 1.737092e+02
    endloop
  endfacet
  facet normal 1.771721e-15 -9.118998e-01 -4.104128e-01
    outer loop
      vertex   3.000000e+00 -1.299675e-01 1.737092e+02
      vertex   6.000000e+00 -1.299675e-01 1.737092e+02
      vertex   3.000000e+00 -2.290879e-01 1.739294e+02
    endloop
  endfacet
  facet normal -1.771721e-15 -9.118998e-01 -4.104128e-01
    outer loop
      vertex   3.000000e+00 -2.290879e-01 1.739294e+02
      vertex   6.000000e+00 -1.299675e-01 1.737092e+02
      vertex   6.000000e+00 -2.290879e-01 1.739294e+02
    endloop
  endfacet
  facet normal -1.662689e-15 -8.557813e-01 -5.173378e-01
    outer loop
      vertex   3.000000e+00 -2.290879e-01 1.739294e+02
      vertex   6.000000e+00 -2.290879e-01 1.739294e+02
      vertex   3.000000e+00 -3.540323e-01 1.741361e+02
    endloop
  endfacet
  facet normal -1.741865e-15 -8.557813e-01 -5.173378e-01
    outer loop
      vertex   3.000000e+00 -3.540323e-01 1.741361e+02
      vertex   6.000000e+00 -2.290879e-01 1.739294e+02
      vertex   6.000000e+00 -3.540323e-01 1.741361e+02
    endloop
  endfacet
  facet normal -1.602240e-15 -7.871835e-01 -6.167189e-01
    outer loop
      vertex   3.000000e+00 -3.540323e-01 1.741361e+02
      vertex   6.000000e+00 -3.540323e-01 1.741361e+02
      vertex   3.000000e+00 -5.029785e-01 1.743262e+02
    endloop
  endfacet
  facet normal -1.165266e-15 -7.871835e-01 -6.167189e-01
    outer loop
      vertex   3.000000e+00 -5.029785e-01 1.743262e+02
      vertex   6.000000e+00 -3.540323e-01 1.741361e+02
      vertex   6.000000e+00 -5.029785e-01 1.743262e+02
    endloop
  endfacet
  facet normal -1.046728e-15 -7.071068e-01 -7.071068e-01
    outer loop
      vertex   3.000000e+00 -5.029785e-01 1.743262e+02
      vertex   6.000000e+00 -5.029785e-01 1.743262e+02
      vertex   3.000000e+00 -6.737547e-01 1.744970e+02
    endloop
  endfacet
  facet normal -1.151401e-15 -7.071068e-01 -7.071068e-01
    outer loop
      vertex   3.000000e+00 -6.737547e-01 1.744970e+02
      vertex   6.000000e+00 -5.029785e-01 1.743262e+02
      vertex   6.000000e+00 -6.737547e-01 1.744970e+02
    endloop
  endfacet
  facet normal -1.004220e-15 -6.167189e-01 -7.871835e-01
    outer loop
      vertex   3.000000e+00 -6.737547e-01 1.744970e+02
      vertex   6.000000e+00 -6.737547e-01 1.744970e+02
      vertex   3.000000e+00 -8.638705e-01 1.746460e+02
    endloop
  endfacet
  facet normal 1.643269e-15 -6.167189e-01 -7.871835e-01
    outer loop
      vertex   3.000000e+00 -8.638705e-01 1.746460e+02
      vertex   6.000000e+00 -6.737547e-01 1.744970e+02
      vertex   6.000000e+00 -8.638705e-01 1.746460e+02
    endloop
  endfacet
  facet normal 1.378465e-15 -5.173378e-01 -8.557813e-01
    outer loop
      vertex   3.000000e+00 -8.638705e-01 1.746460e+02
      vertex   6.000000e+00 -8.638705e-01 1.746460e+02
      vertex   3.000000e+00 -1.070554e+00 1.747709e+02
    endloop
  endfacet
  facet normal -1.148721e-15 -5.173378e-01 -8.557813e-01
    outer loop
      vertex   3.000000e+00 -1.070554e+00 1.747709e+02
      vertex   6.000000e+00 -8.638705e-01 1.746460e+02
      vertex   6.000000e+00 -1.070554e+00 1.747709e+02
    endloop
  endfacet
  facet normal -9.112995e-16 -4.104128e-01 -9.118998e-01
    outer loop
      vertex   3.000000e+00 -1.070554e+00 1.747709e+02
      vertex   6.000000e+00 -1.070554e+00 1.747709e+02
      vertex   3.000000e+00 -1.290790e+00 1.748700e+02
    endloop
  endfacet
  facet normal -7.897929e-16 -4.104128e-01 -9.118998e-01
    outer loop
      vertex   3.000000e+00 -1.290790e+00 1.748700e+02
      vertex   6.000000e+00 -1.070554e+00 1.747709e+02
      vertex   6.000000e+00 -1.290790e+00 1.748700e+02
    endloop
  endfacet
  facet normal -5.725109e-16 -2.975031e-01 -9.547209e-01
    outer loop
      vertex   3.000000e+00 -1.290790e+00 1.748700e+02
      vertex   6.000000e+00 -1.290790e+00 1.748700e+02
      vertex   3.000000e+00 -1.521369e+00 1.749419e+02
    endloop
  endfacet
  facet normal 0.000000e+00 -2.975031e-01 -9.547209e-01
    outer loop
      vertex   3.000000e+00 -1.521369e+00 1.749419e+02
      vertex   6.000000e+00 -1.290790e+00 1.748700e+02
      vertex   6.000000e+00 -1.521369e+00 1.749419e+02
    endloop
  endfacet
  facet normal 0.000000e+00 -1.802550e-01 -9.836199e-01
    outer loop
      vertex   3.000000e+00 -1.521369e+00 1.749419e+02
      vertex   6.000000e+00 -1.521369e+00 1.749419e+02
      vertex   3.000000e+00 -1.758927e+00 1.749854e+02
    endloop
  endfacet
  facet normal -9.339087e-17 -1.802550e-01 -9.836199e-01
    outer loop
      vertex   3.000000e+00 -1.758927e+00 1.749854e+02
      vertex   6.000000e+00 -1.521369e+00 1.749419e+02
      vertex   6.000000e+00 -1.758927e+00 1.749854e+02
    endloop
  endfacet
  facet normal -3.128235e-17 -6.037850e-02 -9.981756e-01
    outer loop
      vertex   3.000000e+00 -1.758927e+00 1.749854e+02
      vertex   6.000000e+00 -1.758927e+00 1.749854e+02
      vertex   6.000000e+00 -2.000000e+00 1.750000e+02
    endloop
  endfacet
  facet normal 0.000000e+00 0.000000e+00 -1.000000e+00
    outer loop
      vertex   0.000000e+00 -5.000000e+00 1.750000e+02
      vertex   0.000000e+00 -2.000000e+00 1.750000e+02
      vertex   6.000000e+00 -5.000000e+00 1.750000e+02
    endloop
  endfacet
  facet normal 0.000000e+00 0.000000e+00 -1.000000e+00
    outer loop
      vertex   6.000000e+00 -5.000000e+00 1.750000e+02
      vertex   0.000000e+00 -2.000000e+00 1.750000e+02
      vertex   6.000000e+00 -2.000000e+00 1.750000e+02
    endloop
  endfacet
  facet normal -0.000000e+00 0.000000e+00 1.000000e+00
    outer loop
      vertex   0.000000e+00 -2.000000e+00 1.790000e+02
      vertex   0.000000e+00 -5.000000e+00 1.790000e+02
      vertex   6.000000e+00 -2.000000e+00 1.790000e+02
    endloop
  endfacet
  facet normal 0.000000e+00 0.000000e+00 1.000000e+00
    outer loop
      vertex   6.000000e+00 -2.000000e+00 1.790000e+02
      vertex   0.000000e+00 -5.000000e+00 1.790000e+02
      vertex   6.000000e+00 -5.000000e+00 1.790000e+02
    endloop
  endfacet
  facet normal 4.617490e-17 -9.981756e-01 6.037850e-02
    outer loop
      vertex   6.000000e+00 -9.992007e-15 1.810000e+02
      vertex   0.000000e+00 -1.026956e-14 1.810000e+02
      vertex   3.000000e+00 -1.458225e-02 1.807589e+02
    endloop
  endfacet
  facet normal 5.540987e-16 -9.981756e-01 6.037850e-02
    outer loop
      vertex   3.000000e+00 -1.458225e-02 1.807589e+02
      vertex   0.000000e+00 -1.026956e-14 1.810000e+02
      vertex   0.000000e+00 -1.458225e-02 1.807589e+02
    endloop
  endfacet
  facet normal 5.460187e-16 -9.836199e-01 1.802550e-01
    outer loop
      vertex   3.000000e+00 -1.458225e-02 1.807589e+02
      vertex   0.000000e+00 -1.458225e-02 1.807589e+02
      vertex   3.000000e+00 -5.811637e-02 1.805214e+02
    endloop
  endfacet
  facet normal 1.820062e-16 -9.836199e-01 1.802550e-01
    outer loop
      vertex   3.000000e+00 -5.811637e-02 1.805214e+02
      vertex   0.000000e+00 -1.458225e-02 1.807589e+02
      vertex   0.000000e+00 -5.811637e-02 1.805214e+02
    endloop
  endfacet
  facet normal 1.766588e-16 -9.547209e-01 2.975031e-01
    outer loop
      vertex   3.000000e+00 -5.811637e-02 1.805214e+02
      vertex   0.000000e+00 -5.811637e-02 1.805214e+02
      vertex   3.000000e+00 -1.299675e-01 1.802908e+02
    endloop
  endfacet
  facet normal 1.589930e-15 -9.547209e-01 2.975031e-01
    outer loop
      vertex   3.000000e+00 -1.299675e-01 1.802908e+02
      vertex   0.000000e+00 -5.811637e-02 1.805214e+02
      vertex   0.000000e+00 -1.299675e-01 1.802908e+02
    endloop
  endfacet
  facet normal 1.518618e-15 -9.118998e-01 4.104128e-01
    outer loop
      vertex   3.000000e+00 -1.299675e-01 1.802908e+02
      vertex   0.000000e+00 -1.299675e-01 1.802908e+02
      vertex   3.000000e+00 -2.290879e-01 1.800706e+02
    endloop
  endfacet
  facet normal 1.265515e-15 -9.118998e-01 4.104128e-01
    outer loop
      vertex   3.000000e+00 -2.290879e-01 1.800706e+02
      vertex   0.000000e+00 -1.299675e-01 1.802908e+02
      vertex   0.000000e+00 -2.290879e-01 1.800706e+02
    endloop
  endfacet
  facet normal 1.187635e-15 -8.557813e-01 5.173378e-01
    outer loop
      vertex   3.000000e+00 -2.290879e-01 1.800706e+02
      vertex   0.000000e+00 -2.290879e-01 1.800706e+02
      vertex   3.000000e+00 -3.540323e-01 1.798639e+02
    endloop
  endfacet
  facet normal 1.108459e-15 -8.557813e-01 5.173378e-01
    outer loop
      vertex   3.000000e+00 -3.540323e-01 1.798639e+02
      vertex   0.000000e+00 -2.290879e-01 1.800706e+02
      vertex   0.000000e+00 -3.540323e-01 1.798639e+02
    endloop
  endfacet
  facet normal 1.019607e-15 -7.871835e-01 6.167189e-01
    outer loop
      vertex   3.000000e+00 -3.540323e-01 1.798639e+02
      vertex   0.000000e+00 -3.540323e-01 1.798639e+02
      vertex   3.000000e+00 -5.029785e-01 1.796738e+02
    endloop
  endfacet
  facet normal 4.369746e-16 -7.871835e-01 6.167189e-01
    outer loop
      vertex   3.000000e+00 -5.029785e-01 1.796738e+02
      vertex   0.000000e+00 -3.540323e-01 1.798639e+02
      vertex   0.000000e+00 -5.029785e-01 1.796738e+02
    endloop
  endfacet
  facet normal 3.925231e-16 -7.071068e-01 7.071068e-01
    outer loop
      vertex   3.000000e+00 -5.029785e-01 1.796738e+02
      vertex   0.000000e+00 -5.029785e-01 1.796738e+02
      vertex   3.000000e+00 -6.737547e-01 1.795030e+02
    endloop
  endfacet
  facet normal 5.233642e-16 -7.071068e-01 7.071068e-01
    outer loop
      vertex   3.000000e+00 -6.737547e-01 1.795030e+02
      vertex   0.000000e+00 -5.029785e-01 1.796738e+02
      vertex   0.000000e+00 -6.737547e-01 1.795030e+02
    endloop
  endfacet
  facet normal 4.564637e-16 -6.167189e-01 7.871835e-01
    outer loop
      vertex   3.000000e+00 -6.737547e-01 1.795030e+02
      vertex   0.000000e+00 -6.737547e-01 1.795030e+02
      vertex   3.000000e+00 -8.638705e-01 1.793540e+02
    endloop
  endfacet
  facet normal 1.232452e-15 -6.167189e-01 7.871835e-01
    outer loop
      vertex   3.000000e+00 -8.638705e-01 1.793540e+02
      vertex   0.000000e+00 -6.737547e-01 1.795030e+02
      vertex   0.000000e+00 -8.638705e-01 1.793540e+02
    endloop
  endfacet
  facet normal 1.033849e-15 -5.173378e-01 8.557813e-01
    outer loop
      vertex   3.000000e+00 -8.638705e-01 1.793540e+02
      vertex   0.000000e+00 -8.638705e-01 1.793540e+02
      vertex   3.000000e+00 -1.070554e+00 1.792291e+02
    endloop
  endfacet
  facet normal 6.892324e-16 -5.173378e-01 8.557813e-01
    outer loop
      vertex   3.000000e+00 -1.070554e+00 1.792291e+02
      vertex   0.000000e+00 -8.638705e-01 1.793540e+02
      vertex   0.000000e+00 -1.070554e+00 1.792291e+02
    endloop
  endfacet
  facet normal 5.467797e-16 -4.104128e-01 9.118998e-01
    outer loop
      vertex   3.000000e+00 -1.070554e+00 1.792291e+02
      vertex   0.000000e+00 -1.070554e+00 1.792291e+02
      vertex   3.000000e+00 -1.290790e+00 1.791300e+02
    endloop
  endfacet
  facet normal 4.252731e-16 -4.104128e-01 9.118998e-01
    outer loop
      vertex   3.000000e+00 -1.290790e+00 1.791300e+02
      vertex   0.000000e+00 -1.070554e+00 1.792291e+02
      vertex   0.000000e+00 -1.290790e+00 1.791300e+02
    endloop
  endfacet
  facet normal 3.082751e-16 -2.975031e-01 9.547209e-01
    outer loop
      vertex   3.000000e+00 -1.290790e+00 1.791300e+02
      vertex   0.000000e+00 -1.290790e+00 1.791300e+02
      vertex   3.000000e+00 -1.521369e+00 1.790581e+02
    endloop
  endfacet
  facet normal -1.541375e-16 -2.975031e-01 9.547209e-01
    outer loop
      vertex   3.000000e+00 -1.521369e+00 1.790581e+02
      vertex   0.000000e+00 -1.290790e+00 1.791300e+02
      vertex   0.000000e+00 -1.521369e+00 1.790581e+02
    endloop
  endfacet
  facet normal -9.339087e-17 -1.802550e-01 9.836199e-01
    outer loop
      vertex   3.000000e+00 -1.521369e+00 1.790581e+02
      vertex   0.000000e+00 -1.521369e+00 1.790581e+02
      vertex   3.000000e+00 -1.758927e+00 1.790146e+02
    endloop
  endfacet
  facet normal 1.334155e-17 -1.802550e-01 9.836199e-01
    outer loop
      vertex   3.000000e+00 -1.758927e+00 1.790146e+02
      vertex   0.000000e+00 -1.521369e+00 1.790581e+02
      vertex   0.000000e+00 -1.758927e+00 1.790146e+02
    endloop
  endfacet
  facet normal 4.468907e-18 -6.037850e-02 9.981756e-01
    outer loop
      vertex   3.000000e+00 -1.758927e+00 1.790146e+02
      vertex   0.000000e+00 -1.758927e+00 1.790146e+02
      vertex   0.000000e+00 -2.000000e+00 1.790000e+02
    endloop
  endfacet
  facet normal 0.000000e+00 -6.037850e-02 9.981756e-01
    outer loop
      vertex   0.000000e+00 -2.000000e+00 1.790000e+02
      vertex   6.000000e+00 -2.000000e+00 1.790000e+02
      vertex   3.000000e+00 -1.758927e+00 1.790146e+02
    endloop
  endfacet
  facet normal 0.000000e+00 -6.037850e-02 9.981756e-01
    outer loop
      vertex   3.000000e+00 -1.758927e+00 1.790146e+02
      vertex   6.000000e+00 -2.000000e+00 1.790000e+02
      vertex   6.000000e+00 -1.758927e+00 1.790146e+02
    endloop
  endfacet
  facet normal 0.000000e+00 -1.802550e-01 9.836199e-01
    outer loop
      vertex   3.000000e+00 -1.758927e+00 1.790146e+02
      vertex   6.000000e+00 -1.758927e+00 1.790146e+02
      vertex   3.000000e+00 -1.521369e+00 1.790581e+02
    endloop
  endfacet
  facet normal 9.339087e-17 -1.802550e-01 9.836199e-01
    outer loop
      vertex   3.000000e+00 -1.521369e+00 1.790581e+02
      vertex   6.000000e+00 -1.758927e+00 1.790146e+02
      vertex   6.000000e+00 -1.521369e+00 1.790581e+02
    endloop
  endfacet
  facet normal 1.541375e-16 -2.975031e-01 9.547209e-01
    outer loop
      vertex   3.000000e+00 -1.521369e+00 1.790581e+02
      vertex   6.000000e+00 -1.521369e+00 1.790581e+02
      vertex   3.000000e+00 -1.290790e+00 1.791300e+02
    endloop
  endfacet
  facet normal -2.862554e-16 -2.975031e-01 9.547209e-01
    outer loop
      vertex   3.000000e+00 -1.290790e+00 1.791300e+02
      vertex   6.000000e+00 -1.521369e+00 1.790581e+02
      vertex   6.000000e+00 -1.290790e+00 1.791300e+02
    endloop
  endfacet
  facet normal -3.948964e-16 -4.104128e-01 9.118998e-01
    outer loop
      vertex   3.000000e+00 -1.290790e+00 1.791300e+02
      vertex   6.000000e+00 -1.290790e+00 1.791300e+02
      vertex   3.000000e+00 -1.070554e+00 1.792291e+02
    endloop
  endfacet
  facet normal -5.467797e-16 -4.104128e-01 9.118998e-01
    outer loop
      vertex   3.000000e+00 -1.070554e+00 1.792291e+02
      vertex   6.000000e+00 -1.290790e+00 1.791300e+02
      vertex   6.000000e+00 -1.070554e+00 1.792291e+02
    endloop
  endfacet
  facet normal -6.892324e-16 -5.173378e-01 8.557813e-01
    outer loop
      vertex   3.000000e+00 -1.070554e+00 1.792291e+02
      vertex   6.000000e+00 -1.070554e+00 1.792291e+02
      vertex   3.000000e+00 -8.638705e-01 1.793540e+02
    endloop
  endfacet
  facet normal -9.955579e-16 -5.173378e-01 8.557813e-01
    outer loop
      vertex   3.000000e+00 -8.638705e-01 1.793540e+02
      vertex   6.000000e+00 -1.070554e+00 1.792291e+02
      vertex   6.000000e+00 -8.638705e-01 1.793540e+02
    endloop
  endfacet
  facet normal -1.186806e-15 -6.167189e-01 7.871835e-01
    outer loop
      vertex   3.000000e+00 -8.638705e-01 1.793540e+02
      vertex   6.000000e+00 -8.638705e-01 1.793540e+02
      vertex   3.000000e+00 -6.737547e-01 1.795030e+02
    endloop
  endfacet
  facet normal -4.108173e-16 -6.167189e-01 7.871835e-01
    outer loop
      vertex   3.000000e+00 -6.737547e-01 1.795030e+02
      vertex   6.000000e+00 -8.638705e-01 1.793540e+02
      vertex   6.000000e+00 -6.737547e-01 1.795030e+02
    endloop
  endfacet
  facet normal -4.710277e-16 -7.071068e-01 7.071068e-01
    outer loop
      vertex   3.000000e+00 -6.737547e-01 1.795030e+02
      vertex   6.000000e+00 -6.737547e-01 1.795030e+02
      vertex   3.000000e+00 -5.029785e-01 1.796738e+02
    endloop
  endfacet
  facet normal -3.925231e-16 -7.071068e-01 7.071068e-01
    outer loop
      vertex   3.000000e+00 -5.029785e-01 1.796738e+02
      vertex   6.000000e+00 -6.737547e-01 1.795030e+02
      vertex   6.000000e+00 -5.029785e-01 1.796738e+02
    endloop
  endfacet
  facet normal -4.369746e-16 -7.871835e-01 6.167189e-01
    outer loop
      vertex   3.000000e+00 -5.029785e-01 1.796738e+02
      vertex   6.000000e+00 -5.029785e-01 1.796738e+02
      vertex   3.000000e+00 -3.540323e-01 1.798639e+02
    endloop
  endfacet
  facet normal -1.019607e-15 -7.871835e-01 6.167189e-01
    outer loop
      vertex   3.000000e+00 -3.540323e-01 1.798639e+02
      vertex   6.000000e+00 -5.029785e-01 1.796738e+02
      vertex   6.000000e+00 -3.540323e-01 1.798639e+02
    endloop
  endfacet
  facet normal -1.108459e-15 -8.557813e-01 5.173378e-01
    outer loop
      vertex   3.000000e+00 -3.540323e-01 1.798639e+02
      vertex   6.000000e+00 -3.540323e-01 1.798639e+02
      vertex   3.000000e+00 -2.290879e-01 1.800706e+02
    endloop
  endfacet
  facet normal -1.187635e-15 -8.557813e-01 5.173378e-01
    outer loop
      vertex   3.000000e+00 -2.290879e-01 1.800706e+02
      vertex   6.000000e+00 -3.540323e-01 1.798639e+02
      vertex   6.000000e+00 -2.290879e-01 1.800706e+02
    endloop
  endfacet
  facet normal -1.265515e-15 -9.118998e-01 4.104128e-01
    outer loop
      vertex   3.000000e+00 -2.290879e-01 1.800706e+02
      vertex   6.000000e+00 -2.290879e-01 1.800706e+02
      vertex   3.000000e+00 -1.299675e-01 1.802908e+02
    endloop
  endfacet
  facet normal -1.434251e-15 -9.118998e-01 4.104128e-01
    outer loop
      vertex   3.000000e+00 -1.299675e-01 1.802908e+02
      vertex   6.000000e+00 -2.290879e-01 1.800706e+02
      vertex   6.000000e+00 -1.299675e-01 1.802908e+02
    endloop
  endfacet
  facet normal -1.501600e-15 -9.547209e-01 2.975031e-01
    outer loop
      vertex   3.000000e+00 -1.299675e-01 1.802908e+02
      vertex   6.000000e+00 -1.299675e-01 1.802908e+02
      vertex   3.000000e+00 -5.811637e-02 1.805214e+02
    endloop
  endfacet
  facet normal -1.766588e-16 -9.547209e-01 2.975031e-01
    outer loop
      vertex   3.000000e+00 -5.811637e-02 1.805214e+02
      vertex   6.000000e+00 -1.299675e-01 1.802908e+02
      vertex   6.000000e+00 -5.811637e-02 1.805214e+02
    endloop
  endfacet
  facet normal -1.820062e-16 -9.836199e-01 1.802550e-01
    outer loop
      vertex   3.000000e+00 -5.811637e-02 1.805214e+02
      vertex   6.000000e+00 -5.811637e-02 1.805214e+02
      vertex   3.000000e+00 -1.458225e-02 1.807589e+02
    endloop
  endfacet
  facet normal -5.460187e-16 -9.836199e-01 1.802550e-01
    outer loop
      vertex   3.000000e+00 -1.458225e-02 1.807589e+02
      vertex   6.000000e+00 -5.811637e-02 1.805214e+02
      vertex   6.000000e+00 -1.458225e-02 1.807589e+02
    endloop
  endfacet
  facet normal -5.540987e-16 -9.981756e-01 6.037850e-02
    outer loop
      vertex   3.000000e+00 -1.458225e-02 1.807589e+02
      vertex   6.000000e+00 -1.458225e-02 1.807589e+02
      vertex   6.000000e+00 -9.992007e-15 1.810000e+02
    endloop
  endfacet
  facet normal 0.000000e+00 -1.000000e+00 5.405033e-16
    outer loop
      vertex   0.000000e+00 0.000000e+00 2.000000e+02
      vertex   0.000000e+00 -1.026956e-14 1.810000e+02
      vertex   6.000000e+00 0.000000e+00 2.000000e+02
    endloop
  endfacet
  facet normal 4.625929e-17 -1.000000e+00 5.258951e-16
    outer loop
      vertex   6.000000e+00 0.000000e+00 2.000000e+02
      vertex   0.000000e+00 -1.026956e-14 1.810000e+02
      vertex   6.000000e+00 -9.992007e-15 1.810000e+02
    endloop
  endfacet
endsolid
